Student ID,Current CGPA (0 10),No. of Backlogs,Active Backlogs,Attendance (%),Assignment Submission (%),Internal Marks (%),Lab Score (%),Daily Study Hours,Revision Frequency,Social Media (hrs/day),Phone During Study,Gaming (hrs/day),Online Learning (hrs/day),Online Certifications,Online Tuition (hrs/week),Sleep (hrs/day),Commute Time (min/day),Physical Activity (hrs/week),Predicted Performance
STU1307,7.99,0.0,0.0,96.0,95.5,93.9,77.4,6.5,weekly,1.9,keep away,0.3,2.6,2.0,3.0,6.9,29.0,6.0,Good
STU3629,4.97,3.0,2.0,48.2,22.7,45.8,29.2,1.1,Never,6.7,Actively Use,1.5,0.7,0.0,0.1,4.4,43.0,1.4,At-Risk
STU6974,7.67,0.0,0.0,94.7,99.8,85.4,72.7,6.6,Daily,0.4,Keep Away,NaN,1.9,3.0,4.2,8.9,23.0,6.2,Good
STU0102,7.91,0.0,0.0,95.5,94.0,77.0,72.5,6.8,Weekly,1.2,Silent,0.3,2.9,5.0,3.8,8.0,28.0,6.8,Good
STU0516,4.48,2.0,1.0,31.1,23.6,45.8,21.7,1.7,MONTHLY,7.0,NaN,2.2,NaN,1.0,0.3,6.0,85.0,1.3,At-Risk
STU0141,8.37,0.0,0.0,98.6,95.0,96.0,72.5,NaN,WEEKLY,1.9,KEEP AWAY,0.5,2.2,6.0,NaN,7.3,16.0,5.0,Good
STU5751,5.51,2.0,2.0,63.8,66.9,47.2,51.8,2.2,Monthly,3.1,Actively Use,0.9,NaN,1.0,1.7,7.4,15.0,NaN,At-Risk
STU5919,8.87,0.0,0.0,95.4,90.4,89.9,NaN,5.1,Daily,1.9,Silent,0.3,2.9,3.0,3.0,8.4,NaN,6.2,Good
STU0595,6.15,1.0,1.0,73.4,67.9,56.3,61.7,2.1,WEEKLY,2.9,Keep Away,1.6,1.4,0.0,2.9,7.3,52.0,1.4,Average
STU6782,7.9,0.0,0.0,98.4,88.3,NaN,87.3,6.8,Weekly,1.9,Keep Away,0.4,2.4,5.0,6.4,9.0,21.0,3.2,Good
STU6806,9.77,0.0,0.0,78.0,86.2,97.4,86.6,6.3,weekly,NaN,Silent,0.7,2.7,5.0,6.9,8.2,3.0,5.8,Good
STU3243,4.53,NaN,2.0,46.8,48.1,39.8,24.8,0.9,never,6.6,Actively Use,2.7,0.4,0.0,1.5,4.0,68.0,1.4,At-Risk
STU1431,8.87,0.0,0.0,91.5,93.4,99.6,96.5,8.0,Daily,1.3,Keep Away,1.0,NaN,3.0,4.4,8.0,18.0,4.0,Good
STU5087,7.2,1.0,1.0,66.5,75.9,62.7,49.8,2.1,monthly,2.6,Actively Use,0.9,1.3,0.0,2.8,6.0,23.0,2.2,At-Risk
STU2164,8.36,0.0,0.0,89.4,94.8,91.0,NaN,7.1,Weekly,0.9,keep away,0.3,1.1,4.0,NaN,NaN,5.0,6.0,Good
STU4571,5.56,2.0,1.0,64.5,81.7,58.8,59.3,3.0,WEEKLY,2.7,Silent,1.3,0.6,0.0,3.9,6.2,21.0,NaN,At-Risk
STU5074,6.34,2.0,2.0,72.8,85.4,58.0,54.9,3.6,Monthly,3.0,Actively Use,0.8,0.7,2.0,1.8,NaN,53.0,3.8,At-Risk
STU1385,8.0,0.0,0.0,88.2,88.6,83.0,77.5,3.8,Daily,1.4,Keep Away,0.3,1.4,3.0,4.6,7.2,9.0,6.8,Good
STU4356,7.98,0.0,NaN,87.3,93.7,82.6,82.8,6.7,Weekly,1.3,Keep Away,0.6,2.8,6.0,8.0,8.0,19.0,4.4,Good
STU5688,9.51,0.0,0.0,98.9,89.3,80.0,79.4,5.0,Daily,NaN,Keep Away,0.8,1.7,3.0,NaN,7.9,21.0,3.7,Good
STU1525,7.16,2.0,1.0,58.5,80.8,57.9,58.3,2.7,Monthly,3.6,actively use,1.5,NaN,1.0,3.9,6.2,45.0,3.2,At-Risk
STU1344,9.84,0.0,NaN,82.8,87.8,77.5,97.6,6.5,Daily,0.6,SILENT,NaN,2.0,4.0,5.6,8.9,27.0,4.5,Good
STU5383,8.0,0.0,0.0,95.3,91.6,72.5,96.1,7.9,weekly,-0.0,Silent,0.3,2.6,6.0,5.9,9.0,NaN,6.7,Good
STU0696,5.05,4.0,3.0,44.0,28.3,34.0,45.9,1.2,Monthly,7.2,Silent,1.1,NaN,1.0,1.3,6.5,116.0,0.1,At-Risk
STU5046,8.76,0.0,0.0,88.2,93.0,91.7,84.6,5.4,Daily,0.4,SILENT,0.4,1.4,4.0,5.1,8.6,22.0,6.9,Good
STU1975,7.64,0.0,0.0,94.6,91.0,75.3,86.7,7.6,Weekly,1.5,Keep Away,0.5,NaN,2.0,6.7,8.9,5.0,3.8,Good
STU5876,9.75,0.0,0.0,95.0,NaN,99.7,87.5,6.2,DAILY,0.7,Keep Away,0.1,1.3,5.0,NaN,7.7,17.0,4.5,Good
STU2944,9.33,0.0,0.0,74.3,84.5,69.4,NaN,5.9,weekly,1.1,Keep Away,1.0,1.7,2.0,3.3,7.5,4.0,6.6,Good
STU1907,9.19,0.0,0.0,90.7,97.7,89.4,72.2,7.2, Weekly ,1.4,Silent,1.0,2.4,5.0,6.4,13.8,NaN,NaN,Good
STU7364,8.51,0.0,0.0,91.3,88.4,79.3,101.7,4.8,Daily,2.0,Keep Away,0.9,2.4,6.0,5.9,7.0,21.0,5.5,Good
STU4426,6.76,1.0,1.0,NaN,79.8,65.6,70.8,3.6,weekly,3.8, Silent ,1.3,1.2,1.0,2.4,6.6,25.0,1.9,Average
STU3003,5.17,5.0,2.0,40.6,57.6,37.9,22.8,1.1,Monthly,7.8,Actively Use,3.3,0.0,1.0,1.9,14.0,67.0,1.4,At-Risk
STU3751,8.32,0.0,0.0,NaN,100.4,95.7,77.8,6.8,Weekly,0.9,Silent,0.8,NaN,4.0,6.2,8.4,26.0,6.0,Good
STU6516,6.65,2.0,2.0,69.4,87.6,50.0,NaN,3.6,Monthly,3.1,Actively Use,0.9,1.3,2.0,3.7,7.3,25.0,2.5,Average
STU2719,9.17,0.0,0.0,81.5,86.1,100.4,78.7,7.1,Daily,0.8,keep away,0.9,NaN,5.0,3.2,8.5,26.0,3.7,Good
STU5648,8.75,0.0,0.0,91.0,NaN,68.6,77.0,4.2,weekly,0.5,Keep Away,0.5,2.3,3.0,3.7,7.5,13.0,6.2,Good
STU4472,9.11,0.0,0.0,78.2,87.1,90.3,83.7,5.9,Weekly,2.0,Keep Away,NaN,2.2,5.0,4.9,8.3,1.0,3.1,Good
STU1243,6.93,1.0,1.0,70.2,72.6,59.6,51.4,2.4,Weekly,2.6,silent,1.3,1.2,1.0,2.8,6.9,19.0,NaN,Average
STU2739,10.0,0.0,0.0,85.9,89.1,89.8,96.3,6.0,Weekly,0.9,Keep Away,0.1,1.8,4.0,NaN,7.6,16.0,6.5,Good
STU1164,7.7,0.0,0.0,85.9,95.5,78.9,77.6,6.4,Daily,2.0,Keep Away,0.0,NaN,5.0,6.6,8.8,10.0,6.7,Good
STU4584,9.34,0.0,0.0,94.7,94.5,92.2,73.2,3.8,NaN,1.7,Keep Away,0.3,2.8,6.0,5.7,8.1,5.0,6.1,Good
STU5248,8.83,0.0,0.0,88.6,92.2,91.9,71.5,4.2,Weekly,0.4,Silent,0.5,1.6,2.0,4.1,8.9,22.0,3.1,Good
STU1189,8.24,0.0,0.0,99.2,86.9,75.4,78.2,7.2,Weekly,NaN,Silent,0.8,2.5,5.0,4.0,9.1,15.0,3.2,Good
STU4904,7.19,1.0,1.0,55.9,74.2,61.4,69.0,4.1,Monthly,2.8,NaN,1.4,1.4,1.0,3.2,NaN,47.0,3.7,Average
STU2205,7.8,0.0,0.0,100.1,90.7,74.5,NaN,4.1,Weekly,1.4,silent,0.6,1.2,2.0,4.7,7.2,3.0,5.4,Good
STU0748,8.89,0.0,0.0,93.6,96.9,91.9,88.8,4.4,NaN,0.3,Keep Away,0.6,1.5,5.0,3.4,7.9,28.0,5.2,Good
STU2851,3.74,2.0,1.0,43.8,53.4,31.5,NaN,0.5,MONTHLY,6.6,Actively Use,NaN,NaN,1.0,0.1,NaN,92.0,0.1,At-Risk
STU0211,9.23,0.0,0.0,78.0,88.1,79.5,95.8,5.0,Daily,0.7,Keep Away,1.0,1.0,5.0,8.0,8.5,18.0,6.3,Good
STU7252,6.12,2.0,1.0,64.2,58.9,64.2,NaN,3.2,Weekly,2.2,Silent,1.6,1.4,0.0,2.4,6.1,35.0,3.8,Average
STU0184,4.15,5.0,3.0,52.3,NaN,29.3,49.6,0.5,ONLY BEFORE EXAM,5.2,ACTIVELY USE,1.2,0.7,1.0,1.8,4.7,71.0,1.7,At-Risk
STU6100,8.66,0.0,0.0,75.8,99.1,71.6,73.2,7.7,Daily,NaN,Keep Away,0.8,1.9,4.0,5.2,8.7,4.0,7.0,Good
STU4973,8.91,0.0,0.0,89.5,88.9,96.0,97.7,7.3, Daily ,0.5,Keep Away,0.7,1.5,2.0,3.9,NaN,25.0,6.8,Good
STU4914,7.93,0.0,0.0,73.9,92.0,94.3,98.5,4.4,Weekly,1.8,Silent,0.4,1.3,6.0,4.0,8.8,13.0,6.2,Good
STU3760,3.79,3.0,2.0,33.8,40.0,NaN,21.8,1.8,NaN,7.8,Actively Use,4.9,0.7,1.0,1.5,6.4,101.0,1.3,At-Risk
STU1071,9.64,0.0,0.0,89.4,90.3,72.7,87.6,5.1,NaN,NaN,Silent,0.9,1.2,NaN,5.6,7.5,26.0,4.6,Good
STU6511,7.88,0.0,0.0,91.1,93.7,70.9,79.6,7.7, Daily ,1.4,NaN,0.1,2.1,5.0,6.2,8.8,21.0,5.9,Good
STU6056,6.8,1.0,1.0,58.7,79.0,66.2,52.5,2.2,Monthly,2.5,silent,0.7,1.2,0.0,4.0,7.4,35.0,1.7,Average
STU5399,7.44,1.0,1.0,63.9,85.9,52.7,64.1,3.0,Weekly,4.1,Silent,1.1,NaN,0.0,3.5,6.1,22.0,NaN,Average
STU3622,8.04,0.0,0.0,100.6,96.4,93.1,72.1,6.2,Daily,NaN,Keep Away,0.3,1.3,4.0,NaN,8.8,15.0,4.9,Good
STU6771,9.48,0.0,NaN,84.6,92.9,88.9,97.3,5.4,Weekly,1.5,NaN,0.7,2.7,6.0,6.0,7.9,14.0,3.2,Good
STU1512,6.32,2.0,2.0,66.8,69.3,63.6,68.7,3.9,Monthly,2.6,Actively Use,1.8,0.8,0.0,1.9,7.4,31.0,1.9,At-Risk
STU0446,9.53,NaN,0.0,99.5,87.9,76.0,99.7,6.4,Weekly,-0.3,Keep Away,0.3,1.9,6.0,6.5,8.6,14.0,7.0,Good
STU3434,4.08,2.0,2.0,115.6,50.3,30.8,44.4,0.9,Never,NaN,SILENT,NaN,NaN,1.0,0.5,NaN,103.0,1.6,At-Risk
STU0579,8.29,0.0,0.0,96.8,92.8,77.6,95.8,7.3,Weekly,1.0,Keep Away,0.0,2.1,3.0,6.8,7.2,11.0,3.9,Good
STU4943,9.23,0.0,0.0,96.9,87.1,71.5,79.4,NaN,Daily,1.6,Silent,0.8,1.8,NaN,8.0,7.7,27.0,6.2,Good
STU1325,6.52,1.0,1.0,NaN,NaN,60.4,67.3,3.0, Weekly ,2.5,ACTIVELY USE,1.1,1.2,0.0,3.7,NaN,46.0,1.2,At-Risk
STU4906,8.09,0.0,0.0,98.8,97.8,85.5,88.3,7.3,WEEKLY,-0.0,Keep Away,0.4,NaN,3.0,7.5,8.5,16.0,4.4,Good
STU0763,9.33,0.0,0.0,82.3,87.5,84.5,81.6,6.3,Daily,1.3,KEEP AWAY,0.5,1.3,2.0,5.5,NaN,12.0,3.5,Good
STU2499,3.31,4.0,1.0,47.1,30.3,41.7,28.9,0.9,Never,7.2,Actively Use,4.0,0.2,1.0,1.2,6.0,41.0,0.2,At-Risk
STU2968,6.24,1.0,1.0,61.2,63.5,NaN,61.8,3.4,Weekly,2.6,keep away,0.7,0.8,2.0,1.3,7.9,55.0,3.6,Average
STU5960,9.37,0.0,0.0,83.8,100.2,92.6,72.6,6.0,DAILY,1.9,Keep Away,0.8,2.9,NaN,7.3,7.7,12.0,3.7,Good
STU1458,7.24,2.0,1.0,62.7,72.5,61.9,67.9,3.8,Weekly,3.7,Silent,0.5,1.4,0.0,1.2,6.5,35.0,2.5,Average
STU1290,9.35,0.0,0.0,94.8,85.3,90.5,88.6,4.3,Daily,1.0,Keep Away,0.1,2.5,6.0,5.7,9.0,12.0,3.7,Good
STU0564,NaN,0.0,0.0,91.5,103.7,81.2,NaN,4.5,Weekly,0.5,Keep Away,0.3,2.6,3.0,7.5,9.0,16.0,3.9,Good
STU0276,8.58,0.0,0.0,100.6,91.8,83.2,78.1,5.4,Daily,0.4,Keep Away,0.1,1.7,6.0,5.3,8.4,1.0,5.6,Good
STU3778,9.81,0.0,0.0,86.7,88.8,89.8,83.1,7.7,Weekly,0.4,Silent,0.7,2.4,5.0,7.9,8.1,30.0,6.5,Good
STU4241,9.72,0.0,0.0,80.3,100.3,94.1,83.8,6.8,Weekly,1.0,Silent,0.6,2.2,4.0,6.2,7.3,19.0,5.5,Good
STU4152,NaN,0.0,0.0,83.9,88.0,89.2,76.1,5.9,Weekly,0.5,Keep Away,0.2,1.5,3.0,3.1,8.3,5.0,4.2,Good
STU1096,5.38,3.0,1.0,NaN,37.6,22.3,23.7,1.0,Only Before Exam,7.7,Actively Use,3.4,0.7,0.0,1.5,4.7,57.0,0.1,At-Risk
STU0388,9.26,0.0,0.0,95.3,96.8,79.4,94.3,4.7,Weekly,0.4,Silent,0.7,2.0,2.0,7.2,7.9,26.0,3.7,Good
STU2608,4.76,5.0,1.0,NaN,29.6,46.6,33.5,0.9,Only Before Exam,5.7,Actively Use,4.5,1.0,0.0,1.5,3.9,58.0,0.3,At-Risk
STU0841,NaN,4.0,3.0,44.0,46.5,36.4,23.2,1.1,NEVER,6.8, Actively Use ,2.7,0.8,1.0,0.5,4.7,86.0,0.3,At-Risk
STU3668,3.15,3.0,1.0,40.1,35.5,NaN,32.7,1.4,Never,NaN, Actively Use ,1.9,NaN,0.0,NaN,4.5,97.0,0.4,At-Risk
STU5441,6.49,1.0,1.0,59.8,74.7,53.8,66.1,2.6,MONTHLY,3.9,Actively Use,1.0,0.7,0.0,NaN,7.3,35.0,2.6,At-Risk
STU3116,7.51,0.0,0.0,83.0,91.0,88.5,85.7,6.1,Daily,0.7,keep away,0.9,1.8,6.0,4.1,8.2,3.0,6.0,Good
STU0781,8.8,0.0,0.0,97.1,91.2,78.0,79.4,6.1,Daily,1.1,Silent,0.8,2.6,4.0,5.9,8.5,20.0,3.8,Good
STU5058,6.8,2.0,2.0,56.7,82.2,56.7,53.0,3.5,WEEKLY,2.8,keep away,0.5,1.3,0.0,2.3,7.5,24.0,3.3,Average
STU0742,9.95,0.0,NaN,87.6,85.7,73.7,79.9,6.3,Daily,0.0,silent,0.9,1.7,4.0,7.6,8.5,NaN,6.0,Good
STU0913,3.85,4.0,3.0,49.1,20.5,46.0,27.6,NaN,NEVER,3.8,NaN,4.1,0.2,1.0,0.2,6.6,99.0,1.7,At-Risk
STU2718,9.66,0.0,0.0,90.6,96.1,81.5,85.3,7.8,Daily,0.8,Silent,0.7,1.3,5.0,3.6,8.6,19.0,6.4,Good
STU6444,9.52,0.0,0.0,78.2,93.0,97.8,87.6,7.8,Daily,2.0,Keep Away,0.3,2.7,4.0,5.9,8.1,8.0,6.1,Good
STU4461,6.17,2.0,2.0,71.8,74.9,63.2,62.2,2.5,Weekly,3.0,keep away,1.4,0.8,1.0,3.4,6.6,24.0,1.2,At-Risk
STU5903,7.29,1.0,1.0,57.6,70.6,62.6,50.2,3.6,Weekly,3.4, Actively Use ,1.3,0.7,0.0,1.3,6.4,22.0,3.3,At-Risk
STU6181,6.32,NaN,1.0,52.2,82.3,60.9,56.6,NaN,Weekly,NaN,Actively Use,0.7,1.1,0.0,1.9,7.6,40.0,3.8,Average
STU6037,5.61,2.0,2.0,72.4,79.1,65.4,63.2,3.6,NaN,NaN,Actively Use,NaN,0.7,1.0,2.4,5.9,56.0,1.9,At-Risk
STU5276,9.71,0.0,0.0,92.7,98.9,72.0,70.2,5.6,Daily,1.1, Keep Away ,NaN,1.9,6.0,7.7,8.6,1.0,3.4,Good
STU1750,4.67,4.0,4.0,42.6,46.3,19.5,41.9,0.2,Only Before Exam,5.4,Silent,1.6,0.8,0.0,0.6,5.3,NaN,NaN,At-Risk
STU6830,8.78,0.0,0.0,84.9,90.6,102.5,99.6,7.1,Weekly,0.7,keep away,0.5,2.4,2.0,5.0,8.1,15.0,3.6,Good
STU1435,6.98,1.0,1.0,75.0,78.3,51.9,63.7,2.2,weekly,3.4,Keep Away,1.1,0.6,2.0,3.6,7.2,25.0,2.1,Average
STU0135,8.08,0.0,0.0,90.0,99.0,88.8,86.2,5.3,Daily,0.4,KEEP AWAY,0.7,3.0,4.0,6.3,8.1,10.0,5.9,Good
STU4812,8.11,0.0,0.0,77.0,85.8,84.8,NaN,6.3,Daily,1.7,Keep Away,0.9,1.2,6.0,3.4,7.4,19.0,NaN,Good
STU6760,9.31,0.0,0.0,83.1,97.7,73.5,88.9,7.6,DAILY,0.1,Keep Away,0.5,1.5,2.0,4.0,7.4,24.0,6.6,Good
STU5380,6.93,2.0,1.0,66.2,80.7,65.9,66.2,3.1,Weekly,4.0, Keep Away ,0.6,0.7,1.0,3.4,7.7,NaN,3.5,Average
STU2303,6.64,2.0,1.0,60.2,71.8,63.2,51.1,2.4,Monthly,2.3,SILENT,0.7,1.5,0.0,2.1,7.2,23.0,3.2,Average
STU0025,8.22,0.0,0.0,89.6,84.7,68.7,94.3,5.4,Daily,0.4,Keep Away,0.5,2.5,5.0,4.1,8.0,19.0,3.3,Good
STU6575,9.41,0.0,0.0,93.2,85.3,94.1,94.1,7.2,Weekly,0.8,Silent,0.9,1.7,6.0,3.0,7.2,26.0,3.4,Good
STU3568,8.63,0.0,0.0,86.3,97.2,85.0,NaN,6.0,DAILY,0.7,Silent,0.6,1.4,4.0,NaN,8.3,24.0,4.6,Good
STU6369,6.73,2.0,1.0,63.5,72.4,54.0,61.9,4.0,Weekly,3.3,Silent,1.1,1.5,1.0,2.1,6.5,49.0,3.9,Average
STU5712,6.58,2.0,2.0,68.0,64.4,64.4,58.0,2.4,Monthly,2.6,Silent,0.6,1.4,1.0,2.4,6.2,16.0,1.8,At-Risk
STU1436,3.08,4.0,3.0,41.1,57.5,NaN,48.9,0.2,ONLY BEFORE EXAM,5.7,Actively Use,NaN,0.5,1.0,0.2,5.6,52.0,1.2,At-Risk
STU2715,NaN,5.0,2.0,54.5,23.7,46.2,44.1,0.8,never,3.0,Actively Use,1.0,0.2,1.0,NaN,5.4,113.0,1.2,At-Risk
STU1119,5.66,1.0,1.0,74.0,82.6,64.4,66.3,2.5,Monthly,4.1,Silent,1.5,NaN,0.0,3.4,6.6,36.0,NaN,At-Risk
STU6793,6.57,1.0,1.0,70.6,83.0,60.1,68.1,2.6,Weekly,2.4,actively use,1.5,1.4,1.0,1.1,7.5,35.0,1.1,Average
STU0460,8.15,0.0,0.0,85.4,89.1,98.6,97.0,6.9,Weekly,0.3,SILENT,0.8,2.6,3.0,6.8,7.1,24.0,5.6,Good
STU0626,4.36,5.0,2.0,51.1,24.0,22.7,35.0,1.9,Monthly,5.0,Actively Use,2.3,0.6,NaN,NaN,6.5,71.0,2.0,At-Risk
STU2659,4.61,3.0,1.0,34.2,28.3,46.6,NaN,0.5,Monthly,5.8,Actively Use,NaN,0.3,1.0,0.4,6.8,77.0,0.9,At-Risk
STU4048,9.4,0.0,0.0,80.6,94.5,88.9,79.9,6.4,Weekly,1.4,Keep Away,0.2,2.2,5.0,6.7,7.7,7.0,3.6,Good
STU1964,8.78,0.0,0.0,81.1,91.1,81.2,99.0,7.6,Daily,NaN, Silent ,0.9,1.7,4.0,6.3,8.9,8.0,4.6,Good
STU5510,9.33,0.0,0.0,88.5,93.0,79.6,88.5,NaN,Daily,0.2,Silent,0.8,2.4,5.0,6.4,7.4,18.0,5.7,Good
STU2932,3.59,3.0,3.0,38.0,32.0,34.6,47.0,1.2,ONLY BEFORE EXAM,4.1,Silent,4.5,NaN,1.0,0.4,5.1,43.0,1.6,At-Risk
STU6439,8.66,0.0,0.0,76.9,NaN,93.2,77.1,4.9,Daily,0.3,Silent,NaN,2.1,4.0,7.1,NaN,4.0,6.9,Good
STU1555,7.85,0.0,0.0,92.8,91.0,78.3,99.0,7.1,Daily,1.4,Silent,0.6,2.7,5.0,6.8,8.2,22.0,6.8,Good
STU6920,8.95,0.0,0.0,96.5,95.9,81.9,75.8,NaN, Daily ,2.0,Keep Away,0.4,1.3,5.0,6.0,7.2,27.0,5.4,Good
STU6263,6.85,2.0,1.0,71.2,77.3,68.0,60.2,3.4,Weekly,3.4,Actively Use,0.5,0.5,2.0,1.4,7.0,39.0,2.3,Average
STU2548,8.25,0.0,0.0,88.9,96.5,73.9,86.6,7.2,Weekly,1.5,KEEP AWAY,0.7,2.5,2.0,3.3,NaN,28.0,6.1,Good
STU2200,5.41,2.0,1.0,30.6,57.6,46.7,35.1,1.7,Never,6.4,Actively Use,1.9,0.3,0.0,1.0,6.0,98.0,NaN,At-Risk
STU2293,3.03,3.0,1.0,40.3,40.2,22.9,40.4,1.9,Monthly,4.7,actively use,2.4,0.3,1.0,1.8,4.0,40.0,0.9,At-Risk
STU0057,3.2,2.0,2.0,NaN,36.1,45.2,24.4,0.7,Monthly,7.8,NaN,4.5,0.8,0.0,0.5,4.4,114.0,1.3,At-Risk
STU5403,8.78,0.0,0.0,79.6,96.5,80.4,72.6,NaN,Daily,0.7,Keep Away,0.8,1.6,5.0,5.5,NaN,27.0,5.2,Good
STU6779,7.53,0.0,0.0,98.2,93.9,82.9,74.4,7.3,Daily,0.5,Silent,0.6,2.0,6.0,4.3,NaN,10.0,4.2,Good
STU2159,8.47,0.0,0.0,98.3,86.1,72.4,81.6,5.3,Weekly,1.6,NaN,0.0,2.3,4.0,3.7,8.6,25.0,6.1,Good
STU5556,8.85,0.0,0.0,85.1,NaN,78.0,94.9,7.2,DAILY,NaN,NaN,0.1,2.5,2.0,4.7,8.2,27.0,NaN,Good
STU0080,9.68,0.0,0.0,90.6,95.1,87.3,73.1,7.5,Daily,0.8,Keep Away,0.4,2.0,2.0,3.2,7.1,21.0,6.0,Good
STU1168,9.48,NaN,0.0,96.3,87.6,86.8,89.3,8.1, Daily ,1.5,silent,0.9,1.5,NaN,6.9,7.5,23.0,3.8,Good
STU4511,7.04,2.0,1.0,67.1,64.2,69.6,62.6,3.2,WEEKLY,3.5,SILENT,NaN,0.7,0.0,1.2,6.8,35.0,2.7,At-Risk
STU5989,9.19,0.0,0.0,78.0,92.8,76.6,69.9,6.9,Daily,0.0,Keep Away,0.2,1.7,4.0,3.7,8.9,22.0,5.5,Good
STU1901,7.52,0.0,0.0,95.4,96.5,92.0,93.5,6.3,Weekly,0.9,KEEP AWAY,NaN,1.6,5.0,7.0,7.8,30.0,NaN,Good
STU2285,5.56,2.0,1.0,61.8,74.9,51.6,62.4,2.9,Monthly,3.4,Actively Use,0.5,1.3,2.0,NaN,6.8,49.0,3.9,Average
STU2336,8.61,0.0,0.0,97.0,89.3,87.1,99.8,7.2,Weekly,0.6,Keep Away,0.3,1.7,2.0,7.6,9.2,27.0,6.1,Good
STU2092,6.21,2.0,2.0,59.4,NaN,56.7,59.4,4.0,Weekly,3.2,Keep Away,1.8,0.7,2.0,3.7,7.2,42.0,1.1,Average
STU6737,4.6,4.0,3.0,36.3,26.4,22.9,53.2,0.3,Only Before Exam,7.1,Actively Use,4.3,0.2,0.0,0.8,6.5,71.0,1.4,At-Risk
STU5636,5.57,2.0,2.0,74.7,68.5,54.3,59.7,3.6,MONTHLY,2.4,Keep Away,0.9,1.5,2.0,3.6,6.4,60.0,2.7,Average
STU2271,3.0,3.0,2.0,54.0,22.7,48.3,25.6,1.1,Never,8.1,Silent,1.6,0.4,0.0,NaN,4.3,63.0,1.4,At-Risk
STU1516,NaN,0.0,0.0,77.8,82.3,75.1,80.6,4.2,Daily,0.3,Keep Away,0.8,1.3,4.0,7.6,7.7,4.0,5.7,Good
STU1819,3.24,3.0,2.0,45.2,59.6,48.1,18.4,1.7,ONLY BEFORE EXAM,4.8,ACTIVELY USE,1.3,0.3,0.0,0.6,5.6,61.0,1.3,At-Risk
STU7153,9.97,0.0,0.0,88.5,87.0,83.7,100.1,7.4,Daily,0.6,keep away,0.4,2.7,2.0,7.5,8.8,26.0,6.8,Good
STU4409,5.23,2.0,2.0,33.5,22.1,33.8,50.3,1.6,Never,4.6,Actively Use,NaN,0.0,1.0,0.9,4.8,54.0,0.1,At-Risk
STU1790,9.32,0.0,0.0,86.2,86.7,75.2,90.7,8.0,WEEKLY,1.0,Silent,0.5,1.6,4.0,4.3,7.0,10.0,4.1,Good
STU3830,4.93,2.0,2.0,42.0,54.0,25.7,40.2,0.5,Monthly,3.7,Actively Use,1.5,0.8,1.0,1.3,NaN,72.0,NaN,At-Risk
STU6355,8.64,0.0,0.0,90.3,98.1,72.4,92.0,7.4,Daily,0.5,Silent,0.2,1.7,3.0,3.4,8.1,29.0,5.6,Good
STU6173,8.99,0.0,0.0,89.8,92.9,88.2,72.2,5.7,Daily,0.3,Silent,0.8,1.1,6.0,4.4,NaN,24.0,NaN,Good
STU3640,9.33,0.0,0.0,91.7,91.9,74.2,77.2,7.3,Weekly,1.3,Silent,1.0,3.0,5.0,7.0,7.5,19.0,3.9,Good
STU3979,9.7,0.0,0.0,91.3,93.9,92.2,82.8,5.1,Weekly,0.2,SILENT,0.6,NaN,2.0,4.5,NaN,13.0,4.8,Good
STU3547,9.77,0.0,0.0,80.1,97.1,92.7,100.9,5.6,Weekly,1.3,Silent,NaN,1.1,3.0,3.2,NaN,27.0,4.2,Good
STU4814,5.56,1.0,1.0,68.3,80.5,59.4,53.4,3.8,weekly,2.4,silent,0.8,1.4,2.0,1.9,7.6,42.0,2.0,Average
STU0501,6.8,2.0,2.0,57.9,80.9,60.9,55.8,3.9,Monthly,3.0,Silent,0.6,1.1,2.0,1.8,7.6,56.0,3.5,Average
STU1277,7.91,0.0,0.0,78.3,87.6,97.8,73.1,5.2,Daily,1.5,silent,0.6,2.6,3.0,6.7,7.1,29.0,6.6,Good
STU2589,3.76,2.0,2.0,51.1,NaN,36.7,32.5,1.6,Only Before Exam,4.9,Silent,3.3,0.9,1.0,NaN,4.0,89.0,1.7,At-Risk
STU2941,7.77,NaN,0.0,91.4,102.3,96.7,97.6,6.8,Weekly,0.6,Keep Away,0.1,1.1,6.0,6.1,7.0,29.0,6.0,Good
STU1488,7.48,1.0,1.0,65.1,69.2,60.0,59.4,3.8, Weekly ,3.7,Silent,2.0,1.1,1.0,2.4,6.2,52.0,4.0,Average
STU2962,9.5,0.0,0.0,78.6,90.9,80.3,90.8,5.1,Weekly,-0.2,Silent,0.2,1.5,4.0,3.9,7.3,17.0,6.1,Good
STU6736,9.38,NaN,0.0,88.7,94.4,87.2,85.9,7.7,weekly,1.7,Keep Away,0.2,1.8,3.0,4.4,8.4,3.0,4.4,Good
STU1339,3.89,3.0,3.0,NaN,36.6,20.6,31.0,0.5,Only Before Exam,3.5,NaN,2.1,0.1,0.0,1.4,4.3,118.0,0.4,At-Risk
STU7144,3.69,5.0,3.0,29.2,38.1,49.9,33.9,1.6,NaN,NaN, Actively Use ,1.1,0.6,1.0,1.9,5.8,98.0,1.1,At-Risk
STU1618,4.94,3.0,1.0,37.9,24.6,29.7,35.9,0.8,Never,6.0,Actively Use,NaN,0.5,0.0,0.7,5.6,62.0,0.8,At-Risk
STU0562,7.37,1.0,1.0,62.4,63.8,57.4,69.8,NaN,Weekly,2.6,Silent,1.9,0.7,0.0,1.3,7.1,33.0,3.6,Average
STU1269,7.22,1.0,1.0,57.7,67.4,58.2,68.6,3.6,Weekly,4.1,Silent,1.9,0.5,2.0,1.1,6.4,15.0,2.0,Average
STU5506,6.61,2.0,2.0,61.7,61.9,61.4,64.2,3.6,WEEKLY,3.7,Silent,1.7,NaN,NaN,NaN,NaN,26.0,1.5,At-Risk
STU2784,7.3,2.0,1.0,61.2,57.0,70.6,59.3,2.7,Weekly,2.8,Keep Away,1.1,0.9,1.0,2.7,6.4,23.0,3.9,Average
STU0843,4.76,5.0,4.0,37.6,30.9,36.9,29.9,0.1,Monthly,4.2,Silent,1.1,NaN,0.0,1.0,4.2,40.0,0.3,At-Risk
STU3785,3.24,NaN,2.0,34.4,53.1,NaN,47.5,1.5,NaN,7.1,Silent,2.1,0.3,1.0,NaN,5.3,50.0,1.0,At-Risk
STU2095,3.71,4.0,4.0,31.9,40.9,51.5,38.5,1.3,Only Before Exam,3.6,Actively Use,1.6,0.5,1.0,1.9,5.3,117.0,1.8,At-Risk
STU5195,8.42,0.0,0.0,87.9,97.4,85.2,89.2,6.7,Daily,2.1,Silent,0.8,3.0,6.0,3.1,7.4,3.0,6.7,Good
STU3139,7.93,0.0,0.0,NaN,92.2,76.5,NaN,7.2,Weekly,1.5,SILENT,0.7,3.0,6.0,6.0,7.2,0.0,3.3,Good
STU5391,9.89,NaN,0.0,87.4,92.4,69.3,93.0,8.0,Daily,0.9,KEEP AWAY,0.8,NaN,3.0,6.9,8.5,10.0,NaN,Good
STU6646,7.71,0.0,0.0,78.6,88.9,78.1,96.9,NaN,Weekly,0.5,Keep Away,0.1,1.0,3.0,3.8,8.4,26.0,6.9,Good
STU4497,8.93,0.0,0.0,89.3,95.4,83.8,71.1,4.8,Daily,-0.1,silent,0.4,1.7,2.0,3.5,NaN,0.0,5.2,Good
STU2703,4.59,5.0,2.0,56.6,NaN,42.8,44.7,0.5,Never,6.2,Actively Use,3.4,0.6,1.0,NaN,4.7,71.0,0.6,At-Risk
STU0014,9.18,0.0,0.0,90.4,91.3,91.9,78.0,6.4,Weekly,0.9,Keep Away,0.5,1.2,3.0,7.2,7.6,21.0,3.7,Good
STU4712,8.2,0.0,0.0,93.1,90.9,101.1,80.6,4.1,Daily,1.9,keep away,NaN,2.3,3.0,4.9,8.3,12.0,5.4,Good
STU6365,5.5,1.0,1.0,69.3,69.3,67.3,62.5,3.3,weekly,2.9,Keep Away,0.9,0.6,0.0,2.3,6.1,28.0,3.7,Average
STU2433,3.13,3.0,3.0,33.9,35.4,42.1,37.5,0.3,Only Before Exam,6.4,Actively Use,2.6,0.5,1.0,1.6,5.2,52.0,0.3,At-Risk
STU6288,9.78,0.0,0.0,NaN,92.6,74.4,NaN,4.0,Daily,0.1,NaN,0.7,1.5,3.0,5.3,8.1,24.0,4.8,Good
STU5175,8.26,0.0,0.0,86.5,100.7,80.0,93.8,5.6, Weekly ,0.2,Keep Away,0.1,NaN,6.0,NaN,8.0,17.0,5.0,Good
STU2634,7.72,0.0,0.0,78.3,94.8,90.8,77.8,4.6,NaN,0.5,Keep Away,0.8,2.8,2.0,7.6,NaN,21.0,4.5,Good
STU0707,8.61,0.0,0.0,81.5,NaN,91.4,73.7,6.7,WEEKLY,1.4,silent,1.0,NaN,2.0,4.2,8.9,10.0,6.7,Good
STU5130,8.89,0.0,0.0,101.0,90.7,82.8,98.5,4.8,Weekly,1.4,Silent,0.2,NaN,5.0,5.4,9.0,10.0,3.7,Good
STU2769,8.4,NaN,0.0,77.1,90.9,90.7,76.7,NaN,Daily,0.5,Keep Away,0.0,2.0,4.0,NaN,NaN,25.0,6.0,Good
STU4459,8.22,0.0,0.0,89.3,85.6,NaN,76.2,6.4,Weekly,NaN,Keep Away,0.3,2.9,3.0,6.9,7.9,13.0,6.7,Good
STU4995,7.16,2.0,2.0,54.2,79.3,69.9,60.4,3.1, Monthly ,2.5,Actively Use,1.0,1.0,1.0,NaN,6.8,33.0,1.9,At-Risk
STU5435,9.5,0.0,0.0,83.6,99.4,88.4,82.7,4.3,Daily,2.1,Keep Away,0.6,1.5,6.0,5.5,7.8,4.0,6.8,Good
STU4757,NaN,0.0,0.0,80.7,85.3,82.5,87.4,7.7,DAILY,0.9,Keep Away,0.0,1.7,2.0,7.1,7.6,24.0,4.2,Good
STU4843,9.7,0.0,0.0,88.0,86.9,94.3,89.8,6.4,Weekly,0.5,Silent,0.1,2.2,6.0,5.1,8.1,13.0,3.9,Good
STU7136,5.2,3.0,2.0,39.7,48.2,45.5,NaN,0.7,Monthly,4.0,Actively Use,1.3,0.6,1.0,0.2,NaN,49.0,NaN,At-Risk
STU6350,7.84,0.0,0.0,92.9,95.8,71.9,97.6,6.8,Daily,0.5, Keep Away ,NaN,2.9,6.0,6.8,7.6,10.0,4.7,Good
STU6805,7.36,NaN,1.0,59.1,72.5,66.6,59.8,NaN,Weekly,3.4,SILENT,0.6,0.9,1.0,1.5,6.1,16.0,2.1,Average
STU3561,7.21,1.0,1.0,71.2,68.8,62.1,63.1,2.3,Weekly,2.1,Actively Use,0.5,1.4,1.0,2.0,6.2,32.0,2.4,Average
STU2262,5.08,2.0,2.0,36.3,27.4,47.3,39.3,1.4,Monthly,5.4,Silent,2.5,0.6,1.0,0.2,5.5,104.0,0.9,At-Risk
STU5984,8.31,0.0,0.0,88.2,88.4,84.8,93.1,6.4,Daily,0.8,Silent,0.8,1.6,4.0,5.3,7.5,25.0,5.4,Good
STU3831,9.41,0.0,0.0,82.1,98.9,97.2,85.5,-0.7,Weekly,1.5,Keep Away,0.3,1.7,4.0,3.7,8.7,13.0,5.9,Good
STU0988,5.46,5.0,4.0,28.3,55.1,42.1,28.2,2.1,Monthly,4.5,Actively Use,4.6,0.9,1.0,1.5,5.7,90.0,NaN,At-Risk
STU3917,9.59,0.0,0.0,78.9,96.4,97.3,91.4,5.2,Weekly,NaN,Keep Away,0.4,2.3,2.0,4.6,8.6,11.0,3.2,Good
STU3304,8.26,0.0,0.0,91.7,89.5,76.9,88.7,3.9,Weekly,0.8,Keep Away,0.4,NaN,3.0,6.4,7.8,NaN,5.4,Good
STU4099,4.52,2.0,2.0,31.4,NaN,20.1,26.2,0.8,MONTHLY,3.7,Actively Use,3.4,0.6,1.0,0.8,4.9,86.0,0.9,At-Risk
STU7100,9.31,0.0,0.0,81.8,97.3,88.9,82.4,6.7,Weekly,1.4,Keep Away,0.1,2.9,2.0,NaN,7.7,7.0,5.9,Good
STU5102,7.05,2.0,2.0,56.6,82.2,66.3,NaN,3.5,weekly,4.1,Keep Away,1.8,0.6,0.0,2.3,6.3,25.0,2.6,At-Risk
STU1813,3.73,NaN,2.0,54.5,33.3,35.7,27.3,0.3,only before exam,3.2,Silent,3.2,0.8,1.0,0.4,5.1,66.0,0.0,At-Risk
STU5236,NaN,0.0,0.0,99.1,89.0,74.5,73.9,6.4,Daily,0.6,Keep Away,0.3,1.4,4.0,5.8,8.0,2.0,4.7,Good
STU5610,6.17,1.0,1.0,68.4,71.0,51.7,64.8,2.4, Weekly ,3.4,Silent,1.0,1.1,0.0,3.6,6.3,31.0,3.3,Average
STU0831,4.47,2.0,2.0,46.3,40.0,38.3,31.8,0.8,Only Before Exam,6.7,Silent,1.4,0.7,NaN,0.3,4.1,96.0,2.0,At-Risk
STU6389,8.6,0.0,0.0,96.2,NaN,76.9,91.2,5.5,Daily,1.6,keep away,0.1,2.1,6.0,4.9,9.2,11.0,5.4,Good
STU6811,8.9,0.0,0.0,98.2,94.8,72.3,96.4,NaN,Weekly,0.5,Keep Away,0.9,1.5,4.0,4.6,7.1,10.0,6.9,Good
STU6286,8.85,0.0,0.0,92.4,89.7,68.5,NaN,NaN,Daily,0.8,Silent,0.7,1.6,6.0,5.5,7.5,0.0,4.8,Good
STU1345,5.27,3.0,2.0,41.2,49.7,47.8,47.4,0.1, Only Before Exam ,4.2,SILENT,2.9,0.4,0.0,1.3,6.9,54.0,0.2,At-Risk
STU6367,6.84,1.0,1.0,74.7,85.0,65.4,70.2,3.0,Weekly,2.0,SILENT,1.0,1.1,2.0,1.9,6.2,31.0,2.5,Average
STU2951,7.61,0.0,0.0,91.5,85.1,74.4,84.9,5.5,Weekly,1.2,Silent,0.9,2.3,5.0,4.5,NaN,0.0,4.7,Good
STU0922,9.14,0.0,0.0,95.0,97.7,78.7,90.1,7.7,Daily,0.1,Silent,0.7,2.5,3.0,3.4,8.7,27.0,6.3,Good
STU6515,7.22,2.0,2.0,53.4,76.4,65.0,58.8,4.1,Weekly,3.6,Silent,1.4,NaN,2.0,3.0,7.6,17.0,3.2,Average
STU1283,5.35,4.0,2.0,47.9,33.1,27.3,32.7,1.7,Monthly,3.6,Silent,4.3,NaN,0.0,1.6,6.8,99.0,0.9,At-Risk
STU6863,7.58,0.0,0.0,90.2,86.1,86.4,98.9,6.1,Weekly,0.4,Silent,0.3,1.1,2.0,NaN,7.7,16.0,3.3,Good
STU4175,9.9,0.0,0.0,95.5,97.0,88.1,97.5,6.9,Weekly,0.6,keep away,0.6,1.3,6.0,7.3,7.1,30.0,6.9,Good
STU0523,9.61,0.0,0.0,84.2,100.8,77.2,80.1,6.4,Daily,0.7,Silent,0.9,1.1,6.0,5.7,8.3,15.0,5.6,Good
STU5265,6.49,1.0,1.0,70.1,80.3,61.2,52.8,2.7,Weekly,3.4,Actively Use,NaN,0.5,1.0,3.8,7.4,32.0,NaN,Average
STU1884,9.76,0.0,0.0,94.4,94.2,88.7,NaN,7.7,Weekly,0.6,Silent,0.8,2.2,2.0,7.9,8.7,0.0,7.0,Good
STU6762,9.93,0.0,0.0,79.3,86.9,70.1,74.1,6.1,weekly,0.5,Keep Away,0.3,2.7,2.0,6.8,NaN,29.0,4.4,Good
STU2538,8.04,0.0,0.0,98.5,93.9,85.2,67.7,6.1,Daily,NaN, Keep Away ,0.8,1.6,4.0,7.9,8.0,28.0,4.2,Good
STU5384,NaN,0.0,0.0,88.5,93.3,73.4,73.6,6.6,Daily,1.0,keep away,0.5,1.5,2.0,5.8,7.8,27.0,6.6,Good
STU5755,8.61,0.0,0.0,86.3,100.9,86.6,86.5,7.0,WEEKLY,1.1,Silent,0.4,2.2,2.0,6.9,8.4,11.0,3.7,Good
STU4585,6.98,1.0,1.0,65.8,77.6,60.4,70.7,4.0,monthly,2.6,Keep Away,1.7,1.4,2.0,2.9,7.2,48.0,3.0,Average
STU4224,9.09,0.0,0.0,82.6,92.6,95.5,79.1,5.1,weekly,1.4,Keep Away,0.1,2.7,2.0,7.7,8.9,9.0,4.7,Good
STU0864,4.97,NaN,3.0,39.6,25.4,37.1,NaN,1.9,Never,8.0,Actively Use,4.5,0.0,0.0,0.8,6.5,88.0,0.7,At-Risk
STU3034,8.73,0.0,0.0,83.2,93.9,89.7,84.5,NaN,Weekly,-0.1,Silent,0.3,1.3,5.0,7.5,7.3,11.0,4.6,Good
STU0103,4.05,3.0,3.0,45.4,36.6,27.8,48.8,0.6,Only Before Exam,7.3,Silent,1.9,NaN,1.0,0.1,5.8,NaN,0.7,At-Risk
STU6260,6.57,2.0,2.0,55.2,NaN,48.6,68.3,3.9,Monthly,4.0,ACTIVELY USE,1.8,1.0,0.0,NaN,7.4,39.0,2.6,At-Risk
STU4546,7.13,1.0,1.0,75.1,86.1,54.9,68.4,3.4,Weekly,3.5,Actively Use,1.8,1.5,2.0,1.5,7.7,23.0,3.2,Average
STU2432,8.89,0.0,0.0,96.0,89.7,83.4,76.8,4.2,Daily,1.0,Keep Away,0.2,1.1,2.0,7.5,NaN,26.0,3.5,Good
STU5679,9.44,0.0,0.0,79.5,93.3,75.4,92.9,NaN,Daily,1.8,Keep Away,0.5,2.1,6.0,NaN,8.4,14.0,6.0,Good
STU3616,3.02,2.0,1.0,47.3,28.1,24.9,NaN,0.9, Monthly ,5.6,Silent,2.5,NaN,0.0,0.9,NaN,117.0,NaN,At-Risk
STU2954,3.23,4.0,1.0,46.0,56.7,48.6,46.3,1.6,Never,6.5,silent,1.9,0.7,1.0,2.0,5.5,73.0,NaN,At-Risk
STU6219,6.53,2.0,2.0,75.9,76.8,56.3,56.3,2.9,Monthly,2.4,Silent,0.7,1.0,1.0,1.8,6.4,21.0,1.6,At-Risk
STU5117,5.84,2.0,2.0,61.0,81.3,50.8,67.9,2.8,MONTHLY,NaN,Actively Use,1.3,1.3,1.0,3.7,7.7,NaN,2.7,At-Risk
STU6027,9.89,0.0,NaN,84.1,93.8,100.2,NaN,5.9,Weekly,1.3,Keep Away,0.0,1.6,6.0,6.5,8.8,15.0,NaN,Good
STU3832,5.59,1.0,1.0,66.9,71.8,65.4,56.2,3.1,Monthly,2.2,Actively Use,1.3,0.8,0.0,NaN,7.1,45.0,2.9,At-Risk
STU7276,4.2,5.0,2.0,41.6,25.2,25.0,35.6,1.8,Never,4.7,NaN,4.8,0.1,0.0,1.7,5.0,64.0,1.7,At-Risk
STU4563,6.82,2.0,2.0,69.4,77.4,52.4,56.0,NaN,WEEKLY,3.1,actively use,0.9,1.4,0.0,NaN,7.6,48.0,1.1,At-Risk
STU2698,5.97,1.0,1.0,62.8,73.3,59.7,52.2,3.6,Monthly,3.1,Keep Away,NaN,1.5,2.0,2.9,7.9,27.0,1.9,Average
STU6703,8.85,0.0,0.0,NaN,85.1,92.1,81.2,5.2,Daily,0.3,Silent,NaN,2.2,3.0,5.2,7.0,20.0,5.0,Good
STU2897,5.64,2.0,2.0,68.3,74.9,64.4,63.5,NaN,Monthly,3.0,Keep Away,1.7,0.8,0.0,3.0,6.1,40.0,NaN,At-Risk
STU2199,4.89,2.0,2.0,53.4,58.6,25.3,26.0,1.3,Monthly,5.6, Actively Use ,2.3,0.2,0.0,0.6,5.1,43.0,0.4,At-Risk
STU5089,7.51,0.0,0.0,76.0,88.0,89.7,74.3,5.0,WEEKLY,1.0,Keep Away,0.7,1.1,4.0,6.9,8.1,16.0,4.6,Good
STU7306,6.71,1.0,1.0,69.6,83.8,55.7,NaN,2.9,Monthly,2.0,Keep Away,1.6,1.5,2.0,3.4,6.5,22.0,3.4,Average
STU4414,7.3,2.0,2.0,63.4,76.6,57.1,64.5,2.4,MONTHLY,3.5,keep away,NaN,0.6,2.0,1.5,6.9,30.0,2.9,At-Risk
STU1507,7.24,2.0,2.0,76.0,60.2,65.9,61.4,2.9,Weekly,2.0,Keep Away,1.5,0.8,2.0,2.4,7.4,60.0,NaN,Average
STU6682,9.09,0.0,0.0,74.6,97.6,NaN,NaN,6.0,WEEKLY,1.5,SILENT,0.9,1.9,4.0,NaN,8.7,19.0,6.9,Good
STU5409,5.92,1.0,1.0,73.7,67.4,57.2,57.8,2.9,Monthly,2.3,Silent,1.0,NaN,0.0,3.5,7.6,19.0,3.3,Average
STU2495,8.59,NaN,0.0,100.6,89.5,97.7,102.3,6.6,Weekly,0.0,Silent,0.4,2.8,4.0,7.4,7.5,18.0,4.6,Good
STU1725,9.58,0.0,0.0,91.3,NaN,98.9,97.5,NaN,Weekly,1.4,Keep Away,0.4,1.6,2.0,6.3,8.9,21.0,5.5,Good
STU0731,3.05,3.0,3.0,48.8,39.4,47.5,25.2,1.5,Only Before Exam,6.9,silent,1.5,0.4,1.0,0.3,NaN,54.0,0.5,At-Risk
STU4440,9.78,0.0,0.0,75.7,92.2,96.9,76.7,6.8,NaN,1.1, Silent ,0.4,NaN,6.0,6.6,8.9,1.0,4.0,Good
STU2656,8.82,0.0,0.0,76.7,93.6,81.1,79.4,6.2,Weekly,1.0,Keep Away,0.5,1.2,4.0,7.0,8.0,10.0,6.3,Good
STU6781,7.19,2.0,2.0,63.4,69.1,55.9,62.4,3.5,Monthly,2.7,Silent,0.8,NaN,2.0,2.4,6.4,29.0,NaN,At-Risk
STU6481,6.81,1.0,1.0,63.2,88.0,62.6,66.4,3.7,Weekly,3.3,Silent,0.9,0.9,0.0,1.0,6.8,35.0,1.9,At-Risk
STU6306,9.29,0.0,0.0,77.0,93.3,100.8,83.2,5.2,Daily,NaN,Silent,0.4,2.7,5.0,NaN,8.3,NaN,5.8,Good
STU0009,8.81,0.0,0.0,83.0,87.6,73.5,71.0,6.5,Weekly,0.8,Keep Away,0.5,2.8,5.0,4.2,7.8,17.0,6.0,Good
STU7229,7.61,0.0,0.0,93.3,97.4,67.9,NaN,7.2,Weekly,2.1,Silent,0.5,1.3,3.0,4.6,8.6,19.0,5.2,Good
STU3160,7.48,2.0,2.0,NaN,68.3,NaN,59.7,3.2,Monthly,3.3,Silent,1.3,0.9,2.0,3.2,6.2,42.0,2.6,At-Risk
STU7243,7.52,0.0,0.0,92.3,93.8,92.2,71.3,5.1,Weekly,0.4,Keep Away,1.0,1.2,5.0,3.5,8.0,30.0,4.3,Good
STU6888,8.98,0.0,0.0,77.1,100.1,96.0,79.5,6.2,Daily,1.3, Keep Away ,0.1,1.9,5.0,4.0,7.7,29.0,6.8,Good
STU4393,5.94,1.0,1.0,56.0,63.8,51.4,NaN,2.3,Monthly,3.8,Silent,2.0,NaN,0.0,2.3,6.8,38.0,NaN,At-Risk
STU0611,8.11,0.0,0.0,86.7,91.9,93.0,72.1,4.9,Weekly,0.5,Keep Away,0.7,NaN,4.0,5.9,7.3,2.0,6.4,Good
STU3943,8.52,0.0,0.0,78.5,NaN,83.5,99.5,6.1,Weekly,0.2,Keep Away,0.5,2.4,3.0,3.1,7.8,29.0,3.6,Good
STU2342,7.22,1.0,1.0,57.3,64.1,60.5,54.6,2.5,Weekly,3.5,Actively Use,1.1,0.6,2.0,2.6,6.7,56.0,3.2,Average
STU7201,9.26,0.0,0.0,NaN,96.5,94.5,71.0,6.1,Daily,1.9, Silent ,1.0,3.0,6.0,6.3,7.4,1.0,4.7,Good
STU4169,8.31,0.0,NaN,93.9,93.6,80.2,77.9,7.2,Daily,1.2,Keep Away,0.7,1.3,5.0,6.9,7.4,5.0,5.5,Good
STU5929,9.07,0.0,0.0,84.3,83.0,93.0,95.9,6.3,Daily,0.0,Keep Away,0.1,NaN,2.0,6.3,8.1,NaN,4.9,Good
STU6093,5.62,2.0,2.0,NaN,67.8,63.1,NaN,3.8,Monthly,NaN,Silent,1.5,1.3,1.0,1.7,7.7,41.0,3.4,At-Risk
STU1956,9.51,0.0,0.0,82.1,89.2,NaN,76.6,4.6,Daily,1.5,NaN,0.4,2.8,2.0,4.3,7.7,16.0,5.6,Good
STU7001,7.66,0.0,0.0,NaN,NaN,83.1,91.2,7.4,Daily,0.8,KEEP AWAY,0.1,1.0,5.0,NaN,8.7,15.0,3.4,Good
STU6232,8.01,0.0,0.0,88.9,87.8,85.4,84.6,6.6,Daily,1.6,Keep Away,0.3,1.1,5.0,3.2,8.7,25.0,4.9,Good
STU6466,9.56,0.0,0.0,89.0,98.9,90.6,74.5,NaN,NaN,1.3,silent,0.1,NaN,4.0,7.6,7.5,10.0,NaN,Good
STU3645,9.37,0.0,0.0,84.9,94.2,92.6,74.7,6.5,Daily,NaN,Keep Away,0.3,1.2,5.0,3.1,NaN,22.0,3.0,Good
STU4882,8.91,0.0,0.0,75.9,97.5,98.0,81.7,4.5,Weekly,1.4,Silent,0.3,2.4,2.0,7.6,8.1,23.0,6.4,Good
STU0122,9.67,0.0,0.0,90.4,85.5,93.5,90.6,6.7,NaN,NaN,keep away,0.7,1.8,NaN,NaN,7.2,19.0,5.6,Good
STU1033,8.64,0.0,NaN,80.7,NaN,85.7,98.3,5.3,NaN,NaN,Silent,0.9,NaN,3.0,NaN,8.6,25.0,NaN,Good
STU3156,6.23,1.0,1.0,55.5,74.3,61.3,51.4,3.7,Monthly,3.7,Keep Away,1.9,1.0,2.0,2.4,7.8,46.0,2.2,Average
STU3440,3.35,3.0,3.0,34.0,28.6,37.2,29.1,0.6,Monthly,7.7,Silent,4.4,0.9,1.0,1.2,6.7,72.0,1.6,At-Risk
STU4083,6.77,2.0,1.0,70.2,80.3,49.5,65.6,2.1,Weekly,2.4,Silent,0.7,0.7,0.0,3.4,7.4,37.0,3.1,Average
STU2022,3.96,2.0,2.0,51.3,55.6,41.5,40.0,NaN, Monthly ,NaN,Actively Use,1.4,0.6,0.0,0.7,5.2,58.0,NaN,At-Risk
STU0403,6.59,2.0,NaN,59.0,74.6,54.3,55.9,3.0,Weekly,NaN,Keep Away,1.6,1.1,1.0,1.5,7.1,23.0,1.3,Average
STU2210,3.85,3.0,1.0,47.5,23.1,38.8,28.2,NaN,Monthly,NaN,Actively Use,3.9,0.6,0.0,1.9,6.7,55.0,NaN,At-Risk
STU6700,7.13,2.0,2.0,56.9,59.3,72.2,63.2,3.2,Weekly,2.7,KEEP AWAY,0.7,1.2,0.0,2.6,6.4,16.0,2.0,Average
STU4330,9.61,0.0,0.0,92.2,88.9,87.6,NaN,7.3,Weekly,0.1,Silent,0.1,NaN,4.0,5.5,8.0,22.0,5.2,Good
STU0508,8.11,0.0,0.0,85.4,96.3,75.3,89.1,4.4,weekly,0.5,KEEP AWAY,0.8,1.7,5.0,5.8,7.6,30.0,NaN,Good
STU5968,9.98,0.0,0.0,82.8,86.4,83.5,97.4,6.3,Weekly,-0.1,Keep Away,NaN,NaN,2.0,7.2,7.5,14.0,4.9,Good
STU0853,7.55,0.0,0.0,NaN,94.5,91.6,79.5,5.1,Daily,1.0,Silent,0.3,NaN,3.0,5.4,8.6,3.0,5.3,Good
STU2909,8.75,0.0,0.0,86.9,93.6,80.2,100.8,6.7,Daily,1.3,Keep Away,0.9,3.0,5.0,4.0,8.6,0.0,3.6,Good
STU5224,6.7,2.0,2.0,70.1,75.3,56.5,53.5,NaN,Monthly,3.9,SILENT,0.8,1.1,1.0,1.6,7.8,51.0,1.3,At-Risk
STU6383,6.04,1.0,1.0,68.1,75.1,58.2,56.9,2.4,Weekly,2.6,NaN,1.9,NaN,0.0,3.7,7.8,45.0,2.4,Average
STU3085,8.79,0.0,0.0,86.5,98.4,80.6,NaN,5.1,WEEKLY,0.9,Keep Away,0.2,2.2,4.0,7.4,8.2,4.0,4.8,Good
STU4522,9.1,0.0,0.0,74.4,88.7,84.1,87.3,5.7,Weekly,1.7,Keep Away,0.7,1.7,5.0,NaN,7.5,7.0,3.3,Good
STU3807,8.37,0.0,0.0,86.6,99.5,83.2,88.8,7.6,Weekly,1.1,Silent,0.3,1.8,6.0,NaN,8.4,12.0,4.2,Good
STU2029,8.09,0.0,0.0,85.4,96.6,88.9,93.2,5.3,DAILY,1.4,Keep Away,0.4,2.3,4.0,NaN,8.9,6.0,3.7,Good
STU2012,7.74,0.0,0.0,93.1,87.9,78.0,85.0,6.6,Weekly,1.7,Silent,0.6,2.2,4.0,7.6,7.8,3.0,3.9,Good
STU1264,8.12,0.0,0.0,90.4,89.8,80.5,82.4,5.6,Weekly,1.1,Keep Away,0.5,1.6,2.0,3.8,7.1,18.0,3.8,Good
STU1418,9.73,0.0,0.0,97.9,91.1,78.6,98.7,NaN,daily,NaN,Keep Away,0.8,2.2,5.0,NaN,NaN,27.0,NaN,Good
STU0975,8.32,0.0,0.0,90.9,88.9,88.8,NaN,7.8,Weekly,0.5,Keep Away,0.3,1.9,6.0,7.6,9.0,15.0,3.4,Good
STU6085,6.09,2.0,2.0,69.9,62.1,57.5,64.3,3.3, Weekly ,2.8,Keep Away,1.0,0.9,2.0,NaN,6.5,21.0,1.8,Average
STU4885,8.72,0.0,0.0,93.0,93.7,100.6,84.4,4.0,daily,0.9,silent,NaN,1.2,2.0,NaN,8.4,16.0,4.2,Good
STU6345,7.29,2.0,2.0,69.9,63.9,49.8,52.3,3.3,Weekly,2.9,KEEP AWAY,1.5,NaN,0.0,NaN,7.6,NaN,1.3,Average
STU0132,9.34,0.0,0.0,94.8,89.5,74.4,70.8,6.3,NaN,0.9,Keep Away,0.5,1.5,4.0,5.0,8.4,28.0,5.0,Good
STU6205,9.03,0.0,0.0,99.1,87.2,75.8,72.2,5.9,Weekly,0.4,Keep Away,0.5,2.7,5.0,6.9,8.3,24.0,6.4,Good
STU0461,9.59,0.0,0.0,90.3,95.7,88.9,84.6,4.2,Daily,1.1,Silent,0.1,1.9,6.0,4.5,8.0,27.0,3.5,Good
STU7165,4.52,3.0,2.0,40.6,30.4,50.3,40.5,1.1,Never,7.3,Actively Use,NaN,NaN,1.0,1.7,4.5,101.0,0.5,At-Risk
STU0997,5.6,2.0,NaN,67.7,80.9,66.5,62.1,3.8,Monthly,2.9,Keep Away,1.9,1.5,2.0,3.5,6.5,NaN,1.6,Average
STU7377,8.7,0.0,0.0,84.1,98.7,74.8,74.1,7.3,Daily,0.8,Keep Away,0.0,1.8,2.0,NaN,7.8,15.0,4.9,Good
STU2369,6.09,NaN,1.0,56.6,NaN,61.2,64.0,2.7,Weekly,2.7,Keep Away,1.2,1.1,0.0,3.3,6.6,18.0,2.8,Average
STU6079,9.72,0.0,0.0,76.9,90.9,99.7,87.6,7.3,Daily,0.8,NaN,0.4,1.7,3.0,3.1,NaN,NaN,4.4,Good
STU0053,6.74,2.0,1.0,61.7,71.1,65.8,NaN,2.4,Weekly,3.6,Silent,1.8,1.0,0.0,2.6,6.2,18.0,2.3,Average
STU5437,8.01,0.0,0.0,82.8,86.4,77.8,93.8,6.9,Daily,1.3,Keep Away,0.2,1.1,6.0,5.3,7.9,18.0,6.1,Good
STU3436,9.4,0.0,0.0,75.5,89.2,90.8,81.1,7.3,weekly,0.9,Keep Away,0.7,2.2,3.0,6.2,7.4,21.0,NaN,Good
STU4085,4.12,3.0,2.0,52.3,52.4,35.1,45.4,0.0,NEVER,4.1,Actively Use,1.8,0.8,1.0,NaN,5.6,73.0,1.9,At-Risk
STU2100,3.89,4.0,1.0,44.8,54.3,46.4,NaN,0.7,Monthly,6.4,Actively Use,2.7,0.0,1.0,NaN,6.5,57.0,NaN,At-Risk
STU6431,4.76,2.0,2.0,36.6,54.4,29.1,26.5,0.8,Never,8.1,Actively Use,2.3,1.0,1.0,0.9,6.5,97.0,1.1,At-Risk
STU2858,5.11,2.0,1.0,39.1,47.0,23.9,26.2,NaN,Monthly,7.0,Silent,2.3,0.8,0.0,1.4,NaN,40.0,1.8,At-Risk
STU0713,8.5,0.0,0.0,89.6,98.1,81.4,76.1,4.4,Weekly,1.8,Silent,0.1,2.3,3.0,5.1,7.7,20.0,5.7,Good
STU1032,6.24,1.0,1.0,62.5,83.9,NaN,51.0,3.3,Monthly,3.3,silent,1.9,0.8,0.0,2.7,7.0,42.0,2.5,At-Risk
STU6244,7.11,1.0,1.0,70.0,78.9,63.9,58.5,NaN,Monthly,2.3,Actively Use,1.4,1.0,0.0,3.4,7.8,40.0,1.4,At-Risk
STU5644,8.89,0.0,0.0,96.9,99.7,81.2,85.7,7.1,Weekly,1.7,Keep Away,0.4,1.7,5.0,7.1,7.8,21.0,4.6,Good
STU0485,9.07,0.0,0.0,87.5,86.8,NaN,94.4,5.1,Weekly,0.2,Keep Away,0.1,1.2,4.0,5.9,8.8,28.0,5.0,Good
STU6324,8.22,0.0,0.0,92.0,93.9,85.2,80.9,4.8,Daily,0.5,keep away,0.4,2.4,5.0,4.7,7.7,2.0,4.7,Good
STU3118,NaN,0.0,0.0,90.3,99.3,94.0,80.3,4.6,Weekly,0.6,keep away,0.4,2.9,2.0,7.9,8.0,21.0,3.6,Good
STU2573,7.53,0.0,0.0,NaN,94.1,80.5,82.8,4.5, Daily ,1.3,Silent,0.3,2.4,3.0,NaN,8.1,4.0,4.1,Good
STU6603,6.76,2.0,2.0,63.4,70.8,66.2,NaN,2.7,Weekly,2.9,Keep Away,1.1,0.9,1.0,2.4,6.5,16.0,2.4,At-Risk
STU6681,7.11,1.0,NaN,64.8,78.5,67.8,62.3,3.6,Monthly,3.4,Silent,1.7,0.7,0.0,1.2,7.4,36.0,1.9,At-Risk
STU0492,8.73,0.0,0.0,78.8,91.6,77.3,99.2,NaN,Daily,1.8,Keep Away,0.5,2.3,2.0,5.7,7.3,17.0,4.5,Good
STU1967,8.35,0.0,0.0,77.0,90.1,89.1,69.8,4.4,Weekly,0.3,Silent,0.3,2.1,3.0,4.5,7.7,NaN,6.5,Good
STU4237,8.38,0.0,0.0,89.7,92.2,97.6,NaN,6.7, Daily ,0.6,Keep Away,0.0,2.5,3.0,6.6,7.9,18.0,4.7,Good
STU2191,7.37,2.0,2.0,64.8,71.2,60.1,53.6,3.7,Monthly,2.7,Silent,NaN,NaN,1.0,3.4,7.7,58.0,1.9,At-Risk
STU3707,9.0,0.0,0.0,78.4,95.3,98.4,72.7,5.6,Daily,1.0,keep away,0.7,1.2,2.0,7.4,7.1,18.0,6.4,Good
STU3033,7.82,0.0,0.0,79.2,NaN,79.1,83.8,5.0,daily,0.8,KEEP AWAY,0.3,3.0,2.0,5.5,8.4,27.0,5.8,Good
STU6562,3.47,2.0,1.0,42.1,33.5,37.5,33.2,0.4,Only Before Exam,6.6,Silent,NaN,0.5,1.0,0.6,7.0,88.0,0.6,At-Risk
STU2817,7.68,0.0,0.0,87.3,83.4,89.7,83.5,5.7,Weekly,0.6,Keep Away,0.4,1.4,5.0,6.7,7.5,27.0,NaN,Good
STU0282,8.16,0.0,0.0,91.1,97.8,92.2,92.2,4.4,Daily,0.2,Keep Away,0.7,1.7,6.0,5.2,7.1,13.0,4.0,Good
STU4679,7.33,1.0,1.0,NaN,NaN,52.8,63.3,3.8,Weekly,2.6, Keep Away ,0.6,1.1,0.0,NaN,6.7,41.0,4.0,Average
STU5450,8.2,0.0,0.0,76.0,97.0,81.1,74.7,4.7,WEEKLY,1.8,Keep Away,0.8,2.2,6.0,5.7,8.8,10.0,3.9,Good
STU3892,6.89,1.0,1.0,66.6,76.0,61.9,64.1,3.7,Weekly,2.4, Actively Use ,0.9,0.6,1.0,1.7,6.8,15.0,1.1,Average
STU2517,NaN,0.0,0.0,96.0,93.2,96.5,88.1,7.0,WEEKLY,1.6,NaN,0.8,2.8,5.0,5.2,8.8,11.0,5.5,Good
STU0413,9.48,0.0,0.0,96.9,96.8,90.8,95.7,7.2,Daily,0.7,SILENT,0.1,1.8,6.0,6.4,8.0,4.0,NaN,Good
STU1079,4.4,3.0,1.0,30.0,28.6,27.2,30.6,1.3,NaN,3.2,ACTIVELY USE,4.0,0.3,0.0,NaN,5.6,86.0,0.4,At-Risk
STU5326,5.99,2.0,2.0,68.3,79.2,59.5,66.1,3.6,monthly,2.5,ACTIVELY USE,1.0,1.1,1.0,NaN,8.0,36.0,1.6,At-Risk
STU3456,9.26,0.0,0.0,83.1,97.4,NaN,86.5,7.7,Weekly,1.1,Silent,0.7,1.9,2.0,6.0,7.1,17.0,4.8,Good
STU1911,9.57,0.0,0.0,97.9,87.0,78.8,79.8,5.9,Weekly,0.3,SILENT,NaN,2.3,6.0,5.5,8.4,30.0,3.3,Good
STU3678,5.03,4.0,2.0,54.8,57.2,45.2,40.2,0.7,Monthly,6.4,NaN,3.8,0.3,1.0,0.5,NaN,88.0,1.3,At-Risk
STU2923,3.24,5.0,2.0,51.7,45.4,28.5,39.0,1.2,Monthly,5.9,Actively Use,2.9,0.5,1.0,1.5,5.8,66.0,0.2,At-Risk
STU2857,9.97,0.0,0.0,89.7,89.8,69.3,86.1,4.6,Weekly,1.2,Keep Away,0.6,1.5,NaN,NaN,8.4,1.0,5.3,Good
STU5928,5.57,1.0,1.0,72.0,NaN,62.6,65.7,2.4,Weekly,2.3,Silent,NaN,1.1,1.0,3.8,7.9,55.0,3.0,Average
STU2572,9.72,0.0,0.0,72.0,99.9,83.2,84.4,NaN,Daily,1.2,KEEP AWAY,0.5,1.3,6.0,4.2,NaN,30.0,3.3,Good
STU3840,4.53,3.0,2.0,29.8,21.2,24.0,25.7,0.4,Monthly,6.7,ACTIVELY USE,2.8,0.5,0.0,1.3,6.3,115.0,NaN,At-Risk
STU1210,5.33,5.0,2.0,42.8,60.8,43.1,26.4,0.6,Never,4.7,Silent,1.7,0.5,0.0,NaN,7.0,83.0,0.9,At-Risk
STU3329,7.05,1.0,1.0,58.9,61.6,67.7,69.8,2.6,MONTHLY,3.9,SILENT,1.5,0.7,1.0,2.0,6.5,22.0,3.3,At-Risk
STU1116,7.71,0.0,0.0,81.9,98.9,NaN,84.9,4.9,DAILY,1.2,keep away,0.2,2.3,3.0,3.9,7.2,21.0,4.3,Good
STU5300,7.51,0.0,0.0,NaN,89.8,70.7,75.5,7.6,WEEKLY,1.3,Keep Away,NaN,2.6,5.0,6.5,8.4,20.0,3.3,Good
STU2882,7.09,1.0,1.0,73.1,74.7,65.2,60.2,2.7,Weekly,2.5,Silent,1.3,1.4,0.0,1.2,7.2,29.0,3.3,Average
STU3225,5.01,2.0,1.0,37.9,38.7,36.8,45.9,0.0,Never,4.0, Silent ,NaN,0.0,1.0,NaN,5.8,87.0,0.8,At-Risk
STU6719,5.78,1.0,1.0,60.9,79.2,72.3,58.9,3.6,Weekly,1.8,Silent,NaN,1.2,0.0,NaN,7.7,23.0,3.3,Average
STU3004,4.29,5.0,1.0,38.6,31.9,45.5,47.5,1.3,only before exam,4.3,actively use,1.4,0.2,0.0,1.0,4.9,83.0,0.1,At-Risk
STU0064,6.74,1.0,1.0,63.2,NaN,NaN,54.1,2.6,Monthly,2.5,Keep Away,1.6,0.5,1.0,2.7,7.6,49.0,3.6,Average
STU4627,8.6,0.0,0.0,86.1,95.8,67.7,99.0,5.2,Daily,1.5,Keep Away,0.5,2.6,5.0,7.1,7.6,0.0,5.6,Good
STU5625,6.28,1.0,1.0,67.5,77.9,63.8,57.4,3.4,monthly,2.6,KEEP AWAY,NaN,0.8,0.0,2.3,7.0,49.0,3.2,Average
STU6157,8.07,0.0,0.0,93.8,93.2,73.0,92.2,7.4,Daily,1.8,SILENT,0.7,2.6,6.0,3.4,7.3,15.0,4.0,Good
STU7051,8.3,0.0,0.0,96.9,90.4,88.4,90.9,5.6,daily,0.4,Keep Away,0.6,NaN,2.0,4.9,8.1,24.0,5.7,Good
STU5727,9.98,0.0,0.0,NaN,99.3,81.6,93.8,NaN,Weekly,0.4,Silent,0.1,NaN,2.0,NaN,8.3,15.0,5.1,Good
STU3602,7.68,0.0,0.0,90.2,89.2,99.1,73.5,4.9,NaN,1.1,Keep Away,0.8,1.9,4.0,4.4,7.5,25.0,4.4,Good
STU6387,7.79,0.0,0.0,91.4,103.1,82.8,91.3,6.4,WEEKLY,-0.3,Keep Away,0.1,2.5,6.0,NaN,8.9,15.0,6.6,Good
STU7064,6.52,1.0,1.0,65.7,71.2,66.9,57.8,4.2, Weekly ,2.7,Keep Away,1.1,1.5,1.0,NaN,7.1,21.0,3.2,Average
STU0182,5.85,1.0,1.0,70.2,64.8,66.5,54.5,NaN,Weekly,3.2,Silent,1.3,0.8,2.0,1.6,6.2,15.0,1.9,Average
STU2353,8.1,0.0,0.0,89.7,93.2,88.5,75.6,5.1,Daily,0.3,Silent,0.5,NaN,5.0,NaN,8.9,29.0,3.4,Good
STU7228,7.07,1.0,1.0,68.2,72.2,72.8,55.0,3.4,Weekly,2.3,NaN,1.5,1.2,2.0,3.3,7.2,43.0,1.4,Average
STU1183,8.9,0.0,0.0,85.4,91.6,98.2,79.0,6.5,WEEKLY,0.9,keep away,0.1,2.0,4.0,7.1,7.2,28.0,3.3,Good
STU5628,7.25,2.0,1.0,58.9,75.8,70.3,71.4,3.2,Weekly,2.0,Actively Use,NaN,1.2,1.0,3.9,6.1,23.0,3.4,Average
STU5918,7.29,1.0,1.0,62.0,65.5,54.6,51.6,2.7,Monthly,3.3,Silent,1.1,1.1,0.0,2.0,6.3,21.0,NaN,At-Risk
STU0832,5.39,2.0,2.0,29.1,37.7,NaN,36.2,1.6,Never,7.8,Actively Use,NaN,NaN,0.0,1.2,4.9,107.0,1.8,At-Risk
STU7135,7.25,2.0,1.0,58.9,70.3,51.2,68.7,2.1,Weekly,3.9,Silent,NaN,1.2,2.0,1.4,NaN,50.0,1.1,Average
STU5740,6.8,1.0,1.0,59.6,70.5,65.7,55.8,3.0,Monthly,3.9,Keep Away,0.7,0.6,1.0,3.8,6.4,56.0,1.1,Average
STU2504,9.93,0.0,0.0,79.6,84.0,68.8,84.4,4.5,Daily,1.0,Keep Away,0.3,1.7,4.0,6.2,7.3,20.0,6.1,Good
STU3878,9.26,0.0,0.0,94.2,85.6,96.8,95.2,5.3,Weekly,0.7,Silent,0.1,1.1,4.0,6.3,7.3,11.0,6.7,Good
STU5690,8.0,0.0,0.0,81.0,93.7,72.9,85.8,5.6, Weekly ,1.3,Keep Away,0.2,1.5,2.0,5.0,7.4,NaN,4.8,Good
STU5545,7.11,2.0,2.0,70.2,63.9,51.9,69.9,NaN,weekly,3.4,NaN,0.6,1.1,1.0,NaN,6.4,40.0,3.3,At-Risk
STU1550,4.87,5.0,2.0,35.9,26.6,24.4,31.3,NaN,monthly,6.9,Silent,4.7,0.1,1.0,NaN,6.1,73.0,0.6,At-Risk
STU6645,9.5,0.0,0.0,98.0,97.1,97.7,69.1,6.3,DAILY,0.2,Keep Away,0.2,2.5,4.0,4.3,7.5,12.0,4.5,Good
STU0597,5.41,2.0,2.0,54.5,34.3,44.8,33.5,1.0,Never,4.4,Actively Use,3.3,0.7,0.0,0.8,5.8,81.0,1.4,At-Risk
STU4675,6.92,2.0,2.0,67.1,83.4,61.0,59.2,3.3,Monthly,2.2,Keep Away,1.7,0.9,0.0,NaN,6.3,42.0,4.0,At-Risk
STU0480,7.47,2.0,1.0,66.4,64.5,65.5,50.1,3.6,Weekly,4.0,Keep Away,1.1,1.1,0.0,2.3,6.8,21.0,1.9,Average
STU7320,9.47,0.0,0.0,82.7,94.1,87.7,70.7,4.5,Daily,0.8,Keep Away,NaN,1.9,3.0,6.3,8.1,21.0,6.1,Good
STU5088,8.89,0.0,0.0,82.6,NaN,81.7,83.5,7.4,Weekly,1.8,Keep Away,0.5,1.9,2.0,6.2,7.4,21.0,4.1,Good
STU4756,5.16,4.0,2.0,39.9,35.3,43.2,31.3,1.1,Monthly,5.2, Actively Use ,NaN,0.2,0.0,0.3,4.0,62.0,0.6,At-Risk
STU1123,9.14,0.0,0.0,89.8,90.6,95.9,76.3,5.7,Daily,0.3,Keep Away,0.6,1.5,3.0,NaN,7.9,1.0,3.1,Good
STU1876,8.55,0.0,0.0,78.0,87.9,95.8,78.5,6.7,NaN,1.5,Silent,NaN,1.4,4.0,4.5,8.0,0.0,4.5,Good
STU5478,6.15,1.0,1.0,68.2,69.8,59.7,60.5,3.7,Weekly,3.4,Actively Use,0.6,0.8,1.0,2.3,7.5,36.0,2.3,Average
STU4316,5.26,2.0,2.0,33.5,43.2,44.3,33.8,1.3,Monthly,4.3,Silent,4.7,0.3,NaN,0.4,5.6,84.0,0.4,At-Risk
STU4808,9.21,0.0,0.0,92.8,92.2,87.4,79.5,7.7,Daily,1.4,SILENT,0.5,2.3,2.0,NaN,7.1,30.0,3.8,Good
STU3998,9.66,0.0,0.0,90.4,90.6,72.5,69.0,4.5,Weekly,0.9,Silent,0.2,1.5,3.0,NaN,8.8,NaN,3.8,Good
STU1128,8.9,0.0,0.0,94.0,96.9,76.8,87.5,4.2,Weekly,1.7,Keep Away,0.4,1.8,5.0,4.5,7.8,16.0,4.0,Good
STU4386,4.88,2.0,2.0,39.0,29.7,38.6,39.3,1.0, Only Before Exam ,6.3,silent,2.7,0.8,0.0,NaN,4.5,107.0,1.8,At-Risk
STU1241,5.05,5.0,5.0,35.7,NaN,33.9,NaN,1.8,Only Before Exam,5.0,ACTIVELY USE,1.3,0.9,0.0,1.8,6.0,62.0,0.9,At-Risk
STU0577,8.0,0.0,0.0,79.4,88.7,76.3,79.2,7.5,Weekly,0.9,KEEP AWAY,0.4,2.9,6.0,NaN,7.4,5.0,5.3,Good
STU1335,8.81,0.0,0.0,84.5,85.2,79.8,80.2,8.0,Daily,0.4,Silent,0.5,3.0,2.0,7.0,9.1,4.0,6.9,Good
STU4796,8.18,0.0,0.0,88.0,95.8,98.0,90.1,4.4,Daily,NaN,Keep Away,0.2,1.5,4.0,5.5,7.5,27.0,4.2,Good
STU5716,8.18,0.0,0.0,79.6,93.8,88.3,89.7,6.2,Weekly,1.6,Keep Away,NaN,1.5,5.0,6.8,8.2,10.0,3.3,Good
STU1442,8.11,0.0,NaN,96.4,90.1,89.0,97.5,7.5,Daily,1.0,Keep Away,0.8,1.9,3.0,5.7,7.1,29.0,NaN,Good
STU2036,7.37,1.0,1.0,74.7,76.9,65.4,63.2,3.0, Weekly ,2.4,Keep Away,1.8,1.2,2.0,1.6,7.2,43.0,NaN,Average
STU5105,6.43,1.0,1.0,64.7,82.7,51.2,54.8,2.1,Monthly,3.5,Silent,2.0,1.4,2.0,3.2,5.9,59.0,2.0,At-Risk
STU3300,4.39,3.0,1.0,49.9,51.7,26.0,33.2,1.4,Monthly,8.0,Actively Use,3.7,0.9,1.0,NaN,5.6,62.0,1.8,At-Risk
STU1796,9.32,0.0,0.0,83.6,97.4,73.9,94.8,7.3,Daily,1.3,SILENT,0.8,2.1,6.0,6.4,8.1,15.0,4.4,Good
STU6649,8.81,0.0,0.0,97.9,93.4,NaN,93.9,5.1,Daily,0.2,Keep Away,0.4,1.0,3.0,4.5,7.8,15.0,5.3,Good
STU6866,9.8,0.0,NaN,92.7,97.6,86.3,70.9,4.4,Weekly,NaN,Keep Away,0.8,1.4,2.0,3.5,8.8,11.0,3.9,Good
STU2035,8.53,0.0,0.0,80.7,96.2,81.3,94.1,6.0,Weekly,1.5,Keep Away,0.3,2.0,2.0,5.8,8.7,NaN,4.1,Good
STU3706,4.08,4.0,3.0,34.7,37.9,36.3,30.5,1.8,Monthly,NaN,Actively Use,4.0,0.4,0.0,0.7,6.1,54.0,1.2,At-Risk
STU5979,7.17,2.0,2.0,58.0,70.1,53.0,55.3,NaN, Monthly ,2.8,ACTIVELY USE,NaN,1.1,2.0,1.6,7.4,54.0,1.4,At-Risk
STU6608,8.51,0.0,NaN,76.3,86.2,98.6,88.8,4.0,WEEKLY,1.7,Silent,NaN,NaN,4.0,6.1,7.0,9.0,5.1,Good
STU1209,4.92,4.0,1.0,NaN,34.0,34.9,NaN,1.6,Only Before Exam,NaN,Silent,3.1,0.0,NaN,0.9,6.6,51.0,0.7,At-Risk
STU0352,8.86,NaN,0.0,82.5,93.4,94.5,70.4,5.9,DAILY,1.6,Keep Away,0.3,1.6,4.0,6.1,8.9,16.0,6.2,Good
STU2579,7.5,0.0,0.0,98.7,86.5,78.5,92.1,4.9,WEEKLY,1.1,Keep Away,0.8,2.6,5.0,6.9,7.2,5.0,NaN,Good
STU0934,5.09,2.0,2.0,40.8,40.6,NaN,25.9,1.0,Only Before Exam,5.6,NaN,4.0,0.9,0.0,NaN,6.1,101.0,NaN,At-Risk
STU6111,6.79,1.0,1.0,61.9,60.7,57.2,64.3,2.7,Weekly,2.1,Actively Use,0.6,1.4,2.0,2.4,7.0,44.0,1.2,Average
STU3346,4.5,3.0,2.0,51.9,56.7,20.1,25.9,0.9,Monthly,7.2,Actively Use,4.3,1.0,0.0,1.2,4.8,66.0,0.1,At-Risk
STU4320,9.32,0.0,0.0,97.0,98.5,96.8,90.8,4.5,Weekly,1.5,KEEP AWAY,0.9,1.8,3.0,4.6,8.0,29.0,6.8,Good
STU2655,7.69,0.0,0.0,93.4,99.6,103.5,74.9,7.3,Daily,1.7,Keep Away,0.1,NaN,2.0,NaN,7.6,14.0,6.7,Good
STU0739,5.93,2.0,1.0,56.1,74.1,64.4,61.4,3.9,Monthly,3.8,Silent,1.4,0.5,0.0,3.1,6.9,NaN,2.7,At-Risk
STU1916,9.32,0.0,0.0,95.5,99.9,71.3,73.9,6.9, Daily ,0.6,Keep Away,NaN,1.8,2.0,7.1,7.4,18.0,5.7,Good
STU4971,8.67,0.0,0.0,90.4,84.6,97.6,82.8,5.2,Daily,0.6,Keep Away,0.7,2.2,4.0,3.9,7.8,10.0,5.7,Good
STU1407,7.54,0.0,0.0,95.0,94.3,90.8,74.0,NaN,Daily,0.5,keep away,0.3,NaN,2.0,7.1,8.4,12.0,5.4,Good
STU0758,3.82,5.0,2.0,33.8,34.8,49.2,29.3,1.0,Never,5.2,SILENT,1.3,0.5,1.0,NaN,5.5,87.0,1.7,At-Risk
STU0522,8.34,0.0,0.0,74.7,91.0,84.1,86.7,6.6,Daily,1.7,Silent,NaN,1.2,2.0,NaN,7.5,7.0,6.9,Good
STU0572,5.27,2.0,2.0,48.3,22.4,30.9,40.0,0.3,never,7.3,actively use,3.5,0.1,1.0,1.8,7.0,40.0,NaN,At-Risk
STU6202,8.38,0.0,NaN,83.8,86.6,79.9,76.4,NaN,Weekly,2.3,Silent,0.8,2.2,6.0,5.4,8.2,5.0,4.5,Good
STU0532,5.34,5.0,2.0,51.4,27.3,18.5,42.5,1.8,Monthly,7.7,Actively Use,4.6,0.6,0.0,NaN,4.1,50.0,0.5,At-Risk
STU4614,7.87,0.0,0.0,81.7,99.6,77.0,76.8,8.2,Weekly,1.2,Silent,0.6,2.7,4.0,5.6,7.4,12.0,4.7,Good
STU1996,9.49,0.0,0.0,98.6,88.5,70.6,72.6,7.1,Weekly,1.1,NaN,0.8,2.4,4.0,7.5,8.9,29.0,6.2,Good
STU2977,9.52,0.0,0.0,92.2,88.7,77.0,90.1,5.0,Daily,1.8,Keep Away,0.5,1.4,4.0,NaN,7.8,4.0,4.2,Good
STU3595,7.45,1.0,1.0,63.1,83.1,50.1,63.7,2.6,Weekly,3.4, Actively Use ,1.5,1.4,2.0,NaN,6.1,23.0,3.6,Average
STU1108,8.89,NaN,0.0,98.7,95.3,84.0,81.6,4.8,Weekly,1.1,Keep Away,0.1,2.1,2.0,3.0,7.6,12.0,3.9,Good
STU0150,7.67,0.0,0.0,87.0,88.8,91.6,85.1,6.8,Daily,-0.2,Silent,0.1,2.4,5.0,3.4,7.0,3.0,3.0,Good
STU0267,9.88,0.0,0.0,81.7,NaN,82.1,96.8,7.8,DAILY,NaN,KEEP AWAY,0.4,2.1,5.0,5.5,7.5,14.0,6.4,Good
STU3092,6.22,1.0,1.0,64.6,75.1,61.8,60.0,2.5,Weekly,3.6,Silent,1.9,0.8,2.0,1.1,7.7,57.0,3.8,Average
STU3223,7.68,0.0,0.0,94.1,89.3,99.1,90.9,4.5,Weekly,1.2,Keep Away,NaN,2.1,5.0,NaN,7.5,12.0,3.9,Good
STU5040,5.66,1.0,1.0,NaN,60.2,66.4,52.7,NaN,Monthly,NaN,Keep Away,1.9,1.4,1.0,NaN,6.6,NaN,2.6,At-Risk
STU4492,8.22,0.0,0.0,92.8,88.6,78.4,77.3,6.8,Daily,0.3,Keep Away,0.5,2.6,4.0,7.0,8.7,28.0,3.6,Good
STU3466,3.81,4.0,2.0,38.8,58.5,40.0,29.5,0.1,Monthly,5.9,Actively Use,3.6,0.5,0.0,NaN,4.1,90.0,0.5,At-Risk
STU2317,3.5,NaN,2.0,34.5,NaN,41.5,45.3,1.4,Monthly,7.2,Actively Use,3.8,NaN,1.0,1.5,4.6,90.0,0.5,At-Risk
STU0583,7.19,1.0,1.0,60.3,73.0,61.1,NaN,1.8, Monthly ,NaN,Actively Use,0.9,NaN,0.0,NaN,7.8,37.0,2.7,At-Risk
STU5633,8.45,0.0,0.0,95.2,86.4,82.8,71.1,NaN,Daily,0.2,SILENT,NaN,2.4,4.0,4.6,7.0,4.0,5.8,Good
STU3274,6.98,2.0,2.0,61.2,85.0,67.1,52.9,2.2,Monthly,4.2,Silent,1.9,0.9,0.0,1.2,7.3,34.0,1.9,At-Risk
STU2382,9.06,0.0,0.0,89.5,89.8,92.8,80.1,7.2,Weekly,1.1,Keep Away,NaN,NaN,2.0,4.2,8.8,27.0,6.3,Good
STU6488,3.9,3.0,3.0,30.1,35.9,NaN,26.0,0.9,Monthly,4.7,Silent,2.0,0.8,1.0,0.9,5.0,69.0,1.6,At-Risk
STU7113,8.07,0.0,0.0,90.1,88.2,72.1,78.8,4.8,Weekly,1.7,Silent,0.5,NaN,5.0,7.1,7.4,13.0,5.3,Good
STU2993,5.16,3.0,3.0,31.2,19.0,39.1,49.1,1.6,Only Before Exam,4.5,Actively Use,NaN,0.6,0.0,1.6,5.1,57.0,0.9,At-Risk
STU5103,8.82,NaN,0.0,NaN,97.7,78.8,89.3,NaN,daily,1.1,Silent,0.5,NaN,2.0,7.5,7.1,10.0,4.4,Good
STU2610,4.53,2.0,2.0,41.4,50.1,48.3,35.3,0.3,Only Before Exam,7.9,Actively Use,3.9,0.6,0.0,1.5,4.2,63.0,0.1,At-Risk
STU3031,4.66,4.0,3.0,38.0,47.8,32.3,30.3,1.8,Monthly,5.1,Actively Use,NaN,0.1,1.0,0.4,4.0,76.0,0.8,At-Risk
STU3723,5.26,5.0,1.0,32.5,38.4,23.2,NaN,1.7,Monthly,4.8,Silent,2.2,0.3,1.0,1.7,5.9,76.0,1.8,At-Risk
STU0949,9.36,0.0,0.0,84.6,89.1,75.4,84.2,NaN,Weekly,1.2,Keep Away,0.7,1.6,5.0,5.4,7.0,25.0,6.3,Good
STU5792,5.72,1.0,1.0,57.4,61.8,69.8,56.3,3.0,Weekly,2.7,Silent,1.4,1.0,2.0,3.2,NaN,29.0,1.9,Average
STU0055,4.97,2.0,2.0,41.7,23.4,36.3,35.9,1.4,Never,5.2,SILENT,1.5,0.3,0.0,0.7,5.8,105.0,1.1,At-Risk
STU1423,9.53,0.0,0.0,90.9,93.7,99.7,90.0,7.6,Weekly,0.8,silent,0.6,2.2,5.0,NaN,8.2,7.0,3.9,Good
STU1355,6.88,2.0,1.0,55.3,68.2,55.7,54.5,2.1,Weekly,2.0,Silent,2.0,1.2,2.0,1.3,5.8,46.0,3.2,Average
STU1832,9.92,0.0,0.0,102.0,93.0,95.9,75.3,5.2,Daily,2.1,Keep Away,0.1,1.4,3.0,5.1,8.4,14.0,5.4,Good
STU2911,3.71,3.0,3.0,41.2,49.4,22.9,32.6,1.7,ONLY BEFORE EXAM,4.1,Silent,3.0,0.6,0.0,1.3,6.2,48.0,1.7,At-Risk
STU0893,7.74,0.0,0.0,85.3,93.3,87.5,89.1,4.4, Daily ,0.8,Silent,0.3,2.9,6.0,6.8,8.9,NaN,3.2,Good
STU4282,7.43,2.0,2.0,56.2,72.5,56.0,70.2,2.7,Monthly,2.0,Actively Use,1.6,0.8,1.0,3.0,6.2,49.0,2.6,At-Risk
STU4917,9.31,0.0,0.0,79.7,93.5,94.0,90.4,7.9,Daily,0.4,Keep Away,0.3,1.9,4.0,5.6,7.4,24.0,4.5,Good
STU5549,6.95,2.0,2.0,57.0,68.8,55.5,64.5,3.3,Monthly,3.2,Silent,0.8,1.4,2.0,1.2,6.9,45.0,NaN,At-Risk
STU0159,9.04,NaN,0.0,81.0,89.9,95.8,86.7,3.9,Daily,1.5,Keep Away,0.0,2.5,3.0,4.0,8.9,5.0,4.5,Good
STU7383,4.7,3.0,1.0,53.2,60.5,23.6,37.3,1.0,NaN,3.7,Actively Use,4.2,0.8,1.0,1.9,4.4,52.0,0.5,At-Risk
STU4694,6.82,1.0,1.0,70.3,82.4,52.4,67.3,2.8,Monthly,2.5,Keep Away,1.4,0.8,2.0,2.4,7.7,46.0,1.1,Average
STU4593,7.07,2.0,1.0,60.3,73.6,57.3,56.6,2.4,Weekly,2.6,NaN,NaN,1.2,1.0,1.6,7.4,50.0,1.9,Average
STU4621,9.12,0.0,0.0,97.3,97.3,76.9,88.9,4.2,DAILY,0.9,Silent,0.4,2.7,4.0,3.9,8.2,10.0,3.8,Good
STU2302,6.4,1.0,1.0,68.0,63.9,NaN,53.3,2.7,Monthly,2.3,NaN,0.9,1.2,1.0,NaN,6.1,51.0,1.9,Average
STU1544,4.79,3.0,2.0,40.1,31.1,33.4,22.8,0.7,monthly,5.3,Actively Use,4.8,0.3,0.0,1.8,NaN,46.0,0.4,At-Risk
STU5397,9.44,0.0,0.0,99.3,101.7,81.7,89.4,6.5,daily,1.2,Silent,0.7,1.4,2.0,7.2,8.9,18.0,4.6,Good
STU6757,7.75,0.0,NaN,79.3,99.9,NaN,75.2,6.1,Daily,0.3,Keep Away,0.9,1.9,NaN,7.0,8.8,0.0,6.9,Good
STU6307,7.26,1.0,1.0,61.6,NaN,62.0,NaN,2.4,Monthly,2.1,Keep Away,0.9,NaN,0.0,NaN,7.1,36.0,2.6,Average
STU4576,5.56,2.0,1.0,69.1,84.8,58.7,69.5,3.3,Weekly,2.4,Keep Away,NaN,1.2,2.0,NaN,6.6,46.0,2.0,Average
STU0786,9.81,0.0,0.0,88.5,93.2,83.5,99.8,6.8,daily,0.4,Silent,0.8,1.9,NaN,7.1,8.7,16.0,3.8,Good
STU3095,5.26,4.0,4.0,52.8,NaN,35.1,38.4,NaN,Never,3.1,Actively Use,4.5,0.5,0.0,1.1,5.8,113.0,1.5,At-Risk
STU0047,8.88,0.0,0.0,89.1,97.3,82.5,74.1,4.1,Daily,1.4,Keep Away,0.6,2.4,5.0,4.1,7.4,25.0,3.1,Good
STU7176,8.36,0.0,0.0,81.1,95.5,98.2,NaN,6.0,Weekly,NaN,Keep Away,0.3,2.6,2.0,4.3,8.0,4.0,4.4,Good
STU1058,8.8,0.0,0.0,99.1,95.6,76.4,87.9,5.7,Daily,0.9,Keep Away,0.7,2.0,2.0,NaN,8.5,7.0,5.5,Good
STU3985,3.36,4.0,2.0,45.6,36.3,30.1,22.1,2.1,Never,7.9,Actively Use,NaN,0.3,0.0,NaN,NaN,48.0,1.9,At-Risk
STU2795,6.14,1.0,1.0,68.7,84.1,58.9,65.1,2.7,Monthly,NaN,Keep Away,1.9,0.5,2.0,1.7,7.0,21.0,2.2,Average
STU4787,7.65,0.0,0.0,72.1,89.0,72.6,85.1,4.7,WEEKLY,2.1,Keep Away,0.9,3.0,3.0,7.0,NaN,30.0,4.5,Good
STU2853,9.49,0.0,0.0,85.3,NaN,81.6,78.9,4.5,Weekly,1.8,Keep Away,0.6,1.8,2.0,5.5,8.0,9.0,4.0,Good
STU3039,8.04,0.0,0.0,89.2,93.2,85.9,84.0,4.8,DAILY,0.5,Silent,0.1,1.5,3.0,4.3,7.6,15.0,3.8,Good
STU2879,3.25,3.0,1.0,41.5,NaN,46.2,37.3,0.9,never,7.7,Silent,1.3,0.6,0.0,2.0,6.1,78.0,1.5,At-Risk
STU4248,9.08,0.0,0.0,86.5,92.8,88.2,88.1,6.7,DAILY,0.2,Keep Away,0.7,2.7,4.0,3.3,NaN,9.0,6.2,Good
STU1635,9.22,0.0,NaN,91.3,89.0,71.7,70.5,5.9,Weekly,1.6,KEEP AWAY,0.2,2.2,5.0,NaN,8.6,4.0,6.2,Good
STU5507,8.49,0.0,0.0,83.0,90.7,NaN,90.5,5.1,Weekly,0.8, Keep Away ,NaN,1.2,4.0,6.4,7.5,22.0,6.4,Good
STU0245,NaN,0.0,0.0,84.0,92.8,90.3,70.9,6.2,NaN,1.3,Silent,0.2,2.6,6.0,5.9,8.8,9.0,3.2,Good
STU7341,8.41,0.0,0.0,87.2,88.0,85.2,100.2,6.9,Weekly,0.4,Silent,0.7,1.2,5.0,5.0,8.5,28.0,3.5,Good
STU5044,9.74,0.0,NaN,84.5,97.5,74.1,82.4,7.1,weekly,1.2,Silent,0.8,2.8,4.0,5.5,NaN,1.0,5.8,Good
STU6552,8.06,0.0,0.0,80.8,85.6,80.0,94.7,6.5,Daily,1.8,Keep Away,0.5,2.0,3.0,4.0,NaN,19.0,5.4,Good
STU4818,5.83,1.0,1.0,64.7,70.8,NaN,60.3,3.3,Monthly,3.8,keep away,1.8,1.4,2.0,3.1,5.8,43.0,2.3,Average
STU0195,9.09,0.0,0.0,78.1,90.6,69.4,85.5,NaN,WEEKLY,0.1,silent,0.4,1.9,2.0,4.8,NaN,27.0,4.7,Good
STU6176,9.34,0.0,0.0,91.0,91.0,100.7,94.9,4.6,Weekly,0.8,Keep Away,0.4,1.1,3.0,3.1,NaN,6.0,4.3,Good
STU2700,9.96,0.0,0.0,74.9,95.4,86.8,94.4,7.0,Weekly,1.5,Keep Away,0.1,2.6,6.0,4.1,7.1,17.0,3.9,Good
STU6233,6.0,2.0,1.0,55.2,72.0,52.5,59.4,3.0,Monthly,2.3, Actively Use ,NaN,0.5,1.0,2.8,6.4,57.0,3.6,At-Risk
STU5002,6.23,2.0,1.0,NaN,73.4,57.2,62.2,2.2,Weekly,2.9,Silent,NaN,0.6,2.0,2.4,6.3,NaN,1.8,Average
STU7133,8.9,0.0,0.0,79.5,96.4,74.6,91.6,NaN,Daily,0.9,Keep Away,0.7,1.3,4.0,6.8,8.8,12.0,4.5,Good
STU6489,5.28,2.0,2.0,40.5,19.1,38.9,43.4,1.1,Monthly,6.6,Actively Use,3.6,1.0,0.0,1.7,NaN,71.0,0.9,At-Risk
STU6305,7.61,0.0,0.0,98.5,95.2,71.5,73.0,6.6,Daily,2.1,Keep Away,0.5,1.7,5.0,7.7,9.1,17.0,6.1,Good
STU4014,8.54,0.0,0.0,89.5,94.8,69.3,97.5,4.7,NaN,0.9,NaN,0.9,1.0,4.0,NaN,7.1,20.0,3.5,Good
STU3533,8.26,0.0,0.0,87.3,93.8,92.8,72.9,4.1,Daily,0.5,Keep Away,0.9,2.7,2.0,5.8,8.9,28.0,NaN,Good
STU6380,9.4,0.0,0.0,84.7,89.8,78.0,70.9,6.4,Weekly,1.6, Silent ,0.3,2.4,6.0,4.2,8.3,20.0,4.8,Good
STU0897,8.89,0.0,0.0,93.1,86.5,89.5,75.7,7.2,WEEKLY,0.8,Silent,0.7,NaN,4.0,5.0,8.4,30.0,3.9,Good
STU0346,8.36,0.0,0.0,79.6,85.4,94.3,101.8,6.6,WEEKLY,0.5,Keep Away,0.4,NaN,4.0,6.9,7.2,23.0,3.0,Good
STU2647,6.28,2.0,1.0,69.5,64.0,54.0,65.1,2.9,Weekly,2.6,Silent,1.8,1.4,2.0,3.8,6.5,56.0,3.7,Average
STU3114,6.45,1.0,NaN,59.4,57.3,63.6,56.9,2.8,Weekly,3.8,actively use,0.6,1.4,0.0,1.0,8.0,44.0,2.4,Average
STU7227,8.03,0.0,0.0,87.5,82.1,92.5,92.9,6.3,Weekly,0.9,Silent,0.4,1.4,5.0,5.1,7.7,6.0,5.3,Good
STU1691,3.58,5.0,1.0,53.9,42.2,24.9,29.1,1.8, Monthly ,7.7,Silent,2.0,NaN,0.0,1.7,6.3,103.0,1.6,At-Risk
STU3307,8.07,0.0,0.0,80.1,88.6,89.4,79.9,7.3,NaN,NaN,Keep Away,1.0,1.1,3.0,3.3,8.3,27.0,6.6,Good
STU3029,8.78,0.0,0.0,85.0,88.9,88.0,81.9,5.4,Weekly,-0.2, Silent ,0.6,1.2,3.0,4.1,8.3,19.0,4.3,Good
STU1758,3.82,3.0,1.0,31.6,57.4,47.4,33.9,1.4,Monthly,6.3,Silent,1.8,0.2,1.0,0.9,6.7,52.0,NaN,At-Risk
STU0163,9.47,0.0,0.0,88.6,93.7,75.9,77.3,6.0,Weekly,0.1,Silent,0.2,2.2,6.0,6.7,9.2,21.0,6.7,Good
STU3370,4.33,5.0,3.0,47.3,27.7,NaN,37.5,0.4,Only Before Exam,4.9,Actively Use,4.0,0.0,0.0,0.3,6.9,95.0,1.5,At-Risk
STU5949,6.37,NaN,1.0,65.2,62.9,58.5,56.1,3.1,Monthly,3.1,keep away,0.9,0.5,2.0,1.5,6.2,19.0,2.7,Average
STU5851,7.5,0.0,0.0,95.4,94.0,101.2,91.5,5.4,Daily,1.7,Silent,0.4,2.6,6.0,4.7,NaN,NaN,5.9,Good
STU4608,6.07,1.0,1.0,64.4,63.2,53.6,57.8,2.4,Weekly,3.6,Actively Use,1.9,0.6,0.0,3.7,7.3,33.0,3.6,Average
STU0096,7.15,1.0,1.0,63.4,74.6,61.4,56.5,3.7,Weekly,3.6,Keep Away,1.5,1.4,0.0,3.6,7.3,45.0,3.5,Average
STU2339,4.51,4.0,4.0,51.3,21.4,40.6,26.3,0.2,Never,5.9,Actively Use,1.9,0.8,0.0,0.1,NaN,65.0,1.0,At-Risk
STU0222,8.42,0.0,0.0,76.2,100.4,82.7,95.5,7.2,weekly,0.5,Silent,NaN,1.9,NaN,7.4,7.4,14.0,5.7,Good
STU6995,5.63,1.0,1.0,63.5,74.2,64.7,NaN,2.4,Weekly,3.0,Keep Away,0.7,1.5,2.0,2.6,6.4,NaN,2.1,Average
STU3680,9.71,0.0,0.0,91.3,94.6,77.2,87.3,6.7,WEEKLY,0.9,keep away,0.9,2.3,5.0,7.2,8.3,NaN,4.3,Good
STU1198,3.19,3.0,3.0,39.2,60.6,42.6,46.8,1.4,Never,7.5, Actively Use ,3.8,0.8,1.0,1.0,6.8,44.0,1.7,At-Risk
STU6495,6.38,1.0,1.0,67.6,68.0,52.5,58.9,4.0,Weekly,4.0,Silent,1.6,1.3,1.0,1.6,6.6,30.0,2.8,Average
STU1376,3.76,4.0,1.0,48.4,42.1,38.0,NaN,1.0,Only Before Exam,6.0,Actively Use,2.4,NaN,1.0,0.2,6.5,119.0,0.9,At-Risk
STU4921,9.2,0.0,0.0,85.9,100.8,97.9,76.5,6.5,Daily,1.8,SILENT,0.2,1.3,4.0,4.3,7.7,28.0,6.9,Good
STU1647,7.63,0.0,0.0,89.5,99.1,82.2,77.5,6.0,Daily,1.2,Silent,0.3,2.4,6.0,7.9,8.6,9.0,4.2,Good
STU5375,8.88,0.0,0.0,79.3,96.6,74.7,97.7,5.4,Daily,1.0,Silent,0.0,NaN,6.0,7.1,7.8,8.0,6.7,Good
STU5687,5.98,2.0,2.0,55.1,62.8,69.1,61.2,2.9,Weekly,2.5,Actively Use,0.7,1.0,2.0,NaN,7.1,16.0,1.1,Average
STU6957,6.21,2.0,1.0,70.3,77.0,59.0,68.5,2.9,Monthly,3.4, Keep Away ,1.6,1.0,0.0,2.0,7.8,30.0,1.2,Average
STU2806,8.36,0.0,0.0,90.0,95.8,97.9,83.3,5.4,Daily,1.1,Silent,0.3,2.3,2.0,7.7,7.4,3.0,5.2,Good
STU3187,3.81,5.0,2.0,53.8,27.4,22.8,20.8,0.7,NaN,5.8,Silent,3.0,0.4,0.0,0.2,4.6,92.0,NaN,At-Risk
STU5482,9.7,0.0,0.0,74.2,89.4,79.1,77.5,4.7,Weekly,1.8,Silent,0.2,2.7,5.0,4.8,7.9,0.0,4.9,Good
STU3062,4.23,3.0,2.0,44.9,53.8,25.5,22.0,0.7,NEVER,8.2,Silent,4.6,0.4,1.0,NaN,4.1,41.0,0.6,At-Risk
STU6717,5.58,1.0,1.0,NaN,66.4,65.6,57.3,2.9,Monthly,3.6,ACTIVELY USE,1.5,1.4,0.0,3.8,6.6,23.0,2.9,At-Risk
STU0552,3.62,2.0,2.0,31.1,25.2,41.1,26.8,NaN,Never,5.4,Silent,3.9,0.1,0.0,0.8,5.4,99.0,1.1,At-Risk
STU0511,5.6,1.0,1.0,56.8,62.4,70.8,65.7,3.5,MONTHLY,2.8,Keep Away,1.0,0.7,2.0,1.9,6.7,29.0,3.3,Average
STU6038,8.65,0.0,NaN,99.7,87.8,91.6,95.1,5.6,Weekly,0.5,Keep Away,0.6,1.6,3.0,6.3,7.3,10.0,3.6,Good
STU4534,9.02,0.0,NaN,87.1,93.4,76.4,80.9,7.9,Daily,1.1,silent,0.3,2.7,3.0,6.7,8.2,6.0,6.6,Good
STU6436,7.91,0.0,0.0,83.3,86.2,75.1,93.7,6.6, Weekly ,0.7,Keep Away,0.6,2.7,5.0,7.2,8.3,3.0,3.5,Good
STU0836,5.85,1.0,1.0,51.7,83.8,50.0,63.0,2.1,Monthly,3.7,Keep Away,1.8,1.2,2.0,NaN,6.0,29.0,NaN,Average
STU5902,6.77,1.0,1.0,64.0,80.7,62.5,70.9,3.2,Weekly,2.6,Actively Use,1.2,1.0,2.0,1.9,6.3,60.0,NaN,Average
STU4353,4.02,5.0,NaN,44.1,NaN,35.0,40.5,0.5,Only Before Exam,6.2,Actively Use,2.8,0.4,1.0,0.8,5.1,51.0,0.6,At-Risk
STU0214,4.31,2.0,2.0,38.6,21.3,34.8,42.7,1.9,Only Before Exam,3.1,Silent,1.3,0.4,1.0,0.6,4.7,68.0,0.6,At-Risk
STU6819,9.41,0.0,0.0,94.5,83.5,91.5,86.2,7.7,Daily,1.5,SILENT,0.6,2.2,3.0,3.9,8.8,4.0,5.2,Good
STU0906,9.87,0.0,0.0,81.1,85.9,82.6,NaN,7.8,Daily,-0.2,keep away,0.8,2.1,6.0,4.8,7.3,15.0,5.5,Good
STU6209,7.55,0.0,0.0,88.5,97.5,98.9,94.2,7.9,weekly,1.2,Keep Away,0.2,2.2,5.0,5.1,7.4,17.0,6.1,Good
STU0963,8.63,0.0,0.0,84.8,93.6,97.1,87.0,7.5,DAILY,0.4,Keep Away,0.7,2.6,3.0,6.4,8.2,11.0,5.3,Good
STU4291,8.89,0.0,0.0,93.1,95.3,91.7,98.9,NaN,Weekly,0.4,KEEP AWAY,0.9,1.4,5.0,8.0,NaN,8.0,5.5,Good
STU4788,8.74,0.0,0.0,79.8,95.2,93.5,87.0,5.3,DAILY,0.8,Silent,0.1,NaN,2.0,5.3,8.9,12.0,NaN,Good
STU0001,3.94,2.0,2.0,53.2,51.6,39.5,24.0,0.5,Monthly,3.3,Silent,4.5,0.6,0.0,1.4,4.1,53.0,1.9,At-Risk
STU2351,8.47,0.0,0.0,89.3,84.6,94.0,75.4,7.2,Daily,0.7,SILENT,0.0,1.3,6.0,7.9,7.5,16.0,3.4,Good
STU6179,7.49,1.0,1.0,73.1,77.7,NaN,55.8,3.8,Monthly,3.2,Silent,1.3,NaN,2.0,3.7,7.4,46.0,1.1,Average
STU5273,9.74,0.0,0.0,NaN,91.6,84.3,76.0,6.0,Weekly,1.0,Silent,0.8,1.7,5.0,3.5,8.0,28.0,6.2,Good
STU5080,9.77,0.0,0.0,88.0,89.0,100.1,78.0,7.1,Weekly,1.3,Keep Away,0.5,1.8,3.0,7.4,8.0,30.0,4.5,Good
STU1593,6.42,1.0,1.0,61.6,68.1,50.4,67.2,3.2,Monthly,2.9,Keep Away,1.1,1.0,0.0,2.1,6.7,40.0,2.4,At-Risk
STU3471,NaN,0.0,0.0,85.2,92.9,NaN,85.2,5.1,Daily,NaN,Keep Away,0.2,2.3,3.0,3.8,8.1,30.0,5.8,Good
STU6668,9.8,0.0,0.0,82.0,88.8,81.3,75.7,5.7,Daily,NaN,Silent,0.9,1.3,3.0,5.5,8.9,26.0,6.3,Good
STU1392,9.46,0.0,0.0,80.4,95.7,87.8,89.7,6.0,Weekly,1.4,Keep Away,0.1,2.7,4.0,3.3,7.3,18.0,5.3,Good
STU2186,9.43,0.0,0.0,84.3,95.9,88.3,78.5,4.2,DAILY,1.6,Silent,0.7,2.3,5.0,3.3,8.6,16.0,NaN,Good
STU1420,4.65,5.0,1.0,38.1,37.8,32.0,28.8,1.8,Only Before Exam,5.5,Actively Use,4.3,NaN,1.0,NaN,6.9,93.0,1.2,At-Risk
STU6231,7.52,0.0,0.0,79.6,NaN,73.3,77.4,5.1,Daily,1.1,Keep Away,0.4,2.8,2.0,7.4,8.5,14.0,5.6,Good
STU1872,3.96,2.0,2.0,51.5,49.1,32.6,29.3,1.9,Monthly,6.4,Actively Use,4.9,0.6,1.0,1.6,6.4,78.0,NaN,At-Risk
STU0474,8.95,0.0,0.0,79.9,97.5,73.5,76.3,5.7,Weekly,1.9,Keep Away,0.2,1.3,5.0,NaN,7.9,14.0,6.6,Good
STU4985,7.94,0.0,0.0,77.7,NaN,NaN,76.7,7.9,NaN,0.6,Silent,0.1,1.8,2.0,NaN,7.0,19.0,6.0,Good
STU5364,5.72,1.0,NaN,71.0,66.3,54.2,56.5,2.9,Monthly,3.0,SILENT,1.4,0.9,1.0,2.3,6.8,28.0,2.2,At-Risk
STU1902,NaN,0.0,0.0,87.7,90.7,88.7,83.9,4.4, Daily ,0.9,Keep Away,0.9,NaN,6.0,6.4,8.0,7.0,6.0,Good
STU4640,7.51,0.0,0.0,75.7,101.0,88.3,95.7,5.7,Weekly,0.7,Keep Away,0.3,1.3,5.0,4.9,7.0,21.0,5.0,Good
STU2209,6.26,2.0,2.0,57.8,80.8,69.8,55.5,3.6,Monthly,2.6,ACTIVELY USE,1.3,1.3,1.0,1.3,NaN,25.0,1.6,At-Risk
STU5615,8.75,0.0,0.0,84.6,94.1,88.6,72.4,NaN,Weekly,NaN,Keep Away,1.0,2.0,6.0,7.6,6.9,1.0,3.4,Good
STU2723,6.69,1.0,1.0,69.1,77.3,66.4,NaN,3.1,Monthly,2.3,Keep Away,1.3,1.1,2.0,1.6,6.8,39.0,3.5,Average
STU4898,6.24,2.0,2.0,70.9,77.6,56.8,NaN,2.6,Weekly,3.8,Keep Away,1.9,0.5,1.0,2.0,6.8,NaN,3.9,Average
STU6506,9.59,0.0,0.0,73.8,93.2,79.4,95.6,5.5,Daily,0.8,Silent,0.7,2.4,5.0,6.2,7.6,0.0,5.4,Good
STU4832,8.49,0.0,0.0,79.1,96.7,96.7,95.8,6.2, Daily ,0.1,Silent,0.7,2.2,3.0,4.1,8.6,5.0,3.3,Good
STU1626,3.41,5.0,1.0,42.8,46.6,29.3,32.1,0.3,Monthly,7.1,Actively Use,4.6,1.0,0.0,1.4,5.7,111.0,0.5,At-Risk
STU1330,6.48,1.0,1.0,71.3,82.6,52.1,57.5,2.7,Weekly,2.1,Silent,1.7,1.3,1.0,2.5,7.3,58.0,1.2,Average
STU0188,9.64,0.0,0.0,87.5,83.8,95.3,89.0,4.5,WEEKLY,0.2,Keep Away,0.9,2.3,6.0,7.1,9.0,24.0,5.3,Good
STU4981,7.1,2.0,1.0,70.8,63.0,51.4,72.9,2.6,WEEKLY,2.7,Keep Away,1.6,1.1,0.0,NaN,6.1,53.0,1.2,Average
STU6394,6.11,1.0,1.0,57.8,68.8,55.0,59.8,3.3,weekly,3.6,Keep Away,0.8,0.8,1.0,1.0,6.7,20.0,2.3,Average
STU4187,5.96,1.0,1.0,73.0,68.1,63.3,52.5,3.0,MONTHLY,3.7,SILENT,0.6,NaN,0.0,3.7,7.1,43.0,3.1,Average
STU0434,4.85,2.0,2.0,32.7,35.8,28.7,26.2,2.2,Never,6.2,ACTIVELY USE,3.9,1.0,1.0,0.8,6.5,67.0,0.9,At-Risk
STU6200,8.05,0.0,0.0,100.2,98.2,79.1,89.2,4.5,Weekly,0.4,Silent,0.6,2.3,3.0,5.7,NaN,10.0,6.2,Good
STU0054,8.83,NaN,0.0,81.1,89.6,85.0,66.4,5.1,daily,0.4,SILENT,0.3,1.2,4.0,NaN,8.1,1.0,5.7,Good
STU3893,8.29,0.0,0.0,92.8,97.1,70.7,70.3,4.6,Daily,1.6,Keep Away,0.5,3.0,2.0,7.4,8.9,26.0,3.5,Good
STU0333,NaN,0.0,0.0,98.2,86.0,82.8,79.8,7.4,Daily,NaN,Silent,0.2,2.5,4.0,3.3,7.9,NaN,4.8,Good
STU4996,8.1,0.0,0.0,86.2,97.4,75.2,93.3,5.3,Weekly,0.3,Silent,0.9,2.3,2.0,3.5,8.4,27.0,3.7,Good
STU5566,6.64,NaN,1.0,57.9,62.4,58.0,64.4,2.2,Monthly,2.8,Keep Away,0.6,0.9,2.0,2.4,6.7,33.0,2.7,Average
STU0060,6.01,2.0,2.0,68.9,78.4,62.5,56.9,3.0,Weekly,2.6,Actively Use,NaN,1.3,2.0,3.9,6.2,34.0,NaN,Average
STU7156,9.33,0.0,0.0,79.3,92.1,69.0,80.0,4.7,Weekly,0.6,Silent,1.0,1.6,5.0,5.8,7.0,24.0,6.2,Good
STU2760,5.59,1.0,1.0,74.0,NaN,52.3,58.5,4.0,Monthly,2.4,Actively Use,0.9,0.6,0.0,2.8,6.3,30.0,3.3,Average
STU1864,8.6,0.0,0.0,75.9,100.2,79.7,89.7,6.9,Weekly,NaN,Keep Away,0.8,2.3,6.0,5.3,8.2,2.0,3.4,Good
STU1873,9.91,0.0,0.0,74.4,96.4,98.3,77.7,6.5,WEEKLY,0.9,silent,0.8,2.7,4.0,6.0,NaN,23.0,4.2,Good
STU3759,5.89,1.0,1.0,71.1,82.7,64.7,62.4,4.2, Monthly ,2.0,NaN,1.8,0.9,2.0,NaN,6.3,47.0,1.1,At-Risk
STU1389,4.41,5.0,2.0,28.2,30.2,21.4,41.8,-0.2,Monthly,7.2,Silent,3.6,0.2,0.0,NaN,6.0,69.0,1.8,At-Risk
STU7421,9.37,0.0,0.0,87.5,97.0,78.7,NaN,7.4,Daily,1.5,Keep Away,0.1,2.5,NaN,6.0,7.3,23.0,6.3,Good
STU0148,3.38,4.0,2.0,36.6,48.1,32.9,30.5,0.6,Monthly,5.3,actively use,4.1,0.9,0.0,1.9,6.5,75.0,0.6,At-Risk
STU1052,8.15,0.0,0.0,83.1,98.3,90.7,72.4,4.6,NaN,0.2,KEEP AWAY,0.6,NaN,3.0,7.3,8.9,20.0,3.8,Good
STU7403,6.63,2.0,2.0,58.8,61.4,51.7,53.5,2.0, Monthly ,2.7,Silent,0.6,0.5,NaN,1.3,8.0,15.0,2.6,At-Risk
STU4008,3.83,3.0,1.0,31.3,38.1,29.0,48.0,0.7,Monthly,5.9, Actively Use ,4.8,0.4,0.0,0.7,4.6,109.0,1.9,At-Risk
STU3675,8.81,0.0,0.0,89.2,95.3,84.1,97.8,NaN,Daily,0.3,Keep Away,0.9,1.4,4.0,NaN,7.3,5.0,6.8,Good
STU1846,4.27,4.0,1.0,37.2,26.5,44.2,49.0,NaN,Never,4.8,actively use,NaN,0.8,1.0,0.9,5.9,43.0,1.4,At-Risk
STU3264,NaN,0.0,0.0,85.8,97.7,77.0,71.5,5.9,Daily,1.9,NaN,0.1,1.1,5.0,6.0,7.6,5.0,4.6,Good
STU3219,6.02,1.0,1.0,57.7,81.1,58.0,62.4,2.3,Monthly,3.0,Keep Away,1.0,0.5,2.0,3.3,7.0,41.0,2.0,Average
STU6059,9.58,0.0,0.0,91.0,97.6,97.8,96.4,5.7,Weekly,1.0,Keep Away,0.9,1.3,3.0,4.4,7.2,28.0,3.2,Good
STU2277,7.83,0.0,0.0,77.4,83.9,74.0,99.0,6.7,Daily,0.5, Keep Away ,0.8,NaN,4.0,3.7,8.7,14.0,4.4,Good
STU5222,9.88,0.0,0.0,78.4,98.1,78.1,96.2,5.3,daily,0.3,Keep Away,NaN,2.8,3.0,3.9,7.0,20.0,NaN,Good
STU1683,4.24,5.0,2.0,39.0,29.4,27.0,40.1,0.2,only before exam,3.0,Actively Use,3.4,0.6,0.0,1.3,5.2,102.0,1.6,At-Risk
STU5965,6.97,2.0,NaN,72.7,68.9,71.5,51.9,2.2,Monthly,2.2,ACTIVELY USE,1.5,0.7,0.0,1.2,8.0,47.0,1.7,At-Risk
STU2865,5.13,3.0,1.0,49.9,32.3,NaN,27.4,-0.0,Never,2.9,Silent,3.3,0.1,0.0,0.0,4.2,79.0,0.6,At-Risk
STU1129,8.44,0.0,0.0,95.8,99.0,77.5,82.1,7.8,DAILY,0.0,Keep Away,0.9,1.4,5.0,6.4,8.1,27.0,5.2,Good
STU1615,9.43,0.0,0.0,81.5,84.3,93.5,82.4,6.7, Daily ,1.4,Silent,0.5,2.6,4.0,5.9,7.8,29.0,5.9,Good
STU3412,9.74,0.0,0.0,88.8,93.5,98.0,93.5,5.0,Daily,1.7,SILENT,0.7,1.5,4.0,4.6,8.2,14.0,NaN,Good
STU0651,7.59,0.0,0.0,78.8,98.6,NaN,71.7,4.5,Daily,1.5,Keep Away,0.9,1.5,2.0,3.1,7.3,NaN,3.2,Good
STU5618,7.2,2.0,1.0,60.0,75.7,67.7,57.9,2.0,Weekly,2.3,Keep Away,1.6,0.7,0.0,2.8,7.7,24.0,2.8,Average
STU3448,7.62,0.0,0.0,80.5,91.0,82.9,79.4,4.2,Daily,0.6,silent,0.8,1.9,6.0,4.5,7.8,NaN,5.2,Good
STU0622,3.67,3.0,1.0,45.2,56.3,51.7,39.4,1.2,Never,4.0,Actively Use,2.0,0.5,0.0,0.7,6.6,118.0,0.7,At-Risk
STU5553,6.87,1.0,1.0,65.0,75.4,51.0,64.7,3.6,Monthly,2.8,Actively Use,1.1,NaN,0.0,NaN,7.5,35.0,3.1,At-Risk
STU0771,8.34,0.0,0.0,90.7,95.8,92.3,80.6,NaN,Weekly,0.7,silent,0.5,NaN,2.0,NaN,6.9,0.0,5.5,Good
STU1732,4.54,2.0,2.0,32.2,52.4,47.1,34.0,1.0,Monthly,NaN,SILENT,4.7,0.9,NaN,0.1,4.5,70.0,1.5,At-Risk
STU6804,7.13,NaN,1.0,73.2,63.4,56.0,64.5,3.4,weekly,3.7,actively use,NaN,1.4,2.0,1.2,7.0,20.0,1.8,Average
STU1926,9.17,0.0,0.0,81.5,95.3,75.5,84.9,6.5,Daily,1.8,keep away,NaN,2.4,5.0,4.8,7.2,9.0,3.9,Good
STU4088,7.49,1.0,1.0,60.6,74.9,66.5,47.9,2.5,WEEKLY,3.1,KEEP AWAY,1.3,0.6,2.0,2.2,7.0,47.0,2.3,Average
STU5913,6.9,1.0,1.0,67.7,80.9,66.2,62.9,2.5,Monthly,NaN,Keep Away,1.8,1.2,2.0,2.2,6.9,53.0,3.6,Average
STU5990,7.25,1.0,1.0,68.0,82.9,63.1,54.4,2.4,monthly,3.0,Actively Use,1.0,0.6,2.0,1.7,7.1,35.0,2.6,At-Risk
STU4105,8.03,0.0,0.0,98.3,84.5,80.4,75.1,6.2,Daily,0.7,Silent,0.7,2.9,5.0,6.5,7.8,18.0,NaN,Good
STU3931,9.91,0.0,0.0,93.3,NaN,98.6,74.7,6.9,Weekly,1.2,Silent,0.8,NaN,2.0,5.0,8.2,2.0,4.6,Good
STU3405,7.01,1.0,1.0,69.3,62.4,55.5,63.5,2.6,weekly,2.5,actively use,1.8,1.2,0.0,NaN,7.6,23.0,NaN,Average
STU2786,9.24,0.0,0.0,80.6,99.3,87.0,76.1,7.7,Daily,1.1,Keep Away,0.5,NaN,3.0,NaN,7.3,20.0,NaN,Good
STU2905,3.64,2.0,2.0,51.2,29.0,35.0,33.2,0.9,Only Before Exam,3.7,Silent,2.4,NaN,1.0,1.1,5.5,99.0,1.0,At-Risk
STU3891,6.54,2.0,1.0,57.1,80.2,53.9,54.1,2.5,NaN,NaN,Silent,1.5,0.9,2.0,3.5,6.4,56.0,3.8,Average
STU5012,9.27,0.0,0.0,77.9,91.5,101.7,80.5,5.2,DAILY,1.8,Keep Away,0.0,2.1,3.0,4.1,7.8,18.0,3.8,Good
STU4421,3.86,5.0,3.0,54.8,26.6,49.8,21.6,1.8,Never,6.7,Silent,3.7,0.8,0.0,0.9,4.1,67.0,0.7,At-Risk
STU2135,9.45,0.0,0.0,96.4,89.2,79.4,81.5,4.1,Daily,NaN,Silent,0.5,1.2,6.0,3.6,7.8,2.0,5.9,Good
STU2245,3.66,5.0,1.0,51.6,51.4,16.6,36.2,0.2,Monthly,3.4,Silent,3.8,0.7,1.0,1.6,5.3,108.0,1.7,At-Risk
STU0719,7.42,2.0,2.0,56.0,NaN,53.2,71.9,2.4,WEEKLY,3.3,Silent,1.8,0.5,1.0,2.8,6.6,39.0,3.6,At-Risk
STU3921,7.76,0.0,0.0,91.7,94.2,93.3,96.7,6.9,Weekly,0.5,Silent,0.2,2.8,2.0,7.0,8.5,21.0,NaN,Good
STU6023,8.3,0.0,0.0,95.0,92.4,91.5,88.6,6.2,Weekly,0.8,Silent,0.4,2.8,3.0,5.9,8.1,30.0,3.2,Good
STU2248,6.16,2.0,2.0,58.2,83.2,69.5,52.1,2.7,Monthly,3.2,Actively Use,0.8,1.1,0.0,3.1,7.2,23.0,3.1,Average
STU3560,7.64,0.0,0.0,83.5,97.3,101.1,93.5,4.9,weekly,0.5,Keep Away,0.8,1.9,5.0,NaN,8.2,15.0,3.4,Good
STU3605,7.97,0.0,0.0,82.7,98.4,99.5,79.4,7.9,DAILY,0.6,Keep Away,0.9,1.4,2.0,NaN,7.6,28.0,3.8,Good
STU7288,9.4,0.0,0.0,77.5,93.9,90.6,81.6,7.6,Daily,1.7,Keep Away,0.8,1.3,2.0,3.5,8.4,29.0,5.6,Good
STU1709,4.01,5.0,4.0,29.3,44.2,29.1,34.3,0.9,Never,3.3,NaN,NaN,0.4,0.0,1.4,5.9,NaN,0.4,At-Risk
STU3964,9.72,0.0,0.0,91.8,94.8,72.6,86.7,6.7,Weekly,0.4,Keep Away,NaN,2.9,3.0,7.5,7.5,19.0,4.3,Good
STU3418,5.11,2.0,2.0,51.5,40.2,NaN,44.6,1.7,Only Before Exam,6.4, Silent ,3.2,0.5,0.0,2.0,5.0,109.0,0.2,At-Risk
STU6033,9.27,NaN,0.0,91.0,NaN,91.9,90.2,7.0,Daily,0.5,Keep Away,0.7,NaN,2.0,7.1,NaN,18.0,5.3,Good
STU1366,3.18,2.0,2.0,44.0,42.8,35.3,43.3,0.3,Only Before Exam,3.3,Actively Use,3.7,0.3,0.0,0.0,4.8,97.0,0.6,At-Risk
STU3829,5.44,2.0,2.0,48.2,37.7,23.8,19.9,1.7,Only Before Exam,7.3,Actively Use,1.1,0.9,1.0,0.8,4.6,105.0,0.2,At-Risk
STU1546,9.45,0.0,0.0,98.5,91.1,89.3,80.1,6.6,Daily,0.8,silent,0.4,2.7,2.0,3.3,8.7,0.0,6.4,Good
STU1842,4.06,3.0,2.0,38.0,52.2,37.1,37.0,0.8,Never,6.4,NaN,2.3,0.0,0.0,1.6,4.5,57.0,1.4,At-Risk
STU2250,9.29,0.0,0.0,94.4,95.4,70.8,94.1,6.8,Daily,0.8,Silent,NaN,2.0,6.0,7.3,NaN,7.0,3.4,Good
STU1286,3.81,4.0,3.0,48.4,30.9,40.1,NaN,1.2,Only Before Exam,6.2,Silent,1.3,0.9,1.0,0.6,5.8,NaN,2.0,At-Risk
STU0146,9.57,0.0,0.0,104.9,96.2,71.8,84.6,5.8,Daily,-0.1,Keep Away,0.3,2.5,3.0,3.7,NaN,23.0,3.9,Good
STU2884,9.7,0.0,0.0,99.8,90.2,97.5,94.5,5.3,Weekly,0.3,Keep Away,0.7,1.3,2.0,4.5,8.0,29.0,5.7,Good
STU5577,8.31,0.0,0.0,84.4,95.0,100.6,75.4,5.7,Daily,1.7,Keep Away,0.1,3.0,3.0,6.4,8.9,0.0,6.4,Good
STU3053,8.62,0.0,0.0,77.1,90.0,71.0,91.6,7.2,Weekly,0.3, Silent ,0.6,2.7,3.0,6.5,8.1,12.0,4.2,Good
STU2586,7.61,0.0,NaN,84.1,92.9,95.9,95.9,7.9,Daily,-0.0,Keep Away,0.8,2.6,6.0,7.5,7.6,5.0,6.6,Good
STU3468,8.73,0.0,0.0,95.5,96.8,83.1,87.2,6.3,Daily,0.6,keep away,0.1,2.1,6.0,NaN,NaN,20.0,3.7,Good
STU2044,8.71,0.0,0.0,98.0,99.3,96.9,93.8,5.3,Daily,1.4,Keep Away,0.9,2.9,5.0,6.4,7.4,24.0,3.2,Good
STU0247,9.29,0.0,0.0,87.2,102.0,90.7,92.1,7.5,Weekly,NaN,NaN,0.8,1.4,5.0,4.7,7.6,21.0,6.9,Good
STU7141,7.6,0.0,0.0,79.1,86.9,79.5,77.3,4.1,Daily,1.1,SILENT,0.1,1.1,5.0,3.2,9.0,11.0,4.6,Good
STU4006,5.22,3.0,2.0,34.3,NaN,31.7,34.4,1.0,Never,7.6,Actively Use,3.6,0.4,0.0,0.7,5.4,100.0,0.1,At-Risk
STU1662,8.1,0.0,0.0,90.9,98.0,78.8,91.6,7.3,Weekly,0.9,Keep Away,0.2,1.2,3.0,5.9,9.1,16.0,6.3,Good
STU7294,9.24,0.0,0.0,81.2,87.3,90.7,91.0,7.5,Weekly,NaN,Keep Away,0.2,2.2,NaN,3.8,NaN,10.0,6.2,Good
STU2713,4.3,2.0,2.0,35.0,50.4,38.8,18.7,1.5,ONLY BEFORE EXAM,3.8,Actively Use,4.3,0.4,0.0,0.7,4.2,107.0,2.0,At-Risk
STU5983,9.69,0.0,0.0,83.3,NaN,84.1,88.3,5.4,Daily,1.1,Keep Away,0.9,2.9,2.0,5.2,NaN,30.0,3.5,Good
STU2497,8.38,0.0,0.0,95.9,96.0,89.9,71.3,7.5,NaN,0.4,Silent,NaN,1.1,4.0,3.4,6.8,16.0,5.3,Good
STU0095,8.43,0.0,0.0,83.0,95.1,85.9,75.1,5.1,Daily,1.2,silent,0.1,2.7,4.0,5.5,8.0,7.0,5.4,Good
STU1176,4.75,5.0,1.0,49.0,27.0,28.3,46.7,0.4,Never,6.0,actively use,2.0,0.8,0.0,0.2,6.3,71.0,1.2,At-Risk
STU5941,9.96,0.0,0.0,75.2,88.1,98.4,85.6,7.8,Weekly,1.5,KEEP AWAY,0.5,1.3,4.0,4.9,8.5,0.0,3.9,Good
STU0664,9.17,0.0,0.0,94.3,87.7,72.8,98.3,5.6,Weekly,0.1, Silent ,0.5,2.2,4.0,3.2,7.6,3.0,3.1,Good
STU1225,9.89,0.0,0.0,83.7,96.9,75.2,95.8,7.1,Weekly,0.5,NaN,0.3,1.3,2.0,4.9,7.5,3.0,5.6,Good
STU2007,8.69,0.0,0.0,76.0,96.3,70.3,74.9,5.0,Weekly,1.7,Silent,0.2,2.7,5.0,3.7,7.1,5.0,4.6,Good
STU2465,3.31,5.0,2.0,33.9,34.9,47.0,37.5,1.0, Only Before Exam ,5.2,actively use,3.6,1.0,0.0,1.2,4.2,46.0,1.0,At-Risk
STU4717,8.76,0.0,0.0,84.0,86.6,81.2,71.9,5.2,Weekly,0.3,SILENT,0.8,2.3,6.0,NaN,7.8,19.0,6.1,Good
STU4437,6.19,1.0,1.0,71.4,78.1,57.0,63.9,1.7,Weekly,3.2,Silent,0.6,0.7,0.0,1.2,7.8,46.0,1.1,Average
STU0861,4.38,3.0,1.0,35.0,58.9,22.7,27.3,0.8,Monthly,5.2,actively use,1.9,NaN,0.0,1.7,6.1,76.0,1.2,At-Risk
STU5339,7.01,2.0,1.0,64.0,69.6,67.3,NaN,3.1,Monthly,2.1,NaN,0.7,1.1,NaN,1.9,6.5,29.0,3.9,Average
STU4456,9.87,0.0,0.0,83.4,89.3,90.7,89.7,7.7,Weekly,0.9,Silent,0.8,1.8,5.0,3.9,8.0,25.0,4.7,Good
STU1812,8.68,0.0,NaN,103.0,94.6,83.9,79.4,6.8,NaN,0.6,Keep Away,0.1,1.1,2.0,4.5,7.8,24.0,5.2,Good
STU3197,6.52,1.0,1.0,64.4,72.4,51.4,69.2,2.8,Monthly,NaN,Silent,0.8,0.6,1.0,NaN,6.7,25.0,3.2,Average
STU6690,8.64,0.0,NaN,91.3,90.6,73.1,82.6,4.6,Daily,1.6,KEEP AWAY,0.9,1.4,6.0,3.5,8.0,10.0,4.6,Good
STU4739,7.49,2.0,1.0,71.9,77.5,59.3,NaN,3.7,Monthly,2.6,Silent,0.5,NaN,2.0,3.9,7.5,23.0,NaN,Average
STU2173,9.64,0.0,0.0,94.6,97.2,79.6,88.7,7.1,Daily,1.4,KEEP AWAY,NaN,1.2,3.0,5.2,9.0,20.0,4.5,Good
STU1507,7.24,2.0,2.0,76.0,60.2,65.9,61.4,2.9,Weekly,2.0,Keep Away,1.5,0.8,2.0,2.4,7.4,60.0,NaN,Average
STU1137,7.86,0.0,0.0,94.2,93.6,96.3,97.4,5.6,Daily,1.1,keep away,0.7,NaN,3.0,5.4,8.3,NaN,5.2,Good
STU3636,8.93,0.0,0.0,81.1,94.4,83.0,NaN,6.2,weekly,1.5,Keep Away,0.5,1.4,5.0,7.1,8.7,3.0,6.9,Good
STU0702,3.88,NaN,3.0,42.1,24.5,21.9,45.9,1.2,Monthly,6.7,Actively Use,1.6,0.6,1.0,0.5,4.8,NaN,0.0,At-Risk
STU2946,3.11,3.0,2.0,58.1,NaN,21.2,28.3,1.2,NaN,4.1,actively use,2.9,0.0,0.0,0.2,5.7,97.0,0.4,At-Risk
STU6228,9.84,0.0,NaN,82.3,NaN,78.7,88.1,7.0,Weekly,0.7, Silent ,0.6,1.9,2.0,6.8,8.0,24.0,5.3,Good
STU1261,8.92,0.0,NaN,75.4,92.9,89.3,79.2,5.4,Weekly,1.1,SILENT,0.5,2.7,3.0,4.7,7.5,14.0,6.9,Good
STU4301,7.67,0.0,0.0,98.1,100.8,81.4,93.1,4.4,Daily,0.8,keep away,0.1,NaN,6.0,5.9,8.4,5.0,4.8,Good
STU3686,4.69,3.0,1.0,39.4,51.0,22.2,27.6,2.1,ONLY BEFORE EXAM,5.6,Silent,4.7,NaN,1.0,1.9,5.0,118.0,0.2,At-Risk
STU1929,5.87,2.0,2.0,73.2,69.7,67.7,57.8,3.1,weekly,2.8,NaN,1.8,1.4,2.0,2.7,6.5,33.0,2.2,At-Risk
STU6962,9.26,0.0,0.0,95.9,97.0,83.8,78.1,6.8,Daily,0.6,NaN,0.1,NaN,5.0,6.8,8.6,NaN,NaN,Good
STU2721,8.65,0.0,0.0,77.5,93.9,91.1,84.1,6.7,DAILY,0.8,Silent,0.1,2.3,4.0,NaN,7.8,2.0,5.0,Good
STU5219,7.13,2.0,1.0,62.0,83.7,52.7,63.3,2.3,Monthly,3.0,Actively Use,1.2,1.4,1.0,2.3,7.4,49.0,3.9,Average
STU1084,9.23,0.0,0.0,95.3,91.5,71.1,97.5,4.1,Weekly,1.7,Keep Away,0.4,1.0,3.0,NaN,8.9,16.0,6.9,Good
STU1351,9.45,0.0,0.0,92.7,88.2,99.5,101.7,4.3,Daily,2.1,Keep Away,0.3,2.4,3.0,NaN,8.8,23.0,3.4,Good
STU3619,8.93,0.0,0.0,99.1,97.3,77.6,89.2,6.9,Weekly,0.4,Keep Away,0.4,1.4,3.0,6.5,8.6,NaN,6.5,Good
STU6837,6.92,2.0,1.0,59.7,65.5,53.5,54.0,3.8,Weekly,3.2,Keep Away,0.9,1.2,1.0,3.6,6.4,27.0,3.4,Average
STU4969,8.45,0.0,0.0,NaN,90.1,83.1,88.6,7.7,Daily,0.6,Keep Away,0.9,1.6,2.0,7.1,7.5,NaN,3.3,Good
STU6752,5.91,2.0,2.0,67.2,66.8,53.4,58.0,4.1,Monthly,2.8,SILENT,0.6,1.4,1.0,2.3,7.5,53.0,3.7,Average
STU2576,9.58,0.0,0.0,NaN,94.6,97.7,NaN,7.1,Daily,0.5,Keep Away,0.7,NaN,2.0,7.5,7.3,21.0,5.6,Good
STU0986,9.81,0.0,0.0,NaN,95.1,93.6,93.8,5.6,daily,0.9,SILENT,0.9,NaN,NaN,3.2,7.9,NaN,6.2,Good
STU1798,3.35,5.0,2.0,44.1,NaN,23.4,29.9,NaN,MONTHLY,4.2,Actively Use,1.1,NaN,0.0,NaN,6.9,98.0,1.2,At-Risk
STU4411,9.11,0.0,0.0,82.0,98.6,93.5,82.1,6.2, Daily ,1.1,Keep Away,0.6,2.7,6.0,4.0,8.4,13.0,NaN,Good
STU4784,9.88,0.0,0.0,97.3,90.8,75.7,95.1,6.6,Daily,0.7,Keep Away,NaN,2.5,NaN,4.6,8.1,6.0,5.3,Good
STU6667,9.75,0.0,0.0,97.7,99.1,80.0,82.1,5.4,Weekly,NaN,Keep Away,NaN,2.6,5.0,3.7,8.9,12.0,6.4,Good
STU4948,6.57,2.0,1.0,74.5,69.1,61.4,59.6,2.9,Weekly,2.4,Keep Away,1.1,1.0,1.0,3.2,6.3,46.0,2.7,Average
STU6175,7.68,0.0,0.0,96.8,89.1,80.5,92.4,5.3,Daily,NaN,Silent,0.2,2.1,6.0,6.8,7.8,1.0,NaN,Good
STU6284,8.6,0.0,NaN,76.6,90.0,81.6,NaN,5.1,Daily,2.1,Keep Away,0.4,NaN,2.0,5.5,NaN,6.0,6.4,Good
STU6094,9.91,0.0,0.0,96.6,90.7,87.7,97.0,4.0,Weekly,1.4,Keep Away,0.2,2.5,4.0,7.0,8.5,10.0,7.0,Good
STU3071,7.32,2.0,1.0,58.0,81.9,54.3,51.8,2.7,Monthly,2.4,keep away,0.6,1.5,0.0,3.0,7.9,34.0,4.0,Average
STU5487,6.55,1.0,1.0,71.4,80.2,55.9,71.5,3.1,Monthly,2.9,Actively Use,1.1,0.6,2.0,2.5,NaN,23.0,NaN,Average
STU5000,8.07,0.0,0.0,78.7,88.9,84.5,78.9,8.1,NaN,1.6,Silent,1.0,1.7,4.0,4.5,7.7,13.0,5.1,Good
STU4117,6.56,2.0,2.0,70.2,77.2,64.6,55.1,3.4,weekly,2.1,Silent,1.6,1.1,1.0,NaN,7.7,59.0,2.2,At-Risk
STU3330,7.47,1.0,1.0,67.4,78.7,64.0,56.0,2.6,weekly,2.7,keep away,1.4,1.4,0.0,1.8,6.8,32.0,3.3,Average
STU3814,8.34,0.0,0.0,91.8,88.6,94.2,96.7,7.5,Weekly,0.9,Silent,0.1,1.7,2.0,NaN,8.8,14.0,5.3,Good
STU1931,9.85,0.0,0.0,80.6,96.4,93.5,92.3,7.7,Weekly,1.3,Keep Away,0.9,1.3,NaN,6.1,NaN,10.0,4.1,Good
STU3606,9.84,NaN,0.0,82.4,NaN,70.3,71.5,7.6,Daily,1.3,Keep Away,0.4,1.2,3.0,5.9,7.6,25.0,4.9,Good
STU4455,8.87,0.0,0.0,75.5,99.6,95.3,NaN,8.1,daily,-0.0,Keep Away,0.5,1.1,4.0,4.7,7.5,27.0,4.3,Good
STU1773,8.49,0.0,0.0,91.9,86.0,89.6,100.8,5.8,NaN,1.2,Keep Away,0.2,2.3,4.0,6.0,8.3,17.0,3.1,Good
STU3581,9.92,0.0,0.0,92.7,98.0,72.1,82.6,5.0,Weekly,0.9,KEEP AWAY,NaN,2.1,3.0,6.3,7.3,27.0,3.5,Good
STU1741,3.79,2.0,NaN,NaN,NaN,36.0,45.5,0.0,Only Before Exam,7.8,Actively Use,1.8,0.9,0.0,0.8,6.5,53.0,1.3,At-Risk
STU1451,4.76,3.0,1.0,53.1,21.9,42.4,41.8,NaN, Never ,4.4,Actively Use,3.0,0.1,0.0,0.9,4.7,51.0,0.7,At-Risk
STU1142,7.03,1.0,1.0,56.5,74.5,54.9,71.8,2.7,Weekly,2.6,Actively Use,0.7,1.4,2.0,3.1,7.3,22.0,2.5,Average
STU4666,6.82,1.0,1.0,60.2,62.5,52.6,56.9,2.8,Monthly,3.6,Actively Use,1.3,1.1,1.0,3.1,7.0,42.0,3.3,Average
STU1258,8.11,0.0,0.0,77.5,97.4,75.5,90.1,5.5,Weekly,0.6,Silent,0.6,1.9,5.0,5.0,NaN,4.0,5.0,Good
STU0512,4.35,2.0,1.0,30.8,20.1,20.6,32.2,NaN,NaN,6.0,Actively Use,4.2,0.5,1.0,0.7,4.4,87.0,1.8,At-Risk
STU5692,9.26,0.0,0.0,NaN,89.5,97.8,99.0,NaN,Daily,0.6,Keep Away,0.9,NaN,4.0,NaN,7.7,21.0,5.9,Good
STU0902,7.79,0.0,NaN,94.6,95.3,89.7,95.7,7.0,Weekly,0.3,NaN,0.4,2.0,6.0,NaN,8.9,4.0,3.5,Good
STU5514,6.97,2.0,1.0,59.4,76.0,60.2,53.6,3.7,Monthly,2.5,Silent,1.8,1.0,1.0,1.3,7.8,33.0,3.4,Average
STU4412,NaN,2.0,2.0,46.3,21.2,20.6,21.2,0.9, Only Before Exam ,5.9,Actively Use,5.0,0.3,NaN,0.3,5.2,112.0,0.3,At-Risk
STU6470,8.83,0.0,0.0,77.6,91.0,73.6,87.7,4.0,NaN,1.3,Silent,0.7,2.1,3.0,5.3,7.2,19.0,3.0,Good
STU0741,4.46,3.0,1.0,41.8,20.9,31.4,45.8,1.5,Only Before Exam,6.6,Silent,3.8,0.3,1.0,NaN,4.8,65.0,1.7,At-Risk
STU0130,7.61,0.0,0.0,89.3,102.4,83.7,96.4,7.3,Weekly,0.5,Silent,0.2,2.2,6.0,5.1,8.6,24.0,6.6,Good
STU1133,6.09,2.0,2.0,57.4,80.1,55.2,51.8,2.5,WEEKLY,NaN,Keep Away,NaN,1.4,1.0,3.6,7.0,58.0,2.2,At-Risk
STU6547,8.18,0.0,0.0,95.0,89.6,93.0,80.4,7.2, Weekly ,1.3,keep away,0.1,1.9,6.0,5.8,8.3,16.0,6.7,Good
STU5271,9.87,0.0,0.0,85.5,90.7,82.7,78.6,5.9,Daily,0.7,Keep Away,1.0,1.2,6.0,4.4,7.2,12.0,5.2,Good
STU5421,9.49,0.0,0.0,92.2,90.7,99.5,84.4,5.4,Weekly,0.6,NaN,0.1,1.7,5.0,3.5,7.8,6.0,6.4,Good
STU1497,7.67,0.0,0.0,84.7,95.9,92.7,76.7,7.8, Weekly ,0.1,Keep Away,1.0,1.5,6.0,3.0,7.8,3.0,4.4,Good
STU3028,5.06,5.0,2.0,40.4,20.0,47.0,40.1,2.1,Only Before Exam,5.4,Silent,2.6,0.2,1.0,2.0,4.7,NaN,0.0,At-Risk
STU5830,7.61,0.0,0.0,91.8,97.2,89.6,98.8,5.5,WEEKLY,0.8,Keep Away,0.5,2.8,3.0,4.9,8.9,19.0,5.2,Good
STU2087,4.58,4.0,1.0,55.2,51.2,NaN,26.0,1.0,Never,6.7,Silent,4.4,1.0,0.0,1.2,5.7,NaN,0.0,At-Risk
STU1223,3.34,3.0,1.0,43.8,26.1,34.0,38.3,0.8,Only Before Exam,5.4,Actively Use,4.5,0.1,1.0,NaN,4.5,109.0,0.1,At-Risk
STU3672,7.81,0.0,0.0,93.8,96.4,84.0,90.6,5.5,Daily,0.3,Keep Away,0.4,2.1,5.0,3.2,8.2,10.0,6.0,Good
STU1498,8.85,0.0,0.0,103.9,97.0,82.5,NaN,4.4,Weekly,0.2,Keep Away,0.6,1.1,3.0,6.7,8.0,10.0,3.8,Good
STU0616,8.58,0.0,0.0,80.9,100.1,85.4,89.4,5.1,Daily,0.2,Keep Away,1.0,1.6,NaN,5.1,8.3,7.0,3.1,Good
STU2780,8.52,0.0,0.0,91.2,89.8,86.3,90.0,4.2,Daily,NaN,Silent,0.9,1.1,6.0,6.0,8.2,13.0,NaN,Good
STU5145,5.61,2.0,2.0,57.9,78.3,50.5,54.4,2.3,Monthly,4.0,KEEP AWAY,1.0,0.6,1.0,NaN,NaN,36.0,1.1,At-Risk
STU1437,6.96,2.0,1.0,71.6,79.4,62.8,52.2,2.9,weekly,3.7,Keep Away,1.9,0.6,2.0,2.6,6.6,33.0,1.7,Average
STU3930,6.8,2.0,2.0,56.8,78.7,64.4,59.3,2.4,Monthly,3.6,NaN,0.5,1.3,0.0,1.9,6.2,25.0,1.5,At-Risk
STU3582,7.59,0.0,0.0,93.5,90.6,77.3,94.0,4.5,DAILY,1.1,SILENT,0.7,2.1,5.0,NaN,7.3,NaN,3.7,Good
STU5730,5.67,2.0,1.0,64.0,75.7,62.0,67.7,2.1,Weekly,2.9,Actively Use,0.6,NaN,2.0,2.3,7.2,16.0,1.4,Average
STU2992,9.95,0.0,0.0,76.2,93.5,71.2,71.8,NaN,WEEKLY,0.9,keep away,NaN,NaN,5.0,4.1,8.0,14.0,3.0,Good
STU1203,3.95,2.0,2.0,51.8,46.6,20.1,34.6,0.2,Never,8.1,Actively Use,4.6,0.0,1.0,1.7,6.9,48.0,0.7,At-Risk
STU0351,5.12,2.0,1.0,35.8,22.0,48.4,23.7,1.2,Only Before Exam,5.9,Silent,3.2,0.1,0.0,0.1,4.3,65.0,NaN,At-Risk
STU5974,7.22,2.0,2.0,60.4,74.5,62.1,54.8,NaN,Weekly,NaN,silent,0.8,1.3,1.0,2.3,6.6,22.0,NaN,Average
STU5446,8.99,0.0,0.0,NaN,84.8,88.4,90.7,7.2,weekly,1.0,Silent,0.1,2.7,3.0,5.6,8.7,NaN,4.8,Good
STU1127,9.37,0.0,0.0,91.8,82.4,88.5,81.8,8.1,Weekly,0.5,Keep Away,NaN,1.8,2.0,4.2,7.3,9.0,6.4,Good
STU3167,3.33,3.0,3.0,48.7,49.5,23.1,40.8,0.9,Never,6.7,Actively Use,2.9,0.3,1.0,1.3,5.2,108.0,0.4,At-Risk
STU6442,8.92,0.0,0.0,89.5,100.4,79.6,95.8,7.3, Weekly ,1.7,Keep Away,0.7,1.8,5.0,NaN,9.0,13.0,6.2,Good
STU3312,5.42,2.0,1.0,49.4,43.3,23.6,NaN,1.0,Only Before Exam,5.4,Silent,4.4,0.3,1.0,0.1,5.4,64.0,1.9,At-Risk
STU5896,7.82,0.0,0.0,85.8,97.2,99.0,70.1,6.2,DAILY,1.4,Silent,0.3,2.4,4.0,4.8,7.4,13.0,4.6,Good
STU4854,7.9,0.0,0.0,100.1,NaN,86.9,95.4,3.8,Daily,1.0,Keep Away,0.6,1.3,6.0,3.3,8.1,9.0,5.2,Good
STU5634,8.02,0.0,0.0,91.8,84.8,76.7,87.9,7.7,daily,1.8,Keep Away,NaN,2.4,4.0,5.7,8.6,15.0,6.1,Good
STU0193,5.33,4.0,2.0,41.2,24.0,38.1,22.2,0.5,Monthly,5.5,ACTIVELY USE,4.5,0.5,1.0,1.4,7.0,41.0,0.3,At-Risk
STU2757,4.19,2.0,NaN,38.7,26.8,NaN,33.9,0.5,Only Before Exam,3.8,Actively Use,3.6,NaN,0.0,1.9,4.3,81.0,0.2,At-Risk
STU6153,8.74,0.0,0.0,96.1,92.9,79.4,84.6,NaN,Weekly,1.9,Silent,0.2,2.1,5.0,NaN,7.0,NaN,3.8,Good
STU4155,5.27,5.0,3.0,43.7,42.1,35.3,20.1,1.4,Never,4.6,Actively Use,4.7,0.2,0.0,0.6,5.4,NaN,1.0,At-Risk
STU6000,7.5,0.0,0.0,85.0,NaN,80.2,79.9,5.4,Weekly,0.5,Silent,0.9,2.3,3.0,7.1,8.6,24.0,NaN,Good
STU2298,8.45,0.0,0.0,82.1,97.2,NaN,80.6,NaN,Weekly,1.1, Keep Away ,0.0,1.4,5.0,5.3,8.6,30.0,3.9,Good
STU0789,3.95,NaN,2.0,51.6,46.5,32.6,40.2,-0.2,ONLY BEFORE EXAM,6.9,Actively Use,2.9,0.8,0.0,1.9,6.8,50.0,1.8,At-Risk
STU0537,5.2,3.0,3.0,40.8,49.1,38.1,34.8,0.0,Never,3.8,actively use,3.1,NaN,1.0,0.0,NaN,53.0,0.1,At-Risk
STU2422,4.71,3.0,2.0,50.5,48.0,NaN,38.4,-0.1,MONTHLY,4.3,Actively Use,NaN,NaN,0.0,NaN,5.3,49.0,0.4,At-Risk
STU0248,5.14,2.0,2.0,49.0,46.2,35.7,47.0,1.3,Monthly,5.0,Silent,1.7,0.8,1.0,1.5,5.2,117.0,0.1,At-Risk
STU6936,7.96,0.0,0.0,88.8,89.5,81.7,95.8,6.6,Weekly,1.6,Keep Away,0.9,1.3,3.0,6.5,7.2,22.0,3.5,Good
STU6115,7.75,0.0,0.0,100.3,89.2,102.2,99.6,4.4,DAILY,NaN,Keep Away,0.6,NaN,6.0,3.5,8.7,11.0,NaN,Good
STU3808,9.33,0.0,0.0,95.7,89.2,75.3,89.7,5.5,weekly,1.0,Silent,0.6,NaN,5.0,7.6,7.8,17.0,4.2,Good
STU2127,4.52,3.0,3.0,50.0,31.3,25.4,49.1,1.3,NaN,5.2,Actively Use,4.2,0.5,0.0,0.5,4.6,52.0,0.8,At-Risk
STU4791,9.0,0.0,0.0,95.6,95.4,90.0,95.6,5.3,Weekly,1.0,SILENT,0.2,1.9,5.0,3.8,8.3,16.0,4.3,Good
STU6178,8.38,0.0,0.0,82.2,96.4,89.7,80.2,6.0,Weekly,1.6,Keep Away,0.9,1.2,5.0,6.9,9.0,23.0,NaN,Good
STU1219,8.13,0.0,0.0,85.7,96.5,84.7,97.1,5.3,Daily,0.9,Keep Away,0.9,1.9,4.0,NaN,7.7,3.0,4.1,Good
STU0972,3.18,3.0,3.0,36.2,55.4,38.4,44.6,1.5,Never,4.9,Silent,2.2,NaN,1.0,2.0,5.9,62.0,1.6,At-Risk
STU0408,NaN,0.0,0.0,97.7,NaN,92.6,68.5,6.6,Weekly,0.6,Silent,0.1,2.2,6.0,4.2,7.8,NaN,3.3,Good
STU2972,4.22,2.0,1.0,49.9,36.6,45.3,33.4,0.9,Only Before Exam,2.8,Actively Use,2.2,0.9,0.0,0.7,5.0,66.0,1.1,At-Risk
STU1667,7.72,0.0,0.0,88.7,97.6,97.1,71.0,5.1,Weekly,1.2,Keep Away,0.2,NaN,6.0,3.9,7.8,4.0,5.7,Good
STU5127,8.77,0.0,0.0,81.7,84.0,81.8,95.3,4.4,WEEKLY,0.1,Keep Away,0.1,2.4,4.0,7.0,7.1,3.0,6.6,Good
STU0027,7.56,0.0,0.0,98.9,97.1,90.2,80.7,NaN,Weekly,0.4,Silent,0.3,2.1,4.0,6.6,8.2,3.0,4.1,Good
STU5710,9.17,0.0,0.0,81.1,100.8,93.9,91.6,7.2,NaN,1.0,Keep Away,0.0,1.5,4.0,7.8,7.7,10.0,6.1,Good
STU6535,9.41,0.0,0.0,95.0,89.8,72.0,68.3,6.3,Weekly,1.3,Silent,0.4,2.1,4.0,4.4,7.8,13.0,5.9,Good
STU4955,6.56,1.0,1.0,69.1,71.8,57.9,55.7,3.0,Monthly,2.4,Silent,2.0,0.5,1.0,1.7,NaN,33.0,3.6,At-Risk
STU1669,4.85,4.0,4.0,53.2,43.2,28.6,30.7,0.5,Monthly,4.6,Silent,3.7,0.5,0.0,0.8,4.4,115.0,0.0,At-Risk
STU2005,4.1,3.0,3.0,35.3,26.9,28.3,34.6,-0.0,only before exam,3.6, Actively Use ,4.8,NaN,1.0,0.1,6.1,NaN,0.1,At-Risk
STU6146,8.34,0.0,NaN,77.5,85.6,76.7,92.6,5.1,Daily,1.6,Keep Away,0.4,2.3,6.0,5.2,8.0,6.0,4.0,Good
STU7065,6.29,2.0,1.0,72.8,65.0,NaN,NaN,2.3,Weekly,3.7,Actively Use,1.8,NaN,1.0,2.9,7.9,19.0,2.9,Average
STU6892,7.47,1.0,1.0,61.0,78.8,53.1,NaN,NaN,MONTHLY,3.7,Actively Use,1.0,1.4,2.0,3.8,6.2,17.0,3.2,Average
STU3426,5.17,5.0,2.0,54.1,31.4,25.7,31.0,0.6,Never,7.7,Silent,2.1,0.2,NaN,1.8,4.3,87.0,0.5,At-Risk
STU6831,7.73,0.0,0.0,78.7,94.8,76.1,96.3,NaN,daily,NaN,Keep Away,0.8,1.9,3.0,4.9,7.7,29.0,NaN,Good
STU2137,8.61,0.0,0.0,87.4,93.3,98.4,94.9,7.5,Daily,0.3,Keep Away,0.1,1.2,2.0,4.3,7.9,14.0,5.6,Good
STU1016,8.19,0.0,0.0,97.4,NaN,NaN,69.6,7.1,Daily,1.3,Keep Away,NaN,2.0,3.0,5.2,8.2,21.0,3.9,Good
STU7327,9.67,0.0,0.0,90.5,93.4,79.8,82.4,5.4,Weekly,0.4,Silent,0.7,1.2,4.0,5.6,8.1,18.0,6.8,Good
STU2124,3.22,3.0,1.0,NaN,31.4,22.2,NaN,0.2,only before exam,3.6,Silent,3.8,0.2,0.0,NaN,5.3,112.0,0.9,At-Risk
STU5800,6.23,1.0,1.0,72.0,82.7,NaN,66.8,2.4,MONTHLY,2.4,Keep Away,NaN,1.4,2.0,3.3,6.0,33.0,2.9,Average
STU2174,4.85,5.0,1.0,29.6,48.1,46.7,30.5,0.2,Monthly,3.0,Actively Use,4.6,0.7,0.0,0.2,4.3,93.0,1.6,At-Risk
STU3757,9.75,0.0,0.0,87.5,92.3,74.1,93.2,5.3,Weekly,0.8,Keep Away,0.9,2.5,6.0,3.3,7.1,17.0,6.1,Good
STU1788,8.74,0.0,0.0,81.8,99.5,73.7,93.0,5.5,Weekly,1.8,Keep Away,0.7,1.2,5.0,7.2,8.4,14.0,3.1,Good
STU3912,9.46,0.0,0.0,77.6,95.9,88.5,79.3,5.0,NaN,0.4,Silent,0.3,2.4,4.0,4.9,8.4,30.0,5.1,Good
STU0787,9.25,0.0,0.0,82.3,88.2,78.4,90.0,5.0,Weekly,-0.2,keep away,0.7,NaN,2.0,NaN,7.3,27.0,4.5,Good
STU2893,7.66,0.0,0.0,92.5,89.9,75.6,82.7,4.3,NaN,1.5,Keep Away,0.7,2.7,5.0,4.9,7.1,4.0,4.0,Good
STU0916,9.23,0.0,0.0,NaN,98.7,81.3,78.2,5.1,daily,0.1,Keep Away,0.0,2.7,2.0,6.4,8.2,23.0,5.5,Good
STU4328,5.08,2.0,2.0,40.7,41.5,47.0,42.3,2.1,NEVER,4.8,Silent,1.6,0.9,1.0,NaN,6.5,103.0,1.5,At-Risk
STU6207,9.24,0.0,0.0,74.0,93.9,75.7,74.9,5.7,Daily,0.9,Keep Away,0.3,1.2,4.0,3.1,8.4,NaN,6.5,Good
STU3713,3.54,4.0,1.0,53.3,37.8,22.7,26.4,1.5,Monthly,4.9,Actively Use,4.4,0.5,1.0,1.8,4.4,NaN,1.3,At-Risk
STU4108,3.85,5.0,1.0,46.1,57.2,26.0,25.6,NaN,Monthly,5.3,actively use,3.8,0.4,0.0,0.2,6.3,95.0,NaN,At-Risk
STU0390,9.18,0.0,0.0,92.0,89.8,99.0,91.4,4.2,Daily,0.9,Silent,0.9,1.1,5.0,7.8,8.4,19.0,5.5,Good
STU5231,7.76,0.0,0.0,84.3,98.8,72.7,71.2,5.6,Daily,2.1,Silent,0.0,1.4,5.0,6.0,7.4,7.0,3.2,Good
STU6665,9.06,NaN,0.0,96.2,85.9,80.2,94.5,NaN,Daily,1.0,Keep Away,NaN,2.3,3.0,6.3,8.2,24.0,NaN,Good
STU6002,6.09,2.0,1.0,60.5,65.8,50.5,65.6,2.3,Monthly,3.8,Actively Use,0.8,1.3,NaN,3.5,7.6,29.0,3.6,Average
STU3550,8.91,0.0,0.0,83.8,91.9,80.3,92.8,7.1,Daily,1.2,Keep Away,0.7,3.0,4.0,5.0,8.2,0.0,5.1,Good
STU0373,9.19,0.0,0.0,81.3,88.0,73.0,97.2,7.5,weekly,2.2,Keep Away,1.0,NaN,5.0,NaN,8.5,2.0,4.9,Good
STU0452,9.34,0.0,0.0,76.7,87.2,85.0,81.1,5.3,NaN,0.9,Keep Away,0.3,1.4,2.0,NaN,8.8,8.0,4.6,Good
STU3718,8.8,0.0,0.0,91.3,NaN,87.6,94.4,7.0,Daily,NaN,Keep Away,0.8,1.2,3.0,4.0,NaN,21.0,3.6,Good
STU3107,9.66,0.0,0.0,96.5,92.3,81.4,97.3,4.1,Daily,NaN,Keep Away,0.6,NaN,6.0,7.8,7.8,19.0,4.8,Good
STU5329,9.35,0.0,0.0,79.9,88.7,90.5,96.8,4.7,daily,1.6,Keep Away,0.1,1.9,4.0,7.7,8.8,18.0,4.2,Good
STU3111,4.93,2.0,2.0,50.8,26.8,48.5,42.9,NaN,Never,6.3,Actively Use,3.3,0.1,0.0,1.4,6.1,117.0,0.6,At-Risk
STU3266,8.58,0.0,0.0,75.1,96.2,87.1,75.0,3.8,Daily,0.5,Keep Away,NaN,2.9,3.0,4.6,8.7,NaN,4.8,Good
STU2785,9.84,NaN,0.0,98.6,NaN,92.6,74.9,4.0,Daily,0.1,Keep Away,0.3,2.0,3.0,8.0,NaN,24.0,5.1,Good
STU1173,4.89,3.0,1.0,51.8,58.1,32.3,45.3,-0.0,NEVER,6.0,Actively Use,1.7,0.3,0.0,1.9,4.3,98.0,1.3,At-Risk
STU5554,9.81,0.0,0.0,84.8,94.1,89.1,98.9,6.0,Daily,0.8,Keep Away,0.1,1.2,6.0,5.6,7.4,4.0,3.3,Good
STU3480,7.52,0.0,0.0,82.8,86.1,76.9,NaN,5.4,DAILY,-0.0,NaN,0.1,2.1,3.0,NaN,7.8,21.0,5.9,Good
STU1342,9.23,0.0,0.0,85.1,99.0,98.6,84.9,5.8,Weekly,1.2,Keep Away,0.9,2.3,5.0,3.2,8.0,0.0,3.1,Good
STU5306,7.74,0.0,0.0,95.7,NaN,80.9,75.3,4.6,weekly,0.0,Silent,0.2,1.8,4.0,4.2,8.7,29.0,6.8,Good
STU4436,5.66,2.0,1.0,62.2,72.8,58.7,58.6,3.9,Monthly,2.9,Silent,1.9,NaN,2.0,1.8,7.3,41.0,1.8,At-Risk
STU3637,7.73,0.0,0.0,90.5,93.9,92.2,100.0,6.0,Weekly,1.6,Silent,0.3,1.6,5.0,4.7,7.2,23.0,4.1,Good
STU3178,4.12,2.0,2.0,39.4,27.1,25.4,43.1,1.9,Never,5.7,Actively Use,2.2,NaN,1.0,NaN,6.4,76.0,NaN,At-Risk
STU0886,8.39,0.0,0.0,80.0,93.4,98.0,100.5,7.0,daily,1.9,SILENT,0.5,1.4,3.0,5.6,8.1,0.0,6.0,Good
STU1515,3.51,4.0,4.0,35.2,46.6,48.6,20.1,NaN,Never,7.4,Actively Use,4.7,0.3,1.0,0.8,5.9,44.0,0.7,At-Risk
STU0900,9.29,0.0,0.0,83.0,95.5,80.8,92.6,4.4,WEEKLY,0.4,Silent,0.3,1.8,6.0,4.7,8.6,30.0,3.4,Good
STU1230,5.71,2.0,1.0,75.1,68.0,54.8,NaN,2.8,Weekly,3.1,ACTIVELY USE,NaN,1.0,1.0,2.8,7.4,21.0,1.1,Average
STU3214,4.11,2.0,2.0,33.2,36.2,42.2,28.7,0.7,Monthly,8.0,Silent,3.9,0.5,1.0,NaN,6.0,98.0,0.0,At-Risk
STU6493,10.0,0.0,0.0,75.4,86.4,91.5,NaN,7.7,WEEKLY,1.5,Keep Away,1.0,2.7,4.0,3.3,8.7,15.0,4.9,Good
STU0688,8.33,0.0,0.0,89.1,85.7,89.9,97.1,7.2,Weekly,NaN, Silent ,1.0,1.0,5.0,6.1,7.9,15.0,6.4,Good
STU6865,8.76,0.0,0.0,80.3,95.5,78.8,82.0,7.2,daily,1.2,silent,0.1,1.8,6.0,4.0,7.4,24.0,3.9,Good
STU5376,7.36,1.0,1.0,64.6,62.1,56.6,58.5,2.8, Weekly ,3.7,KEEP AWAY,0.9,1.3,0.0,NaN,7.6,32.0,2.6,Average
STU6065,9.86,0.0,0.0,79.1,87.6,NaN,71.5,4.0,WEEKLY,1.1,Keep Away,NaN,1.8,3.0,NaN,8.7,NaN,3.2,Good
STU5945,9.82,0.0,0.0,76.8,93.0,76.2,NaN,4.8,Daily,1.1,Keep Away,0.1,1.6,5.0,3.4,8.0,11.0,4.2,Good
STU5818,10.0,0.0,0.0,92.9,89.5,96.9,93.7,4.2,Daily,1.8,Silent,0.9,2.2,6.0,5.5,7.6,7.0,6.3,Good
STU3303,9.82,0.0,0.0,NaN,97.0,76.3,NaN,4.4, Weekly ,0.5,Keep Away,0.4,2.9,4.0,4.2,7.5,21.0,5.9,Good
STU3182,4.54,5.0,3.0,34.5,42.8,36.3,47.8,1.2,Never,8.0,NaN,1.1,0.7,0.0,0.1,6.3,51.0,0.8,At-Risk
STU2220,7.56,0.0,0.0,NaN,90.1,74.4,91.3,6.6,Weekly,1.6, Keep Away ,1.0,2.3,2.0,NaN,7.7,18.0,5.1,Good
STU2041,5.29,5.0,1.0,34.6,31.0,31.1,48.6,1.7, Never ,4.0,actively use,4.5,0.3,0.0,1.9,5.8,77.0,0.0,At-Risk
STU0233,9.63,0.0,0.0,81.5,100.7,73.0,96.8,8.0,Weekly,1.3,Keep Away,1.0,2.1,3.0,4.3,7.9,27.0,5.4,Good
STU6993,5.98,2.0,1.0,57.3,76.3,56.2,60.1,3.0,Monthly,NaN,Keep Away,0.8,1.1,0.0,1.2,6.4,20.0,3.1,Average
STU5335,7.38,1.0,1.0,63.2,77.6,53.3,52.0,3.6,Monthly,3.9,Keep Away,1.6,1.3,1.0,1.0,7.5,59.0,2.4,Average
STU1075,9.88,0.0,0.0,94.6,92.5,83.9,76.7,7.8,Daily,0.9, Keep Away ,0.1,2.0,3.0,7.4,8.9,5.0,3.0,Good
STU4094,9.71,0.0,0.0,76.5,93.4,73.2,94.5,6.8,Daily,0.1,Keep Away,0.6,1.3,2.0,NaN,7.2,15.0,4.9,Good
STU0360,5.07,NaN,4.0,50.2,31.9,48.6,27.9,1.6,Never,NaN,ACTIVELY USE,1.7,0.7,1.0,NaN,5.1,61.0,1.0,At-Risk
STU3339,4.98,3.0,3.0,33.0,34.3,27.1,29.6,NaN,Monthly,3.0,Silent,4.0,NaN,1.0,1.8,6.0,67.0,0.7,At-Risk
STU4869,6.69,1.0,NaN,67.5,67.3,65.7,68.8,NaN,Monthly,3.4,Keep Away,1.3,1.4,0.0,1.0,6.4,43.0,1.1,At-Risk
STU4933,8.41,0.0,0.0,NaN,90.8,84.8,95.1,6.6,Daily,0.5,Keep Away,NaN,2.9,2.0,3.8,8.6,10.0,5.0,Good
STU3749,3.86,2.0,2.0,47.1,42.0,28.9,43.4,0.1,Never,3.9,Actively Use,3.7,0.2,1.0,1.4,6.9,63.0,1.7,At-Risk
STU3146,8.9,0.0,0.0,99.4,92.2,95.4,80.4,7.6,weekly,0.8,Keep Away,0.8,1.5,4.0,6.5,7.8,13.0,3.1,Good
STU1838,6.96,1.0,1.0,55.9,63.8,52.2,66.0,2.3,Weekly,3.5,Actively Use,0.9,1.0,2.0,3.7,7.3,35.0,1.6,Average
STU3703,3.14,4.0,2.0,29.8,NaN,25.5,26.1,0.5,monthly,4.4,Silent,1.1,0.2,0.0,NaN,4.0,92.0,1.5,At-Risk
STU5845,5.88,1.0,1.0,55.9,68.7,62.7,69.7,2.6,Monthly,2.8,Actively Use,NaN,1.3,1.0,1.5,7.4,42.0,3.7,Average
STU3399,8.55,0.0,0.0,95.4,NaN,70.6,81.0,6.8,Weekly,0.6, Keep Away ,0.5,2.2,4.0,3.8,7.8,NaN,3.1,Good
STU0617,9.53,0.0,0.0,87.5,87.5,72.2,75.7,7.8,Weekly,1.3,Keep Away,0.2,NaN,2.0,6.5,8.1,22.0,4.6,Good
STU0666,8.0,0.0,0.0,81.9,95.7,NaN,84.4,7.2,Weekly,1.6,KEEP AWAY,0.5,2.6,3.0,7.2,8.3,22.0,3.9,Good
STU5055,8.7,0.0,0.0,85.7,94.4,78.0,75.5,5.5,DAILY,0.9,Keep Away,0.3,NaN,5.0,4.6,NaN,27.0,6.5,Good
STU1755,5.39,4.0,1.0,31.5,42.5,25.4,35.1,0.7,monthly,6.0,Actively Use,3.2,1.0,1.0,1.1,6.5,64.0,0.6,At-Risk
STU0624,9.17,0.0,0.0,77.1,100.7,84.0,82.5,4.3,Weekly,0.6,keep away,0.5,1.8,2.0,6.4,7.7,28.0,6.8,Good
STU7207,9.59,0.0,0.0,79.6,94.9,NaN,75.1,6.5,Weekly,0.4,Keep Away,NaN,2.8,2.0,7.3,8.7,21.0,NaN,Good
STU6743,7.63,0.0,0.0,95.2,89.0,88.1,97.2,8.3,NaN,1.7,Keep Away,1.0,NaN,2.0,6.9,8.9,NaN,3.2,Good
STU4464,6.0,2.0,1.0,55.5,74.1,61.0,63.8,2.1,Weekly,2.6,Actively Use,2.0,0.6,2.0,2.2,6.9,16.0,1.4,At-Risk
STU3542,4.69,5.0,2.0,44.5,27.8,41.7,35.3,0.0,NaN,5.2,actively use,3.1,0.1,0.0,NaN,7.0,54.0,1.7,At-Risk
STU5707,9.9,0.0,0.0,78.9,85.3,87.0,85.7,6.2,NaN,1.6,Keep Away,0.8,NaN,6.0,3.2,8.9,29.0,4.9,Good
STU7239,7.68,0.0,0.0,100.3,98.1,74.2,96.3,6.5,Daily,2.2,Silent,NaN,2.4,NaN,NaN,8.7,15.0,5.3,Good
STU4804,8.45,0.0,0.0,83.0,97.6,74.8,85.3,7.7,Weekly,1.1,Silent,0.1,1.6,4.0,NaN,7.0,14.0,6.9,Good
STU7119,9.03,0.0,0.0,91.8,94.4,95.9,76.9,4.9,Daily,1.7,Keep Away,0.7,2.4,4.0,4.7,8.3,NaN,5.9,Good
STU6569,7.83,0.0,NaN,86.8,91.0,94.6,68.9,4.4,NaN,0.1,SILENT,0.1,2.3,6.0,4.1,8.0,12.0,6.1,Good
STU4549,5.76,2.0,2.0,59.3,82.2,61.3,57.0,3.0,monthly,2.3,Actively Use,0.9,1.0,1.0,2.1,6.9,NaN,1.4,At-Risk
STU1042,8.34,0.0,0.0,79.8,84.1,100.6,89.2,NaN,Weekly,1.6,Keep Away,0.8,2.6,5.0,NaN,NaN,23.0,NaN,Good
STU4022,7.64,0.0,0.0,75.4,86.7,101.2,94.6,4.5,Daily,1.2,Silent,NaN,NaN,5.0,5.1,8.5,30.0,3.7,Good
STU0672,5.4,5.0,2.0,46.3,52.8,31.2,28.8,0.5,Monthly,5.4,Silent,3.2,0.6,0.0,0.5,6.9,114.0,0.3,At-Risk
STU6001,8.69,0.0,0.0,100.3,97.8,93.8,86.7,5.8,Weekly,1.7,Silent,0.8,2.0,2.0,4.4,7.1,21.0,5.2,Good
STU3824,4.41,2.0,2.0,39.2,26.9,22.7,23.0,0.3,Never,6.6,Silent,2.4,0.0,0.0,1.0,5.5,48.0,0.9,At-Risk
STU0722,5.96,NaN,2.0,67.7,65.6,56.5,62.4,2.6,Weekly,2.2,Keep Away,NaN,0.9,1.0,2.2,6.2,25.0,2.5,At-Risk
STU1107,3.43,4.0,2.0,45.2,47.2,27.6,33.9,1.3,Never,5.0,Actively Use,NaN,0.8,0.0,0.1,5.9,110.0,0.5,At-Risk
STU2967,7.9,0.0,0.0,80.3,92.9,87.2,80.3,6.9,Daily,1.1,KEEP AWAY,0.9,1.2,2.0,6.4,8.4,23.0,6.8,Good
STU3121,3.33,3.0,1.0,34.7,25.8,38.0,35.9,0.8,Only Before Exam,6.9,Silent,2.3,0.6,0.0,0.1,6.1,83.0,1.4,At-Risk
STU4726,NaN,1.0,1.0,63.7,65.8,51.4,55.9,2.8,monthly,2.9,NaN,1.4,1.2,0.0,1.3,7.6,40.0,3.7,Average
STU2802,4.14,5.0,3.0,37.1,NaN,32.4,36.9,0.2,Only Before Exam,5.6,ACTIVELY USE,2.0,0.2,1.0,0.6,3.8,53.0,1.1,At-Risk
STU3624,5.35,4.0,4.0,34.2,36.9,26.3,39.8,1.7,monthly,7.0,Actively Use,3.1,0.9,0.0,1.6,4.5,113.0,0.5,At-Risk
STU2601,4.64,2.0,2.0,38.2,58.4,NaN,36.2,1.7,Only Before Exam,4.1,Actively Use,NaN,0.2,NaN,1.0,5.5,43.0,0.4,At-Risk
STU0740,4.62,2.0,1.0,36.8,58.7,21.6,41.2,NaN,Only Before Exam,NaN,silent,1.5,0.1,0.0,0.7,5.0,67.0,NaN,At-Risk
STU7023,7.63,0.0,0.0,NaN,84.1,88.8,79.9,5.5,Weekly,0.2,Keep Away,0.5,2.3,3.0,4.7,7.4,25.0,5.8,Good
STU6613,7.22,2.0,2.0,74.4,64.3,50.4,67.5,2.2,WEEKLY,2.3,Silent,1.7,1.5,0.0,2.5,6.1,56.0,3.5,At-Risk
STU0730,5.75,1.0,1.0,57.0,75.0,57.3,54.6,2.4,Monthly,4.0, Keep Away ,1.8,0.7,0.0,2.0,6.4,16.0,NaN,At-Risk
STU5254,7.87,0.0,0.0,95.3,88.6,76.2,74.2,6.6,Daily,0.8,Silent,0.2,NaN,6.0,6.4,8.6,12.0,NaN,Good
STU2807,9.74,0.0,0.0,79.8,92.5,96.2,94.7,6.0,Daily,-0.1,Keep Away,0.1,2.2,6.0,3.6,7.3,21.0,6.1,Good
STU4509,9.62,0.0,0.0,85.0,88.2,90.8,92.5,7.4,weekly,0.1,SILENT,0.7,2.3,4.0,NaN,7.0,10.0,6.3,Good
STU2409,3.69,3.0,NaN,43.4,NaN,42.1,20.0,1.0,Monthly,4.8,Actively Use,2.2,0.5,0.0,1.3,6.8,59.0,1.7,At-Risk
STU2685,3.15,4.0,3.0,34.7,31.8,43.5,36.9,NaN,Never,5.9,Silent,4.6,NaN,1.0,1.4,6.7,NaN,0.4,At-Risk
STU0422,7.96,0.0,0.0,78.4,90.4,91.2,86.2,5.4,Daily,1.1,Keep Away,0.3,2.9,2.0,7.6,8.1,14.0,4.3,Good
STU0428,7.33,2.0,2.0,67.3,75.0,53.5,56.0,3.7,Monthly,3.0,ACTIVELY USE,1.3,0.6,1.0,1.0,7.9,27.0,NaN,At-Risk
STU0442,5.58,1.0,1.0,55.6,77.8,51.7,59.2,3.3,Weekly,2.8,Keep Away,0.5,1.3,1.0,1.0,7.5,26.0,3.7,Average
STU2352,7.8,0.0,0.0,82.6,84.8,85.1,78.1,5.9,Weekly,0.4,Keep Away,0.4,NaN,6.0,NaN,7.9,1.0,4.2,Good
STU5708,9.93,0.0,0.0,86.8,92.0,90.3,77.2,4.8,Daily,NaN,Keep Away,0.2,1.5,4.0,5.5,8.4,18.0,3.0,Good
STU4037,9.76,0.0,0.0,89.9,95.7,96.3,97.3,7.1,WEEKLY,1.4,Keep Away,0.9,2.8,6.0,4.8,9.0,22.0,5.8,Good
STU4080,6.14,2.0,2.0,60.7,NaN,66.8,57.0,2.8,weekly,3.0,KEEP AWAY,1.1,NaN,NaN,1.8,7.1,44.0,3.3,Average
STU4646,9.15,0.0,0.0,92.7,100.0,80.6,84.8,6.7,Weekly,1.1,Keep Away,0.7,2.5,6.0,3.5,7.3,30.0,5.9,Good
STU5946,8.98,0.0,0.0,89.4,89.5,NaN,90.9,6.5,Daily,0.1,Silent,1.0,2.3,6.0,4.0,8.7,19.0,6.5,Good
STU4064,8.59,0.0,0.0,85.6,101.8,77.4,78.7,5.9,Daily,0.9,Keep Away,0.1,2.6,3.0,5.1,7.9,23.0,5.6,Good
STU7214,4.75,5.0,1.0,33.3,27.3,23.6,39.3,0.3,NEVER,NaN,Actively Use,4.4,0.2,1.0,1.7,6.4,118.0,1.7,At-Risk
STU5381,9.68,0.0,0.0,83.8,102.8,75.5,98.7,6.3,DAILY,0.4,Keep Away,NaN,1.6,2.0,4.1,7.2,8.0,3.1,Good
STU4528,6.43,1.0,1.0,56.5,61.0,54.6,52.8,2.5,monthly,1.8,Actively Use,1.0,0.7,NaN,3.7,7.7,33.0,1.9,At-Risk
STU3612,8.25,0.0,0.0,89.2,95.2,89.2,88.5,7.0,WEEKLY,NaN,KEEP AWAY,0.7,1.3,5.0,3.1,NaN,30.0,5.3,Good
STU0427,9.0,0.0,0.0,91.8,91.7,89.9,84.9,5.5,weekly,1.3,KEEP AWAY,0.3,1.6,3.0,NaN,7.3,14.0,4.9,Good
STU0005,8.87,0.0,0.0,77.9,98.3,95.2,96.0,7.7,daily,1.0,Keep Away,0.9,1.2,6.0,4.0,7.2,8.0,4.3,Good
STU6611,7.53,0.0,0.0,79.2,100.3,86.8,81.6,5.1,Daily,0.9,NaN,0.2,2.5,5.0,5.5,8.4,9.0,4.0,Good
STU7052,9.32,0.0,0.0,85.3,87.3,96.4,90.4,7.3,Daily,0.8,Keep Away,0.9,1.5,4.0,4.4,8.2,18.0,7.0,Good
STU4553,9.13,0.0,0.0,78.5,90.1,99.1,97.6,7.0,Weekly,-0.1,Keep Away,0.6,1.0,6.0,6.3,8.5,9.0,5.0,Good
STU4582,8.02,0.0,0.0,78.3,82.5,89.5,101.3,4.5,Weekly,0.9,Silent,0.7,2.0,4.0,7.6,7.4,27.0,3.1,Good
STU7316,9.45,0.0,0.0,90.6,90.4,72.0,88.0,NaN,daily,0.9,Silent,0.4,2.7,5.0,4.1,7.3,8.0,5.8,Good
STU4764,9.52,0.0,0.0,99.6,90.0,84.5,96.8,7.1,Daily,1.9,silent,0.2,1.6,2.0,5.0,7.7,25.0,6.5,Good
STU6132,5.81,2.0,1.0,74.1,58.9,70.7,48.4,3.4, Monthly ,3.7,Silent,1.4,1.1,2.0,1.2,6.6,32.0,3.7,Average
STU2687,6.84,2.0,2.0,55.8,64.4,54.2,54.0,2.3,MONTHLY,3.1,Keep Away,1.6,1.2,0.0,2.4,6.1,19.0,3.9,At-Risk
STU1087,8.55,0.0,0.0,78.2,87.6,91.6,86.1,5.8,Daily,NaN,Keep Away,0.8,1.9,6.0,6.2,8.8,12.0,6.4,Good
STU2464,4.92,3.0,2.0,49.1,54.2,19.3,40.3,0.5,Monthly,6.8,Actively Use,4.8,0.9,0.0,NaN,5.0,42.0,0.7,At-Risk
STU2243,6.16,2.0,1.0,68.1,70.2,58.1,68.0,3.7,Weekly,4.0,Keep Away,1.8,1.1,0.0,2.9,7.1,15.0,3.4,Average
STU6253,6.46,1.0,1.0,74.3,60.6,68.5,56.5,3.9,WEEKLY,3.6,silent,1.5,1.2,0.0,1.6,7.2,18.0,2.6,Average
STU5590,6.16,2.0,1.0,56.5,79.0,51.8,66.7,2.9,Monthly,3.5,SILENT,0.9,NaN,2.0,1.6,6.0,60.0,3.4,Average
STU6427,6.87,2.0,2.0,74.0,66.7,56.8,NaN,3.6, Weekly ,2.7,Silent,1.9,1.4,0.0,1.1,6.6,34.0,1.9,At-Risk
STU0464,7.78,0.0,0.0,NaN,88.6,90.3,78.5,NaN,Daily,0.7,Silent,0.3,NaN,6.0,3.1,8.1,6.0,5.9,Good
STU4123,7.93,0.0,0.0,80.9,92.3,92.7,99.6,5.3,Weekly,-0.1,Keep Away,0.6,2.4,3.0,5.0,7.5,3.0,4.2,Good
STU0966,7.77,0.0,0.0,80.4,100.0,91.7,90.1,6.7,daily,0.7,Silent,NaN,2.6,5.0,6.4,7.8,14.0,6.6,Good
STU5676,5.93,2.0,2.0,74.0,79.4,49.5,66.6,3.2,Weekly,3.5,silent,NaN,0.9,2.0,NaN,7.3,60.0,3.3,Average
STU0453,8.61,0.0,0.0,88.3,100.5,78.4,92.6,6.8,Weekly,1.3,Keep Away,0.1,2.4,5.0,3.3,8.2,24.0,6.0,Good
STU6453,7.98,0.0,0.0,84.4,100.0,90.4,73.1,5.2,Daily,1.6,Keep Away,0.7,1.3,4.0,3.3,8.4,19.0,5.4,Good
STU7334,6.48,2.0,2.0,66.6,71.7,68.8,52.9,2.8,monthly,3.6,Keep Away,0.6,1.5,1.0,2.9,7.7,46.0,2.8,Average
STU4159,7.6,0.0,0.0,89.8,90.9,99.9,96.6,6.8,Daily,1.6,SILENT,0.6,1.0,2.0,6.5,7.4,NaN,5.7,Good
STU3516,6.87,NaN,1.0,73.4,73.9,51.9,52.5,3.9,Monthly,2.5,Actively Use,0.5,1.1,0.0,1.5,8.0,54.0,3.6,Average
STU2712,4.15,NaN,3.0,53.6,47.3,37.5,35.7,0.2,Never,7.9,Actively Use,4.7,NaN,0.0,0.2,4.6,NaN,0.4,At-Risk
STU3175,6.99,1.0,1.0,72.3,NaN,67.8,62.9,3.5,Weekly,3.0,Silent,0.7,1.1,0.0,3.9,7.7,NaN,3.2,Average
STU3357,5.68,2.0,NaN,68.7,76.0,64.1,68.7,2.8,MONTHLY,4.1,NaN,0.6,0.6,2.0,2.2,7.1,32.0,1.1,Average
STU5794,6.23,2.0,1.0,70.8,74.9,57.1,66.3,2.4,Monthly,4.1,Actively Use,1.3,1.1,1.0,2.2,7.4,NaN,3.1,Average
STU4018,5.01,3.0,2.0,41.9,52.8,30.7,39.4,0.8,Only Before Exam,6.4,Silent,2.0,0.7,0.0,0.4,6.3,77.0,0.6,At-Risk
STU2125,8.59,0.0,0.0,92.7,93.2,72.5,94.0,5.6,Weekly,0.1,Keep Away,0.5,2.3,2.0,4.4,8.6,10.0,5.7,Good
STU3127,7.42,2.0,2.0,69.7,70.8,54.5,51.8,3.2,weekly,3.0,SILENT,1.5,0.7,1.0,2.0,6.7,50.0,3.4,At-Risk
STU4728,8.16,0.0,0.0,77.7,93.4,73.6,88.9,5.1,weekly,1.1,KEEP AWAY,0.7,2.0,6.0,4.2,8.8,20.0,6.1,Good
STU7162,5.12,5.0,3.0,32.8,49.9,33.1,39.3,1.8,Only Before Exam,NaN,Actively Use,3.6,0.1,1.0,NaN,6.8,NaN,0.2,At-Risk
STU2706,4.91,2.0,2.0,29.8,23.8,32.9,30.7,1.7,Monthly,6.3,Silent,1.6,NaN,1.0,0.6,4.3,113.0,0.6,At-Risk
STU2895,9.26,0.0,0.0,77.5,98.0,77.1,86.2,8.0,Daily,1.3,Silent,NaN,1.0,4.0,NaN,8.1,5.0,5.0,Good
STU3126,8.76,0.0,0.0,85.2,90.9,87.6,76.7,5.3,Weekly,NaN,Silent,0.3,1.1,6.0,4.7,8.2,3.0,6.3,Good
STU5567,8.96,0.0,0.0,85.1,91.0,82.2,80.3,NaN,Daily,0.4,Keep Away,0.9,1.7,NaN,6.6,8.9,6.0,6.5,Good
STU7093,8.83,0.0,0.0,94.4,88.3,78.3,75.8,6.5,Weekly,0.3,NaN,0.8,1.4,4.0,3.3,8.7,29.0,4.3,Good
STU2016,8.37,0.0,0.0,91.6,88.2,74.6,79.7,8.0,Weekly,0.1,Silent,0.7,2.7,2.0,NaN,NaN,13.0,5.8,Good
STU0798,8.45,0.0,0.0,81.5,93.0,97.8,85.1,7.4,Daily,0.5,Keep Away,0.1,1.1,4.0,3.3,7.7,9.0,4.3,Good
STU0800,6.21,2.0,1.0,70.8,71.7,52.4,63.8,2.7,Weekly,2.6,NaN,1.1,1.0,1.0,NaN,6.5,33.0,2.2,Average
STU6539,6.95,2.0,1.0,55.3,85.2,63.9,51.8,3.7,Weekly,3.3,Silent,NaN,0.8,0.0,3.9,5.8,38.0,2.1,At-Risk
STU6777,3.77,3.0,3.0,39.3,50.7,39.0,NaN,0.4,Only Before Exam,4.9,Actively Use,3.8,NaN,0.0,0.6,5.7,90.0,0.7,At-Risk
STU6848,8.14,0.0,0.0,93.7,88.1,78.3,87.0,6.3,Weekly,1.5,keep away,0.6,NaN,6.0,7.9,8.4,9.0,6.5,Good
STU3601,5.16,4.0,3.0,40.3,21.0,50.7,24.3,1.1,Never,4.2,Actively Use,3.0,NaN,1.0,1.8,6.8,115.0,0.8,At-Risk
STU0406,9.06,0.0,0.0,94.8,86.9,78.8,76.7,6.7,weekly,NaN,silent,0.1,2.2,4.0,7.1,7.9,2.0,3.5,Good
STU0189,4.29,5.0,3.0,40.8,32.0,30.1,43.7,1.0,MONTHLY,7.3,Actively Use,2.8,0.6,NaN,1.3,6.0,113.0,1.4,At-Risk
STU1875,9.49,0.0,0.0,97.9,95.1,79.7,97.8,7.1,Weekly,0.5,Silent,0.7,2.7,3.0,7.9,8.8,29.0,4.3,Good
STU6382,9.36,0.0,0.0,94.4,88.3,83.3,NaN,6.1,NaN,1.1,Silent,NaN,1.9,6.0,6.7,8.4,30.0,4.9,Good
STU2001,4.71,5.0,3.0,44.9,24.2,47.3,46.6,1.0,Only Before Exam,6.0,Silent,2.8,0.3,0.0,0.2,5.4,84.0,1.6,At-Risk
STU0371,9.69,0.0,0.0,97.5,89.3,80.9,81.0,7.8,NaN,0.2,Silent,0.8,1.7,5.0,NaN,7.8,6.0,5.3,Good
STU4957,9.8,0.0,0.0,76.5,91.5,85.4,79.0,3.9,Daily,0.8,Keep Away,1.0,1.1,6.0,7.1,7.3,13.0,5.3,Good
STU1145,5.88,2.0,1.0,61.3,68.2,55.3,67.6,3.5,weekly,3.8,KEEP AWAY,0.8,1.4,0.0,3.5,6.2,26.0,3.6,Average
STU3724,3.29,2.0,2.0,41.6,46.3,44.3,33.3,0.7,Never,7.6,Actively Use,1.2,0.5,0.0,NaN,4.4,69.0,0.8,At-Risk
STU6344,9.88,0.0,0.0,97.8,98.2,73.3,93.0,5.9,Weekly,0.9,silent,0.7,NaN,4.0,7.3,8.9,25.0,5.4,Good
STU0399,3.0,5.0,2.0,36.0,32.9,27.3,21.7,0.7,NaN,5.9,Actively Use,2.2,0.4,1.0,0.8,6.7,64.0,NaN,At-Risk
STU5026,9.23,0.0,0.0,92.7,91.9,100.9,91.0,5.0,Weekly,0.4,Keep Away,0.8,1.5,4.0,3.2,7.8,16.0,6.3,Good
STU6443,5.77,1.0,1.0,72.7,72.1,63.6,70.9,2.6,weekly,2.7,silent,0.9,0.6,NaN,1.5,7.0,59.0,3.7,Average
STU3038,9.64,0.0,0.0,94.7,92.3,85.4,76.0,6.0,NaN,1.3,Silent,NaN,1.2,6.0,6.5,8.5,1.0,5.2,Good
STU3224,NaN,5.0,3.0,30.7,49.1,38.6,46.7,1.9,Monthly,6.1,Actively Use,2.6,0.5,0.0,0.4,4.3,93.0,1.2,At-Risk
STU1565,6.9,2.0,2.0,73.1,74.2,65.2,63.3,3.2,Monthly,2.8,Keep Away,1.6,0.7,1.0,3.3,7.7,46.0,3.5,At-Risk
STU6927,8.95,0.0,NaN,79.0,95.9,82.6,NaN,7.3,Daily,1.0,Silent,0.3,2.9,6.0,3.8,7.3,6.0,3.4,Good
STU2959,4.05,5.0,4.0,41.1,NaN,35.0,27.1,0.8,Monthly,7.9,Actively Use,2.1,0.1,1.0,1.4,6.4,NaN,0.1,At-Risk
STU3287,4.09,3.0,3.0,38.7,30.5,21.2,46.0,0.9,NEVER,6.2,Actively Use,3.7,0.8,1.0,1.2,6.2,65.0,0.9,At-Risk
STU4276,5.85,1.0,1.0,71.6,78.8,66.6,54.8,2.9,Monthly,3.3,Silent,1.1,0.6,1.0,1.4,7.4,21.0,2.1,At-Risk
STU0136,4.16,4.0,1.0,31.1,38.8,51.4,23.8,1.7,NaN,3.7,Silent,3.1,0.1,0.0,0.9,6.0,70.0,0.7,At-Risk
STU2018,8.68,0.0,0.0,90.4,87.4,86.7,68.4,6.0,Daily,1.0,Keep Away,0.9,2.5,3.0,4.2,8.7,19.0,5.3,Good
STU1114,5.57,2.0,2.0,74.2,79.0,54.0,56.9,3.1,Weekly,2.7,Silent,1.1,0.8,0.0,NaN,6.3,37.0,3.5,At-Risk
STU7019,9.06,0.0,0.0,92.7,99.7,86.9,92.4,5.5,Daily,NaN,Silent,0.1,2.8,2.0,NaN,7.5,25.0,NaN,Good
STU2737,8.76,0.0,0.0,95.0,87.0,86.1,79.2,7.1,Daily,-0.2,Keep Away,0.7,1.2,3.0,3.3,8.4,3.0,5.6,Good
STU7030,9.39,0.0,0.0,78.1,89.1,82.0,87.4,7.2,Weekly,-0.2,Keep Away,0.1,1.3,2.0,NaN,7.1,6.0,6.7,Good
STU5206,9.78,0.0,0.0,89.7,91.0,78.2,86.5,4.5,Weekly,0.6,silent,0.8,1.4,3.0,6.6,7.4,6.0,3.4,Good
STU4842,7.43,1.0,1.0,63.9,74.4,65.6,59.9,3.7,Weekly,2.3,Actively Use,1.1,1.2,1.0,NaN,6.5,18.0,2.2,Average
STU2906,9.86,0.0,0.0,97.0,90.0,76.8,90.4,NaN,Daily,0.5,Silent,0.2,1.4,2.0,6.2,7.8,12.0,3.7,Good
STU5900,7.72,0.0,0.0,100.7,91.2,NaN,74.4,6.0,Daily,1.4,Keep Away,0.3,2.0,6.0,NaN,8.1,9.0,6.1,Good
STU4945,5.78,2.0,2.0,59.3,81.8,54.0,57.6,3.6, Monthly ,2.4, Keep Away ,1.2,0.6,2.0,1.5,6.4,25.0,2.4,At-Risk
STU3241,5.71,2.0,1.0,73.0,84.1,51.2,50.1,3.3,Monthly,3.9,Keep Away,1.8,0.8,1.0,2.2,6.9,50.0,3.2,At-Risk
STU5986,NaN,0.0,0.0,80.9,89.8,89.5,76.7,7.2,Weekly,0.6,Keep Away,0.3,1.6,4.0,NaN,NaN,0.0,6.6,Good
STU1214,8.75,0.0,0.0,87.9,95.2,69.0,92.1,3.9,Daily,0.9,KEEP AWAY,0.8,1.9,5.0,3.7,8.8,28.0,6.6,Good
STU2265,6.39,1.0,1.0,63.7,67.9,59.0,53.4,3.8,monthly,3.3,Actively Use,NaN,NaN,1.0,1.9,6.2,21.0,3.5,Average
STU2929,5.41,4.0,4.0,37.8,22.9,41.8,19.9,1.6,Only Before Exam,3.4,Actively Use,3.6,0.4,1.0,0.4,6.7,67.0,1.5,At-Risk
STU7253,6.39,1.0,NaN,59.6,66.0,51.6,52.5,2.7,Weekly,3.9,Keep Away,NaN,0.9,2.0,3.2,7.4,51.0,3.9,Average
STU4097,NaN,0.0,0.0,83.5,95.1,NaN,86.7,7.9,daily,NaN,KEEP AWAY,0.1,1.0,2.0,4.9,8.8,7.0,NaN,Good
STU5767,7.8,0.0,0.0,80.2,103.1,93.1,85.4,4.8,Daily,0.9,Silent,0.6,1.0,2.0,7.9,8.2,9.0,7.0,Good
STU1464,3.89,3.0,2.0,33.6,46.2,49.4,39.0,NaN,Never,5.9,Silent,1.4,0.7,1.0,1.2,6.0,NaN,1.8,At-Risk
STU5059,7.75,0.0,0.0,92.1,91.9,86.3,74.2,6.5,weekly,1.7, Keep Away ,1.0,1.6,3.0,NaN,NaN,6.0,3.1,Good
STU2615,3.28,4.0,2.0,36.4,39.7,46.7,25.0,0.3,Never,3.4,ACTIVELY USE,3.0,0.9,0.0,0.1,4.6,117.0,1.4,At-Risk
STU4075,7.84,0.0,0.0,76.2,98.4,89.2,93.3,4.4,DAILY,-0.3,Keep Away,0.6,2.4,3.0,5.0,7.8,4.0,4.5,Good
STU0992,7.81,0.0,0.0,88.3,91.9,78.7,70.6,7.3,Daily,1.5,Keep Away,0.1,1.1,6.0,7.9,8.5,3.0,4.7,Good
STU0808,6.61,2.0,2.0,64.2,68.8,NaN,59.2,NaN,Weekly,3.6,NaN,1.2,0.9,1.0,3.5,6.7,45.0,2.7,At-Risk
STU3978,8.11,0.0,0.0,97.7,88.2,92.3,95.9,4.9,Weekly,1.0,Silent,0.4,1.5,2.0,NaN,8.8,21.0,3.5,Good
STU0751,9.78,0.0,0.0,90.6,95.8,80.9,89.4,5.5,Weekly,0.7,KEEP AWAY,0.6,2.0,2.0,5.9,7.5,27.0,4.5,Good
STU0277,4.77,2.0,2.0,30.6,30.5,40.2,33.3,0.0,Monthly,7.3,SILENT,4.1,0.5,1.0,0.1,6.3,77.0,1.2,At-Risk
STU2986,8.68,0.0,0.0,82.9,88.4,87.5,72.9,8.1,NaN,0.5,Silent,0.3,1.5,6.0,3.0,8.2,21.0,5.4,Good
STU2346,7.56,0.0,0.0,NaN,90.5,77.1,94.6,4.4,Weekly,1.9,Keep Away,0.6,1.1,6.0,7.8,7.5,2.0,4.8,Good
STU4821,8.34,0.0,0.0,95.1,95.0,79.4,99.5,8.1,Daily,1.6,Keep Away,0.6,1.8,4.0,4.6,7.0,28.0,5.5,Good
STU2426,4.96,2.0,2.0,48.9,53.7,38.3,45.7,1.1,Only Before Exam,6.2,Actively Use,4.0,NaN,1.0,0.1,5.0,95.0,1.2,At-Risk
STU5653,9.55,0.0,0.0,93.7,NaN,69.9,NaN,6.7,daily,0.0,Keep Away,0.5,2.5,5.0,NaN,8.6,11.0,3.6,Good
STU1180,7.85,0.0,0.0,79.1,96.7,98.2,81.3,4.7, Daily ,1.5,Keep Away,0.8,2.8,2.0,6.0,8.8,13.0,3.1,Good
STU4980,6.31,2.0,1.0,55.8,78.6,54.0,48.0,2.7,Weekly,3.7,actively use,1.1,0.8,0.0,2.6,7.1,36.0,NaN,At-Risk
STU0308,4.69,4.0,4.0,42.5,57.6,31.1,19.9,-0.1,Only Before Exam,NaN,Actively Use,3.1,0.8,0.0,0.5,NaN,120.0,0.1,At-Risk
STU3022,8.95,0.0,0.0,96.3,99.2,97.9,76.7,6.9,Weekly,1.2,Keep Away,0.7,1.5,5.0,6.5,7.8,10.0,6.3,Good
STU3889,9.38,0.0,0.0,85.0,95.9,92.3,74.4,NaN,NaN,1.4,Keep Away,0.5,NaN,5.0,4.5,NaN,2.0,3.1,Good
STU7118,3.64,4.0,4.0,37.2,49.8,43.2,33.9,0.1,Never,3.4,Actively Use,3.8,0.9,1.0,1.7,4.3,114.0,0.2,At-Risk
STU1979,7.41,2.0,2.0,70.7,70.4,66.2,60.0,2.4,NaN,2.7,Silent,0.8,0.6,0.0,1.6,6.3,58.0,3.7,At-Risk
STU2039,9.07,0.0,0.0,86.7,87.5,90.9,87.8,6.2, Weekly ,0.7, Keep Away ,NaN,1.8,5.0,6.5,8.3,20.0,3.3,Good
STU6308,7.54,0.0,0.0,103.0,100.6,83.6,69.4,NaN,NaN,0.7,NaN,0.7,2.4,6.0,NaN,7.9,7.0,3.1,Good
STU1171,7.56,0.0,0.0,78.5,95.0,NaN,NaN,5.8,Daily,0.0,Keep Away,0.2,2.8,4.0,3.1,8.2,9.0,4.5,Good
STU5377,6.63,2.0,1.0,70.9,61.5,65.1,62.9,2.7,Monthly,3.7,Actively Use,0.9,1.4,1.0,3.1,7.2,45.0,2.6,Average
STU6395,6.42,1.0,NaN,59.2,61.9,NaN,60.7,2.6,Monthly,3.8,NaN,1.3,NaN,NaN,1.8,6.9,58.0,NaN,At-Risk
STU5669,9.8,0.0,0.0,94.6,96.3,70.7,84.8,6.9,Daily,0.5,Silent,0.8,1.0,3.0,NaN,8.7,0.0,4.7,Good
STU1767,4.18,2.0,2.0,42.4,54.0,26.7,46.6,1.6,NEVER,6.6,Actively Use,1.3,0.0,1.0,1.2,6.6,66.0,1.2,At-Risk
STU0980,8.11,0.0,0.0,80.5,92.9,93.1,93.6,4.5, Daily ,0.8,Keep Away,0.5,2.6,2.0,7.2,8.7,12.0,5.0,Good
STU4974,7.77,0.0,0.0,76.9,88.5,98.2,89.1,6.6,Daily,1.0,Silent,0.5,1.6,3.0,3.8,8.6,18.0,4.9,Good
STU0729,8.48,0.0,0.0,76.2,85.7,85.7,88.2,5.9,DAILY,NaN,Keep Away,0.1,2.0,2.0,NaN,7.2,13.0,3.4,Good
STU1236,3.84,4.0,4.0,28.7,32.6,27.7,32.5,0.1,Monthly,5.9,Actively Use,3.8,0.6,1.0,1.6,5.3,117.0,1.0,At-Risk
STU3866,4.71,5.0,1.0,31.1,28.0,45.3,48.0,1.2,Never,4.6,Actively Use,2.8,NaN,0.0,0.4,4.9,56.0,1.6,At-Risk
STU3284,8.04,0.0,0.0,92.1,94.2,90.0,88.7,6.3,Weekly,0.5,silent,0.9,2.0,4.0,NaN,NaN,30.0,3.5,Good
STU4161,8.48,0.0,0.0,78.0,81.8,94.0,72.9,4.3,daily,1.2,Keep Away,0.3,NaN,3.0,3.5,NaN,NaN,4.6,Good
STU2114,7.75,0.0,0.0,92.0,88.3,76.1,85.5,6.8,Weekly,1.0,KEEP AWAY,0.8,2.5,5.0,6.7,9.0,17.0,4.2,Good
STU6861,6.59,2.0,1.0,67.1,79.4,60.3,66.9,1.9,Monthly,2.7,Keep Away,NaN,0.5,0.0,3.8,7.7,51.0,1.7,At-Risk
STU0090,6.21,1.0,1.0,59.8,68.2,53.9,50.6,2.3,Monthly,4.1, Actively Use ,1.1,0.9,1.0,3.0,6.3,58.0,3.8,At-Risk
STU4758,7.34,1.0,1.0,59.9,82.4,64.2,67.1,3.3,Monthly,NaN,Actively Use,1.6,0.8,2.0,2.5,6.2,55.0,1.9,At-Risk
STU5972,9.91,0.0,0.0,80.8,86.6,76.4,83.9,7.2,WEEKLY,NaN,Silent,0.8,1.4,5.0,NaN,8.7,9.0,6.4,Good
STU1778,4.74,2.0,2.0,44.1,57.6,47.6,33.5,2.1,Monthly,5.0,Actively Use,1.9,0.2,0.0,1.3,5.6,85.0,1.3,At-Risk
STU5479,6.82,1.0,1.0,69.5,61.0,67.2,65.0,3.8,NaN,3.9,Silent,1.0,0.9,2.0,1.8,6.8,36.0,2.0,At-Risk
STU3091,8.32,0.0,0.0,80.7,99.1,93.4,90.6,5.0,DAILY,0.4,Keep Away,0.1,1.1,2.0,3.9,7.4,16.0,5.2,Good
STU3191,3.33,3.0,2.0,53.6,22.3,22.1,45.0,1.3,Never,4.6,Silent,1.7,0.9,1.0,2.0,4.2,61.0,NaN,At-Risk
STU0505,9.54,0.0,0.0,99.9,96.2,97.0,85.8,5.5,Daily,NaN,Keep Away,0.5,1.9,6.0,5.5,8.6,29.0,6.3,Good
STU7293,7.81,0.0,0.0,87.7,85.8,94.6,76.4,4.4,Daily,NaN,Keep Away,0.2,2.3,5.0,6.4,8.1,18.0,6.3,Good
STU0086,9.24,0.0,0.0,82.6,100.7,101.6,100.1,6.0,NaN,1.6,Keep Away,0.8,1.6,5.0,7.1,7.2,2.0,5.4,Good
STU3474,5.1,5.0,1.0,55.3,NaN,29.2,26.0,1.6,Only Before Exam,3.9,Silent,1.7,0.2,1.0,1.5,6.7,56.0,0.8,At-Risk
STU6558,8.79,0.0,0.0,75.5,88.8,95.0,91.3,7.2, Weekly ,0.2,Silent,0.7,2.0,3.0,5.3,7.9,11.0,6.4,Good
STU3861,3.29,3.0,3.0,47.2,25.2,41.9,34.4,NaN,NaN,3.6,Actively Use,1.6,0.6,1.0,0.5,5.1,60.0,1.0,At-Risk
STU2555,5.69,2.0,1.0,55.3,NaN,60.2,55.3,2.2,Weekly,2.6,ACTIVELY USE,0.8,0.9,1.0,NaN,7.4,NaN,1.4,Average
STU2856,3.61,3.0,1.0,28.9,40.0,34.2,22.1,0.3,Only Before Exam,5.4,Actively Use,NaN,0.9,0.0,0.3,4.0,107.0,0.9,At-Risk
STU1772,5.75,2.0,1.0,68.8,66.3,51.1,55.0,2.2,Monthly,2.9,Silent,2.0,0.6,1.0,2.1,7.8,51.0,3.6,At-Risk
STU2868,8.26,NaN,0.0,84.5,92.1,94.4,75.4,4.6,Weekly,1.4,Keep Away,0.6,1.3,6.0,7.3,7.8,26.0,4.5,Good
STU2002,3.04,3.0,3.0,45.6,55.2,27.9,24.8,1.8,Monthly,NaN,Silent,1.8,NaN,1.0,0.8,6.6,102.0,1.2,At-Risk
STU2051,8.92,0.0,0.0,85.1,93.9,97.9,96.9,6.0, Daily ,0.8,keep away,0.5,2.0,NaN,7.8,NaN,8.0,4.1,Good
STU7401,6.83,1.0,1.0,62.7,67.1,66.0,59.0,3.0,Monthly,2.6,Silent,1.2,0.6,1.0,2.3,NaN,45.0,1.5,At-Risk
STU0315,3.41,5.0,1.0,32.8,41.7,46.6,29.9,1.5,only before exam,6.3,Actively Use,4.7,0.8,0.0,1.1,6.1,67.0,NaN,At-Risk
STU2985,8.05,0.0,NaN,88.9,87.5,74.7,85.7,7.2,DAILY,1.5,KEEP AWAY,0.8,1.5,6.0,7.4,7.9,24.0,6.4,Good
STU5530,9.96,0.0,0.0,98.1,90.0,74.5,NaN,6.4,Weekly,1.9,Silent,0.4,1.1,3.0,NaN,NaN,2.0,NaN,Good
STU1410,9.74,0.0,0.0,75.7,100.0,90.4,96.9,4.8,WEEKLY,0.1,Silent,0.5,1.9,2.0,4.7,8.9,16.0,6.3,Good
STU7091,9.79,0.0,0.0,97.2,89.8,84.1,87.0,4.8,DAILY,NaN,Keep Away,NaN,1.7,2.0,6.7,8.3,25.0,4.0,Good
STU3078,6.63,NaN,1.0,64.0,84.1,61.6,64.6,1.9,weekly,2.5,Actively Use,1.8,1.3,1.0,2.6,7.6,27.0,2.5,Average
STU1226,9.99,0.0,0.0,74.5,92.9,84.0,96.1,6.4,WEEKLY,1.2,Keep Away,0.5,1.5,2.0,3.3,NaN,13.0,3.2,Good
STU0334,8.34,0.0,0.0,88.5,93.6,77.7,86.3,7.2,Daily,1.4,keep away,NaN,1.3,2.0,4.3,7.7,9.0,4.6,Good
STU6509,6.24,1.0,1.0,56.7,79.1,70.0,63.0,2.9,WEEKLY,2.5,Silent,0.9,1.2,2.0,NaN,6.0,48.0,1.1,Average
STU6044,7.31,2.0,2.0,71.4,82.5,57.3,60.8,2.8,Weekly,2.9,Keep Away,0.6,0.7,2.0,1.5,7.2,21.0,NaN,Average
STU3216,8.59,0.0,0.0,84.8,95.5,75.4,84.4,7.9,Weekly,0.3,SILENT,0.3,1.4,5.0,NaN,7.6,30.0,3.2,Good
STU1562,6.73,2.0,2.0,72.7,73.4,67.0,60.0,2.6,Weekly,3.8,Silent,1.1,1.0,0.0,NaN,NaN,35.0,4.0,At-Risk
STU2938,3.84,3.0,1.0,40.7,27.0,43.7,37.7,1.2,Only Before Exam,7.4,Silent,1.1,0.1,1.0,0.3,4.3,NaN,1.3,At-Risk
STU4364,3.46,4.0,4.0,42.2,54.5,34.1,45.8,0.7,NaN,7.1, Actively Use ,4.5,0.8,0.0,1.7,4.8,NaN,0.9,At-Risk
STU7302,6.02,1.0,1.0,73.1,70.0,56.1,63.5,2.3,Monthly,2.6,Actively Use,NaN,NaN,0.0,3.7,7.3,51.0,2.7,Average
STU6964,8.56,0.0,0.0,80.4,NaN,95.1,80.8,5.7, Weekly ,0.8,Keep Away,0.4,1.1,5.0,6.0,9.1,4.0,6.1,Good
STU5827,7.37,1.0,1.0,53.9,65.5,58.1,67.7,2.7,Weekly,2.8,Keep Away,1.5,0.8,2.0,2.7,6.1,39.0,NaN,Average
STU0684,4.69,5.0,1.0,37.2,44.2,22.9,24.5,1.0, Never ,7.9,Actively Use,2.5,0.7,1.0,0.5,4.5,49.0,0.1,At-Risk
STU0957,10.0,0.0,0.0,86.5,95.1,75.9,89.9,7.0,Weekly,0.4,KEEP AWAY,0.8,2.2,4.0,4.9,8.2,18.0,5.3,Good
STU5691,8.54,0.0,NaN,NaN,NaN,70.2,83.2,7.5,Weekly,2.0,Silent,1.0,NaN,3.0,NaN,7.1,2.0,NaN,Good
STU3781,9.53,0.0,0.0,86.4,95.0,83.6,97.9,4.3,Daily,1.6,KEEP AWAY,0.7,2.3,4.0,5.1,7.1,18.0,5.8,Good
STU3463,3.5,2.0,1.0,52.2,42.3,18.6,43.6,0.9,Only Before Exam,4.7, Actively Use ,NaN,0.7,0.0,0.7,4.4,110.0,1.1,At-Risk
STU6497,6.0,2.0,1.0,66.5,72.8,49.8,65.9,NaN,Weekly,2.2,Actively Use,0.7,1.2,NaN,1.2,NaN,49.0,2.6,Average
STU4239,4.76,5.0,3.0,NaN,52.9,22.9,NaN,0.9,Only Before Exam,4.6,silent,1.7,0.2,NaN,NaN,6.3,63.0,0.3,At-Risk
STU5444,9.3,0.0,0.0,76.9,87.9,92.7,82.6,6.3,Daily,2.2,Silent,0.4,NaN,4.0,NaN,8.7,30.0,5.0,Good
STU0640,5.18,2.0,1.0,38.0,51.4,34.4,45.8,1.1,Never,5.6,Actively Use,3.3,0.7,1.0,1.9,4.1,115.0,0.1,At-Risk
STU0306,6.52,1.0,1.0,65.1,60.2,52.8,NaN,2.5,monthly,3.7,Actively Use,0.7,0.5,2.0,2.3,6.5,54.0,1.1,At-Risk
STU2496,9.59,0.0,0.0,88.7,99.8,94.1,94.9,4.5,Daily,0.2,Keep Away,0.1,2.9,4.0,5.4,7.2,16.0,4.3,Good
STU3972,9.26,0.0,0.0,84.2,87.2,95.5,91.3,4.5,Daily,0.6,Keep Away,NaN,1.6,2.0,4.4,9.0,2.0,6.0,Good
STU5423,8.18,0.0,0.0,91.6,90.2,95.2,75.7,7.2,Daily,0.3,Keep Away,0.6,NaN,3.0,3.5,8.2,12.0,5.0,Good
STU1356,6.38,1.0,1.0,72.1,84.1,62.6,52.2,4.0,NaN,3.7,Keep Away,1.4,NaN,2.0,2.0,6.7,44.0,3.2,Average
STU0232,5.02,5.0,3.0,40.2,41.1,33.2,19.9,0.2,Monthly,5.2,NaN,NaN,0.0,1.0,1.7,7.0,67.0,1.6,At-Risk
STU2626,3.56,2.0,2.0,54.8,35.8,NaN,49.4,1.7,Only Before Exam,4.5,silent,2.6,0.9,0.0,0.7,5.7,107.0,1.1,At-Risk
STU2622,9.36,0.0,0.0,82.4,92.0,NaN,74.3,6.2,Daily,1.5,Keep Away,0.4,1.1,4.0,4.1,8.7,10.0,NaN,Good
STU0180,4.24,5.0,1.0,50.0,34.1,27.4,39.6,1.5,Monthly,3.4,Actively Use,NaN,0.1,0.0,0.7,5.3,NaN,1.5,At-Risk
STU2960,7.76,0.0,0.0,76.9,83.9,88.9,90.1,6.3,WEEKLY,1.0,Keep Away,0.8,2.1,6.0,7.6,NaN,27.0,6.2,Good
STU5878,7.86,0.0,0.0,90.7,89.0,90.0,86.0,5.9,Daily,1.0,Keep Away,NaN,1.5,6.0,3.1,8.3,29.0,5.4,Good
STU2756,8.85,0.0,0.0,84.6,94.0,85.6,101.9,5.0,Weekly,1.5,Silent,0.6,1.6,5.0,5.1,7.6,4.0,3.7,Good
STU5823,7.73,0.0,0.0,98.1,98.9,72.1,77.0,6.5,Weekly,1.1,KEEP AWAY,0.6,1.9,2.0,6.7,7.7,14.0,NaN,Good
STU0962,9.75,0.0,0.0,80.8,90.7,97.5,97.8,5.9,Weekly,NaN,silent,0.7,2.7,5.0,3.6,8.5,2.0,NaN,Good
STU5067,6.08,1.0,1.0,68.2,67.6,51.8,62.2,3.6,Weekly,2.8,NaN,NaN,0.7,2.0,NaN,6.6,15.0,1.5,Average
STU5494,6.87,1.0,1.0,64.4,80.1,55.5,60.8,NaN,Monthly,2.7,Actively Use,2.0,0.9,0.0,1.3,6.5,22.0,NaN,At-Risk
STU6294,8.65,0.0,0.0,91.7,98.4,73.8,74.9,7.0,Weekly,1.3,Silent,0.4,1.8,2.0,NaN,8.1,21.0,5.0,Good
STU1035,5.43,5.0,4.0,53.9,43.4,NaN,28.1,2.0,Monthly,3.9,Silent,1.4,0.1,1.0,1.1,6.3,88.0,0.7,At-Risk
STU5814,8.85,0.0,0.0,82.8,93.9,97.1,72.9,7.0,Weekly,0.6,silent,0.3,1.4,3.0,7.1,8.3,NaN,5.9,Good
STU0359,5.79,2.0,2.0,59.8,NaN,60.3,50.8,4.1,Weekly,3.7,Keep Away,1.4,1.3,1.0,1.2,6.9,57.0,2.9,Average
STU7357,6.08,2.0,1.0,59.0,76.8,62.1,65.0,NaN,Monthly,2.2,Keep Away,0.8,1.4,1.0,1.2,7.1,37.0,1.7,Average
STU1196,6.15,1.0,1.0,58.1,62.4,67.3,67.5,2.1, Monthly ,2.3,Actively Use,1.1,0.7,2.0,2.1,6.5,35.0,2.4,At-Risk
STU3398,8.37,0.0,0.0,87.0,94.5,93.5,NaN,5.5,Daily,0.9,Keep Away,0.1,2.8,5.0,3.4,8.2,5.0,6.5,Good
STU2347,6.07,1.0,1.0,71.8,72.8,50.8,NaN,3.3,WEEKLY,2.7,Keep Away,0.7,1.0,1.0,3.4,6.6,29.0,1.8,Average
STU4826,6.83,2.0,2.0,55.4,75.7,64.2,47.1,3.0,Weekly,NaN,silent,1.1,1.4,0.0,2.0,6.0,38.0,NaN,At-Risk
STU0384,9.36,0.0,0.0,79.9,92.3,78.8,76.7,7.3, Weekly ,1.8,keep away,NaN,2.5,4.0,7.5,8.8,6.0,3.7,Good
STU4197,7.88,0.0,0.0,97.0,95.0,92.9,82.6,6.2,NaN,-0.0,Silent,0.4,2.1,5.0,5.6,7.8,29.0,6.2,Good
STU2632,5.39,4.0,1.0,31.1,59.7,30.7,47.9,1.0,Never,5.8,Actively Use,4.2,0.7,1.0,1.2,5.4,85.0,1.6,At-Risk
STU1545,4.3,5.0,5.0,46.2,22.2,25.7,35.3,0.4,Only Before Exam,NaN,silent,3.0,0.2,0.0,1.8,5.0,87.0,NaN,At-Risk
STU5869,7.36,1.0,1.0,NaN,80.5,56.4,67.1,3.9,Monthly,2.9,Actively Use,1.8,1.3,0.0,3.2,6.0,19.0,1.1,At-Risk
STU3088,NaN,0.0,0.0,85.5,90.3,71.8,89.9,4.3,weekly,-0.1,silent,0.8,2.8,5.0,NaN,8.5,NaN,5.4,Good
STU2377,9.88,0.0,0.0,82.1,84.2,80.4,77.0,6.0,Daily,0.7,Keep Away,0.5,NaN,3.0,6.9,8.3,26.0,NaN,Good
STU5111,9.4,0.0,0.0,95.4,87.4,81.5,74.8,8.0,Daily,NaN,Keep Away,0.0,2.0,3.0,4.3,8.1,14.0,3.7,Good
STU6708,9.82,0.0,0.0,82.5,88.5,95.8,77.5,8.2,weekly,1.9,Silent,0.4,2.3,4.0,4.4,7.2,4.0,5.1,Good
STU7234,7.73,0.0,0.0,77.6,NaN,81.8,93.4,7.5,Weekly,0.7,Keep Away,0.5,2.5,4.0,4.4,7.7,29.0,3.2,Good
STU4322,6.95,2.0,2.0,62.6,74.9,57.6,52.9,2.4,Monthly,2.6,Actively Use,0.7,0.7,1.0,2.7,6.5,58.0,2.0,At-Risk
STU4368,8.59,NaN,0.0,86.5,99.5,92.1,78.8,6.5,Daily,1.3,Keep Away,0.8,NaN,5.0,6.5,NaN,23.0,3.5,Good
STU4763,7.57,0.0,0.0,81.7,89.1,NaN,102.3,6.4,Weekly,1.0,Keep Away,0.4,1.0,4.0,7.0,8.3,18.0,5.6,Good
STU2912,NaN,0.0,0.0,93.8,97.9,81.7,98.0,7.5,Weekly,0.8,Silent,0.7,2.4,6.0,5.2,NaN,0.0,5.8,Good
STU1859,9.38,0.0,0.0,90.4,92.4,95.5,77.5,6.8,Daily,1.2,Silent,0.7,NaN,3.0,4.7,8.7,8.0,3.1,Good
STU2887,9.98,0.0,0.0,100.5,94.9,96.4,77.4,6.4,Daily,-0.1,Keep Away,0.7,2.9,5.0,7.3,8.3,1.0,6.2,Good
STU6415,9.84,0.0,0.0,94.0,99.3,83.4,91.4,7.8,WEEKLY,0.9,Keep Away,0.8,NaN,6.0,5.7,7.7,27.0,5.1,Good
STU0733,8.92,0.0,0.0,87.4,94.3,91.5,73.6,6.3,Weekly,1.7,Keep Away,0.1,1.3,6.0,6.6,8.0,12.0,4.6,Good
STU5758,9.9,0.0,0.0,86.1,91.4,83.2,92.8,5.5,Daily,0.7,Silent,0.1,2.0,4.0,7.6,8.9,12.0,7.0,Good
STU5316,8.66,0.0,0.0,82.2,83.5,94.9,88.8,5.9,weekly,1.0,Keep Away,0.9,1.6,6.0,4.9,8.4,4.0,3.8,Good
STU5663,9.58,0.0,0.0,97.2,82.4,81.9,71.5,6.2,Daily,1.5,Keep Away,0.8,NaN,3.0,4.8,7.0,2.0,NaN,Good
STU2767,8.33,0.0,0.0,91.2,90.7,101.6,NaN,3.8,weekly,1.0,Keep Away,1.0,2.3,3.0,3.4,8.1,14.0,6.6,Good
STU6634,9.51,0.0,0.0,96.8,95.6,72.5,85.9,7.1,weekly,0.2,Silent,0.3,NaN,3.0,4.6,8.1,29.0,3.5,Good
STU0757,4.06,NaN,1.0,NaN,38.7,NaN,43.5,1.4,Monthly,6.4,SILENT,NaN,0.3,0.0,0.9,NaN,44.0,NaN,At-Risk
STU1060,8.64,0.0,0.0,82.7,88.8,NaN,90.2,6.0,DAILY,0.1,keep away,0.1,1.1,4.0,6.7,8.3,20.0,3.2,Good
STU4868,5.61,1.0,1.0,56.0,76.1,52.6,67.1,3.1,Monthly,3.5,NaN,1.1,1.1,1.0,2.6,NaN,52.0,3.4,Average
STU5336,8.63,0.0,0.0,86.8,89.1,90.8,78.0,5.9,NaN,0.2,Keep Away,0.7,1.4,5.0,3.9,7.0,11.0,3.5,Good
STU3916,9.83,0.0,0.0,92.3,88.2,96.0,NaN,4.5,Daily,1.2,Keep Away,0.6,1.4,4.0,4.2,8.0,14.0,4.3,Good
STU3873,9.14,0.0,0.0,94.0,92.4,79.7,NaN,4.8,DAILY,1.6,keep away,0.6,1.5,NaN,7.5,8.1,12.0,5.0,Good
STU4742,9.71,0.0,0.0,100.0,94.5,97.1,76.2,4.9, Daily ,-0.0,SILENT,0.5,1.9,4.0,4.9,7.1,20.0,3.9,Good
STU2854,8.45,0.0,0.0,84.4,91.9,86.0,71.3,5.7,Weekly,0.8, Keep Away ,0.3,3.0,5.0,3.4,8.2,28.0,3.7,Good
STU1592,3.34,5.0,3.0,37.9,43.1,26.0,41.9,1.0,Only Before Exam,3.4,Actively Use,NaN,NaN,0.0,0.3,5.7,104.0,0.7,At-Risk
STU4145,6.74,2.0,1.0,73.0,59.8,56.1,69.1,2.2,Monthly,3.7,Silent,0.5,NaN,1.0,NaN,7.6,33.0,1.3,At-Risk
STU4601,8.78,0.0,0.0,90.9,90.6,72.8,91.9,7.3,Weekly,0.5,Silent,0.4,1.2,4.0,4.1,8.3,2.0,4.5,Good
STU3384,3.62,4.0,4.0,40.7,31.2,35.5,37.7,0.1,Never,5.5,Actively Use,2.4,0.3,0.0,0.5,5.6,43.0,0.9,At-Risk
STU3899,8.19,0.0,NaN,75.9,NaN,90.4,82.0,7.5,weekly,0.4,Silent,0.7,1.6,4.0,4.6,8.7,22.0,6.1,Good
STU3692,5.35,3.0,1.0,45.7,38.9,25.2,36.5,0.9, Never ,6.8,Actively Use,2.7,0.3,1.0,0.2,4.0,44.0,0.9,At-Risk
STU6003,8.35,0.0,0.0,99.9,87.5,98.4,81.1,4.2,Daily,1.8,Silent,NaN,1.4,2.0,7.1,7.5,0.0,3.6,Good
STU6593,7.96,0.0,0.0,78.3,88.8,69.0,93.8,4.4,daily,1.4,Keep Away,0.8,2.8,5.0,5.8,8.6,3.0,4.8,Good
STU4045,7.9,0.0,0.0,91.8,86.1,80.8,75.2,4.9,Daily,2.0,Silent,NaN,1.8,4.0,6.4,7.2,20.0,3.4,Good
STU1068,9.54,0.0,0.0,95.5,NaN,79.5,86.7,6.5, Weekly ,0.4,Keep Away,0.6,1.6,6.0,3.3,7.0,12.0,3.4,Good
STU4131,8.23,0.0,0.0,99.0,99.1,87.5,77.7,5.2,Weekly,1.3, Keep Away ,0.4,2.8,5.0,3.6,8.4,26.0,5.4,Good
STU2221,8.75,0.0,0.0,NaN,99.8,NaN,73.1,NaN,Weekly,1.6,Keep Away,0.8,1.6,3.0,6.7,8.4,30.0,NaN,Good
STU3294,6.23,2.0,2.0,71.6,82.3,67.2,NaN,3.3,weekly,4.0,NaN,1.6,1.5,2.0,1.1,7.8,29.0,2.7,Average
STU0761,9.72,0.0,0.0,86.2,96.6,95.5,80.7,8.0,Weekly,0.5,NaN,0.6,2.4,6.0,NaN,7.5,14.0,6.0,Good
STU3372,7.8,0.0,0.0,75.6,96.8,81.8,NaN,4.5,DAILY,0.9,Keep Away,0.2,2.5,5.0,4.1,8.1,13.0,6.3,Good
STU3059,7.61,0.0,0.0,98.5,85.4,73.9,74.8,5.8,DAILY,1.8,Keep Away,0.2,2.1,2.0,3.5,8.0,NaN,3.7,Good
STU1652,9.74,0.0,0.0,84.2,91.0,80.2,96.4,8.2, Daily ,0.6,Keep Away,0.8,2.0,4.0,5.0,8.9,NaN,5.0,Good
STU3171,9.75,0.0,0.0,74.0,88.8,84.6,78.5,6.3,Weekly,1.8,Silent,0.9,NaN,6.0,NaN,7.7,13.0,5.7,Good
STU4009,5.0,4.0,2.0,36.7,32.7,50.1,NaN,1.0,Only Before Exam,6.3,Silent,4.0,0.9,0.0,1.6,6.7,112.0,1.6,At-Risk
STU6972,9.09,0.0,0.0,94.0,88.2,86.1,71.0,7.3,Daily,2.0,Keep Away,0.5,NaN,6.0,7.9,8.6,11.0,3.1,Good
STU4351,9.67,0.0,0.0,102.5,98.1,NaN,NaN,3.9,Daily,0.9,keep away,NaN,1.7,6.0,NaN,7.5,18.0,4.2,Good
STU6862,8.33,0.0,0.0,91.4,92.2,94.3,75.6,7.5,Daily,1.2,Silent,0.5,1.3,6.0,7.9,7.6,21.0,3.8,Good
STU6331,7.87,0.0,0.0,95.2,89.3,86.4,92.0,6.7,Weekly,0.6,Keep Away,0.1,2.8,6.0,6.1,8.4,NaN,4.5,Good
STU2623,9.54,0.0,0.0,87.3,99.4,95.1,85.4,5.4,NaN,1.0,Keep Away,0.7,2.0,3.0,7.1,7.4,14.0,4.3,Good
STU4834,5.98,2.0,2.0,67.7,82.5,69.4,62.0,3.8,Weekly,4.1,Actively Use,1.4,0.8,0.0,3.7,7.7,47.0,1.3,At-Risk
STU6274,9.05,0.0,0.0,94.1,97.9,94.5,72.6,NaN,Daily,1.3,Keep Away,0.8,2.7,6.0,NaN,7.6,3.0,5.2,Good
STU2498,9.07,0.0,0.0,75.9,90.8,95.3,74.1,4.9,weekly,0.9,Keep Away,0.8,1.5,5.0,8.0,7.9,6.0,NaN,Good
STU2437,8.97,0.0,0.0,99.8,91.4,78.9,87.2,6.0,Daily,1.1,Keep Away,0.2,2.0,6.0,3.8,8.4,26.0,5.4,Good
STU7368,7.64,0.0,0.0,89.6,91.4,91.5,78.5,6.8, Daily ,0.7,Silent,0.5,1.2,5.0,NaN,8.1,5.0,6.7,Good
STU4851,9.55,0.0,0.0,85.3,94.6,74.8,82.7,6.2,Daily,1.4,keep away,0.9,1.6,4.0,7.5,8.2,30.0,3.3,Good
STU1445,9.47,0.0,0.0,79.3,95.8,91.5,75.6,7.8,Weekly,0.2,NaN,1.0,1.0,2.0,4.3,7.3,7.0,3.1,Good
STU3482,8.68,0.0,0.0,87.8,NaN,93.3,97.4,4.1, Daily ,1.6,keep away,0.1,1.2,3.0,7.8,8.1,24.0,3.6,Good
STU5201,8.73,0.0,0.0,88.3,95.9,85.2,87.3,7.6,Daily,0.5,SILENT,0.7,1.9,NaN,7.2,7.7,4.0,4.2,Good
STU5898,9.33,0.0,0.0,89.6,96.1,79.6,94.6,7.3,Daily,0.3,Keep Away,0.4,2.8,6.0,6.5,7.9,14.0,3.7,Good
STU5726,5.88,1.0,1.0,59.3,69.0,66.7,60.0,3.1,Weekly,2.2,Keep Away,1.3,1.2,2.0,NaN,7.9,47.0,3.7,Average
STU6312,8.58,0.0,NaN,83.1,95.1,91.2,86.3,6.6,Daily,1.1,Silent,0.0,2.7,6.0,NaN,7.8,14.0,3.4,Good
STU3911,6.23,1.0,1.0,72.0,73.4,64.4,57.5,2.5,Monthly,3.2,NaN,1.8,0.6,2.0,1.8,7.0,47.0,1.9,At-Risk
STU6445,9.47,0.0,0.0,91.5,94.9,97.2,95.6,4.2,Daily,1.8,Keep Away,0.8,2.9,3.0,6.7,8.8,13.0,3.0,Good
STU4598,8.69,0.0,0.0,90.9,94.8,97.8,78.7,6.5,WEEKLY,2.0,Silent,0.4,2.0,4.0,7.6,8.1,27.0,6.2,Good
STU4311,8.48,0.0,0.0,90.6,86.8,73.2,86.1,NaN,DAILY,1.4,Keep Away,0.4,1.5,2.0,NaN,7.2,20.0,NaN,Good
STU1194,7.82,0.0,0.0,75.9,100.9,72.5,69.9,4.1,Weekly,1.2,Silent,0.6,NaN,3.0,7.4,7.9,0.0,4.5,Good
STU1870,8.75,0.0,0.0,80.8,95.9,85.1,72.7,NaN,DAILY,0.2,Keep Away,0.9,NaN,3.0,8.0,7.7,19.0,6.5,Good
STU2335,8.3,0.0,0.0,81.0,92.5,85.8,93.3,7.7,Weekly,1.7,Keep Away,NaN,1.9,2.0,6.7,8.7,NaN,4.3,Good
STU1588,6.51,1.0,1.0,59.3,66.4,60.9,60.5,2.3,Weekly,2.0,Silent,0.5,1.5,1.0,3.8,6.9,42.0,4.0,Average
STU7382,7.87,0.0,0.0,95.2,85.6,77.0,73.0,6.9,Weekly,0.1, Keep Away ,0.0,2.9,4.0,7.4,7.7,29.0,3.4,Good
STU5606,9.43,0.0,0.0,77.1,85.8,89.2,NaN,7.5,Daily,1.4,Silent,0.7,1.7,6.0,3.3,7.8,15.0,4.5,Good
STU7391,5.84,1.0,1.0,60.5,73.5,54.2,55.8,2.4,NaN,2.3,Actively Use,0.7,0.6,1.0,1.5,6.8,NaN,1.3,At-Risk
STU5785,NaN,1.0,1.0,72.4,80.4,60.8,NaN,2.7,Monthly,NaN,Silent,0.9,1.2,0.0,3.5,6.6,30.0,3.5,Average
STU5998,8.44,0.0,0.0,81.1,89.7,84.3,94.5,7.3,WEEKLY,1.7, Silent ,0.4,1.8,5.0,NaN,7.2,NaN,6.4,Good
STU6583,3.55,2.0,1.0,50.3,38.4,25.6,39.9,0.0,Never,NaN,Actively Use,2.8,0.8,0.0,0.3,NaN,80.0,0.4,At-Risk
STU5950,7.92,0.0,0.0,86.1,95.0,95.8,76.9,4.8,Daily,0.3,Silent,0.4,2.3,3.0,6.4,7.6,10.0,3.5,Good
STU3174,8.07,0.0,0.0,90.5,83.0,85.3,89.8,5.7,Daily,1.9,keep away,0.6,NaN,4.0,4.4,8.8,24.0,5.4,Good
STU3984,7.75,0.0,0.0,97.8,96.7,82.4,85.7,4.4,Daily,2.2,Silent,0.8,2.6,2.0,3.8,6.9,24.0,5.3,Good
STU2798,8.92,0.0,0.0,90.8,96.3,72.5,97.0,6.6,Daily,1.9,silent,0.0,2.7,2.0,3.6,8.4,27.0,NaN,Good
STU6661,5.84,1.0,1.0,59.3,69.4,55.6,52.5,2.0,Weekly,NaN,Silent,1.6,1.1,2.0,NaN,7.1,31.0,2.9,Average
STU1641,9.61,0.0,0.0,81.0,91.7,96.8,75.4,5.9,Weekly,0.7,Silent,0.4,2.7,4.0,4.9,7.2,29.0,3.3,Good
STU5635,9.94,0.0,0.0,75.1,87.9,75.0,91.5,6.7,DAILY,0.3,Silent,0.4,2.2,2.0,NaN,7.2,11.0,6.7,Good
STU2793,9.77,0.0,0.0,83.9,92.5,87.7,84.8,4.6,Weekly,0.7,Keep Away,NaN,1.9,5.0,6.0,7.1,26.0,5.5,Good
STU0530,4.49,2.0,2.0,44.4,18.6,33.8,20.8,1.2,Only Before Exam,7.6, Silent ,4.9,0.5,1.0,0.9,6.7,110.0,1.3,At-Risk
STU6208,7.75,0.0,0.0,83.5,NaN,96.6,83.0,7.9,Weekly,1.0,Silent,0.9,2.9,3.0,4.7,8.1,20.0,5.7,Good
STU6117,6.25,2.0,1.0,68.9,61.9,53.0,69.5,2.7,WEEKLY,2.1,Actively Use,1.3,1.5,2.0,2.0,6.2,40.0,2.9,Average
STU6922,8.71,0.0,0.0,87.9,99.7,88.5,94.2,6.7,Weekly,0.3, Keep Away ,0.9,1.4,6.0,4.8,8.6,8.0,6.9,Good
STU3650,4.09,2.0,2.0,49.8,30.7,51.8,37.7,0.5,Never,5.1,Actively Use,NaN,0.1,1.0,0.1,5.1,106.0,0.9,At-Risk
STU3321,8.7,0.0,0.0,90.8,91.5,69.5,NaN,7.9,Daily,0.6,Keep Away,0.4,2.4,5.0,4.2,8.5,2.0,4.8,Good
STU1701,9.34,0.0,0.0,83.9,97.5,90.9,81.5,5.6,Daily,1.9,Silent,0.6,2.4,6.0,5.1,7.4,9.0,5.9,Good
STU1556,7.98,0.0,0.0,100.7,92.1,86.7,74.8,6.1,Weekly,1.4,silent,1.0,3.0,6.0,7.8,7.8,8.0,7.0,Good
STU5070,NaN,2.0,1.0,59.5,78.5,58.6,69.8,2.9,Weekly,4.0,Silent,0.9,1.4,1.0,NaN,NaN,57.0,3.8,Average
STU0526,4.96,3.0,1.0,NaN,39.2,43.2,30.4,1.1,Only Before Exam,NaN,Silent,2.5,0.5,0.0,1.6,5.3,112.0,1.0,At-Risk
STU6612,5.5,2.0,2.0,72.6,72.0,54.2,53.5,2.9,NaN,3.6,Actively Use,1.1,1.3,1.0,2.0,NaN,55.0,1.0,At-Risk
STU5611,5.58,2.0,1.0,72.9,67.2,67.7,NaN,2.8,Monthly,3.4,Silent,1.5,1.2,1.0,2.1,7.3,43.0,2.3,At-Risk
STU4451,7.43,2.0,1.0,64.0,61.2,64.4,54.1,3.5,Monthly,2.7,Keep Away,1.6,NaN,0.0,NaN,6.4,17.0,1.2,At-Risk
STU6192,8.14,0.0,0.0,NaN,99.8,94.1,72.5,5.2,Daily,0.5,keep away,0.5,1.3,4.0,3.4,7.3,6.0,NaN,Good
STU2157,7.45,1.0,1.0,70.7,79.2,54.0,NaN,2.4,Monthly,2.8,Keep Away,1.4,NaN,2.0,3.2,7.4,28.0,1.2,Average
STU3784,7.5,1.0,1.0,62.2,74.2,69.1,49.8,3.3,Monthly,2.3,Silent,0.9,0.7,0.0,3.5,6.5,59.0,1.2,Average
STU2931,5.07,5.0,4.0,48.3,56.0,39.8,37.9,1.7,Monthly,4.2,Silent,2.8,NaN,0.0,1.8,4.0,83.0,0.4,At-Risk
STU6318,9.3,0.0,0.0,99.0,88.6,87.1,85.3,5.7,Weekly,1.3, Keep Away ,0.5,2.1,2.0,7.5,8.7,28.0,5.3,Good
STU2774,9.79,0.0,0.0,93.0,100.3,75.6,84.0,8.1,Weekly,1.1,Keep Away,0.9,1.1,6.0,NaN,8.4,30.0,NaN,Good
STU1538,9.29,0.0,0.0,78.8,90.5,84.2,75.9,5.7,weekly,-0.0,NaN,0.6,2.3,3.0,3.3,8.9,0.0,3.7,Good
STU2102,8.13,0.0,0.0,92.2,86.3,72.8,NaN,7.1,weekly,0.6,Keep Away,0.5,2.9,6.0,7.7,7.6,29.0,6.2,Good
STU6417,9.75,0.0,0.0,92.9,84.4,72.8,93.2,5.2,daily,1.6,KEEP AWAY,0.8,2.8,2.0,4.0,7.4,18.0,6.7,Good
STU3627,NaN,NaN,1.0,NaN,NaN,36.3,46.8,1.1,Never,5.2,Silent,2.5,0.0,1.0,1.6,5.3,55.0,1.1,At-Risk
STU4989,9.45,0.0,0.0,93.8,97.1,73.8,NaN,4.2,Weekly,0.6,Silent,0.1,1.1,2.0,7.8,NaN,10.0,5.0,Good
STU5205,6.28,2.0,1.0,66.4,66.3,52.3,58.4,3.2,Monthly,4.0,silent,0.6,1.3,1.0,1.2,6.8,44.0,1.1,At-Risk
STU5684,9.71,0.0,0.0,80.5,86.0,NaN,71.1,6.0,Daily,0.3,silent,0.5,1.9,2.0,5.6,7.6,19.0,6.3,Good
STU5395,5.82,1.0,1.0,59.1,65.7,53.7,52.1,3.0,NaN,NaN,Keep Away,1.4,1.1,2.0,2.3,7.2,20.0,3.7,Average
STU1536,6.64,2.0,1.0,57.8,74.2,64.5,NaN,3.1,Monthly,3.2,Silent,1.1,0.9,2.0,1.4,8.0,50.0,3.3,Average
STU6937,8.77,0.0,0.0,NaN,91.5,72.8,85.9,5.4,Daily,0.1,keep away,0.8,1.8,4.0,NaN,NaN,7.0,3.3,Good
STU1684,4.33,2.0,2.0,33.4,51.6,47.5,22.7,0.7,Monthly,5.3,Actively Use,NaN,0.9,0.0,0.6,6.3,NaN,1.3,At-Risk
STU5811,9.69,0.0,0.0,85.0,95.1,90.1,87.2,7.7,daily,1.4,Silent,NaN,2.7,6.0,5.4,8.3,15.0,NaN,Good
STU3635,8.89,0.0,0.0,82.4,87.4,71.1,94.1,4.0,Daily,1.0,keep away,0.1,2.1,6.0,4.7,6.9,30.0,4.8,Good
STU3270,3.29,4.0,1.0,35.2,34.4,41.7,35.1,0.4,Only Before Exam,5.9,ACTIVELY USE,3.8,0.4,1.0,NaN,5.9,60.0,1.2,At-Risk
STU1429,6.63,NaN,2.0,69.7,78.1,65.5,NaN,4.0,Monthly,3.2,Actively Use,NaN,NaN,NaN,NaN,7.5,45.0,1.7,At-Risk
STU6174,7.88,0.0,0.0,94.8,84.8,84.2,NaN,7.5,Weekly,0.5,keep away,0.3,2.1,2.0,4.1,7.2,30.0,4.7,Good
STU0948,3.61,3.0,2.0,49.4,34.1,47.6,32.6,1.6,Never,7.7,Actively Use,2.0,0.8,1.0,0.9,6.9,45.0,0.9,At-Risk
STU6160,7.99,0.0,0.0,86.0,92.6,74.3,97.3,NaN,Daily,0.8,Silent,0.7,2.8,2.0,NaN,7.9,25.0,4.4,Good
STU1791,8.62,NaN,0.0,78.7,84.3,90.3,97.8,7.8, Daily ,1.2,Keep Away,0.1,NaN,5.0,3.6,8.2,21.0,6.1,Good
STU4184,7.58,0.0,0.0,82.8,96.9,77.0,NaN,5.0,Daily,0.1,Keep Away,0.2,1.7,3.0,3.6,8.4,28.0,NaN,Good
STU4878,8.89,0.0,0.0,91.2,90.0,92.9,92.5,7.1,Daily,0.2, Silent ,0.6,3.0,6.0,5.9,7.3,21.0,6.5,Good
STU5909,8.5,0.0,0.0,87.7,88.3,86.1,81.2,NaN,Weekly,1.4,Keep Away,0.3,2.2,6.0,5.8,7.4,1.0,3.1,Good
STU2093,9.08,0.0,0.0,98.7,83.4,88.7,95.8,3.9,Weekly,1.4,keep away,0.5,NaN,2.0,6.1,7.1,10.0,6.0,Good
STU5789,9.84,0.0,0.0,75.9,95.5,97.1,75.9,NaN,Daily,1.5,KEEP AWAY,0.5,2.0,4.0,4.6,8.5,28.0,4.1,Good
STU0084,7.33,2.0,1.0,58.9,85.8,59.9,54.3,2.9, Monthly ,3.7,Actively Use,1.6,1.3,0.0,3.0,7.3,31.0,3.5,Average
STU2278,9.25,0.0,0.0,NaN,91.5,96.6,71.8,7.9,Weekly,-0.1,silent,0.5,2.8,4.0,7.7,7.6,17.0,3.6,Good
STU6514,10.0,0.0,0.0,98.9,88.6,88.5,81.3,5.6,Weekly,0.8,Keep Away,0.6,2.1,6.0,6.8,7.3,26.0,4.7,Good
STU2747,7.37,1.0,1.0,57.0,72.3,66.8,66.9,3.2,weekly,2.0,Keep Away,1.6,NaN,2.0,3.2,7.4,45.0,2.3,Average
STU2387,6.27,2.0,1.0,60.3,63.0,65.8,65.5,2.4,Weekly,3.5,Actively Use,0.6,1.1,1.0,3.6,7.7,58.0,2.1,Average
STU4423,8.97,0.0,0.0,88.4,92.9,83.6,80.1,4.4,Daily,0.4,Silent,NaN,1.5,2.0,7.1,7.8,19.0,4.7,Good
STU3413,5.92,1.0,1.0,70.7,NaN,51.6,59.7,3.5,Monthly,3.4,Keep Away,2.0,1.2,0.0,2.9,8.0,15.0,1.2,Average
STU1024,9.35,0.0,NaN,92.4,96.9,82.4,NaN,NaN, Weekly ,0.5,keep away,0.4,1.6,5.0,6.8,8.7,14.0,4.2,Good
STU2956,8.37,0.0,0.0,85.9,100.1,93.6,NaN,6.4,Weekly,1.2,Silent,0.2,2.4,5.0,5.1,8.7,21.0,4.6,Good
STU1147,6.0,1.0,1.0,60.2,64.1,60.5,55.6,3.6,Weekly,2.4,actively use,1.2,0.5,NaN,2.4,NaN,37.0,3.9,At-Risk
STU0679,3.99,3.0,3.0,56.5,42.9,29.7,24.4,1.4,Never,6.2,Silent,2.5,1.0,1.0,0.0,4.8,73.0,1.8,At-Risk
STU1742,5.85,1.0,1.0,73.3,63.7,57.7,66.3,2.2,Weekly,2.3,Actively Use,1.3,1.3,0.0,NaN,7.1,51.0,3.1,Average
STU6170,9.65,0.0,0.0,75.6,96.5,NaN,73.7,7.6,Weekly,1.4,Silent,0.2,1.2,3.0,5.8,7.3,5.0,3.7,Good
STU6273,9.87,0.0,0.0,84.0,92.9,88.8,81.2,5.2,Weekly,1.5,Keep Away,0.6,2.0,4.0,3.5,7.1,29.0,5.0,Good
STU6875,5.91,1.0,1.0,57.2,73.8,49.6,52.9,3.6,Monthly,2.8,NaN,0.5,1.0,2.0,3.8,6.6,26.0,1.8,Average
STU1282,9.2,0.0,0.0,88.8,83.3,90.6,98.0,6.8,Daily,1.7,Keep Away,0.2,2.8,6.0,NaN,NaN,23.0,6.4,Good
STU0378,9.53,0.0,NaN,85.6,92.5,97.1,86.9,4.6,Daily,0.5,Keep Away,0.2,NaN,4.0,4.5,8.1,12.0,5.4,Good
STU3338,3.16,3.0,1.0,51.4,34.1,40.9,44.3,1.0,Never,6.0,Actively Use,1.4,1.0,1.0,0.1,5.3,113.0,1.1,At-Risk
STU2792,7.85,0.0,0.0,82.6,85.3,83.5,95.7,4.4,daily,1.0,Silent,0.0,2.5,4.0,NaN,8.5,28.0,NaN,Good
STU3638,5.85,2.0,1.0,62.9,NaN,67.2,59.4,2.7,Weekly,2.6,SILENT,1.8,0.6,1.0,3.9,7.0,30.0,1.6,Average
STU3195,6.21,2.0,2.0,72.4,86.0,69.0,70.2,3.6,Monthly,3.4,Silent,0.9,1.5,0.0,3.6,NaN,46.0,2.5,At-Risk
STU6704,8.18,0.0,0.0,76.4,92.2,93.2,85.7,6.5,Weekly,0.9,Silent,0.1,1.4,6.0,3.0,8.9,4.0,3.8,Good
STU1327,7.08,1.0,1.0,57.4,77.5,57.4,56.5,3.0,Weekly,3.9,Keep Away,1.7,1.4,2.0,3.8,6.6,18.0,2.3,Average
STU3910,4.84,5.0,4.0,39.5,30.9,29.0,42.0,1.1,Monthly,7.8,Actively Use,4.3,0.2,1.0,1.6,5.6,97.0,0.5,At-Risk
STU4371,7.77,0.0,0.0,82.5,96.2,93.0,88.1,5.2,Weekly,1.7,Keep Away,0.1,2.8,4.0,7.9,8.8,25.0,3.6,Good
STU2255,4.93,2.0,2.0,49.7,44.3,19.1,32.9,0.2,NEVER,6.7,Actively Use,1.3,0.2,1.0,0.8,5.5,79.0,0.8,At-Risk
STU1941,8.12,0.0,0.0,84.0,99.5,76.6,97.0,6.1,DAILY,0.1,keep away,NaN,2.9,3.0,5.1,8.7,12.0,4.0,Good
STU7335,7.07,2.0,1.0,63.9,71.9,61.9,68.3,2.3,Weekly,2.2,Keep Away,1.5,0.8,1.0,3.0,6.5,46.0,2.9,Average
STU2758,3.13,4.0,2.0,43.6,47.2,31.5,44.6,1.3,Only Before Exam,7.7,Actively Use,1.6,NaN,0.0,0.5,3.9,56.0,1.9,At-Risk
STU5582,6.51,2.0,NaN,71.9,80.4,68.5,68.6,3.1,WEEKLY,3.5,Actively Use,1.1,0.9,0.0,3.7,7.8,39.0,3.0,At-Risk
STU6532,9.93,0.0,0.0,96.9,93.7,67.4,97.0,7.2,Daily,1.7,Keep Away,0.0,1.1,6.0,NaN,8.7,1.0,7.0,Good
STU6713,6.93,1.0,1.0,68.8,81.0,49.7,NaN,2.4,Monthly,2.0,Keep Away,1.4,0.7,2.0,2.4,7.5,40.0,2.8,Average
STU0947,8.18,0.0,0.0,NaN,98.4,76.8,73.7,7.8,Daily,1.6,Keep Away,0.6,2.5,5.0,5.1,8.5,NaN,4.5,Good
STU2686,NaN,2.0,2.0,66.8,NaN,56.5,61.2,2.9,Weekly,2.8,KEEP AWAY,0.8,1.2,1.0,1.8,6.9,15.0,2.1,Average
STU6561,9.81,0.0,0.0,81.4,93.7,99.3,NaN,6.3,Daily,0.3,Keep Away,0.4,NaN,3.0,5.0,9.0,7.0,6.0,Good
STU3273,9.52,0.0,0.0,82.0,96.7,82.1,75.9,4.5,WEEKLY,1.0,Keep Away,0.1,2.4,4.0,NaN,7.2,30.0,4.9,Good
STU3710,4.42,2.0,1.0,38.3,50.9,44.1,NaN,0.2,never,4.3,Silent,NaN,0.1,1.0,1.3,NaN,65.0,0.3,At-Risk
STU3045,9.57,0.0,0.0,83.9,91.0,75.8,NaN,5.6,DAILY,1.1,Keep Away,0.8,2.0,3.0,NaN,7.3,3.0,NaN,Good
STU6158,6.56,2.0,2.0,61.9,77.3,60.2,63.5,3.3,Monthly,3.7,keep away,NaN,1.3,2.0,NaN,6.0,19.0,2.9,Average
STU1422,5.91,2.0,2.0,55.6,73.9,NaN,60.5,4.1,Weekly,3.2,NaN,0.6,0.7,2.0,3.0,7.8,34.0,1.1,Average
STU6633,7.59,0.0,0.0,79.6,85.5,83.9,87.7,4.6, Weekly ,NaN,Keep Away,0.0,1.5,3.0,3.9,7.2,8.0,3.9,Good
STU4761,8.76,0.0,0.0,96.9,85.6,74.1,73.9,8.4,Weekly,0.4, Keep Away ,0.8,1.9,2.0,4.2,8.8,2.0,4.9,Good
STU1001,4.64,4.0,3.0,33.1,29.5,41.3,NaN,1.9,Only Before Exam,5.1,Actively Use,4.5,0.4,0.0,2.0,6.8,90.0,0.7,At-Risk
STU6990,9.08,0.0,0.0,83.3,86.4,77.6,88.7,NaN,Weekly,1.8,Keep Away,0.1,2.8,3.0,4.2,8.9,21.0,6.0,Good
STU0608,8.02,0.0,0.0,89.0,90.5,77.4,98.5,7.1, Weekly ,1.5,Keep Away,0.1,1.2,2.0,NaN,7.2,1.0,6.9,Good
STU6799,8.36,0.0,0.0,79.7,91.8,91.5,98.9,6.5,Weekly,0.8,Keep Away,0.6,2.0,4.0,6.3,8.2,11.0,6.9,Good
STU5568,8.63,0.0,0.0,83.0,91.6,78.2,97.9,7.1,DAILY,1.6,Silent,0.4,2.1,6.0,NaN,8.3,16.0,NaN,Good
STU4994,8.17,0.0,0.0,87.7,NaN,80.2,89.9,6.5,Weekly,0.5,Silent,0.6,NaN,2.0,3.4,8.3,15.0,6.2,Good
STU0379,6.35,2.0,2.0,67.4,59.8,49.7,53.3,NaN,MONTHLY,2.5,Actively Use,0.9,0.9,0.0,3.4,6.1,23.0,2.9,At-Risk
STU4254,3.16,3.0,1.0,27.1,55.6,19.7,38.4,0.4,Monthly,6.3,Silent,2.1,0.0,0.0,NaN,4.9,79.0,1.1,At-Risk
STU5931,9.69,NaN,0.0,NaN,NaN,76.9,103.8,8.1,DAILY,1.2,Keep Away,0.8,1.4,6.0,4.9,8.3,15.0,4.1,Good
STU5824,7.58,0.0,0.0,85.7,87.4,94.6,95.2,4.8, Weekly ,0.9,Keep Away,0.2,2.9,6.0,NaN,8.2,23.0,5.1,Good
STU5985,6.38,2.0,1.0,60.0,68.4,54.4,66.1,3.0,NaN,3.1,Silent,1.9,0.7,1.0,3.8,7.0,37.0,3.6,Average
STU2839,3.82,3.0,3.0,36.8,53.2,43.9,NaN,1.3,Never,5.9,Silent,1.4,0.5,1.0,1.9,5.7,119.0,NaN,At-Risk
STU3633,6.16,1.0,1.0,62.7,60.7,47.6,61.9,2.9,Weekly,2.2,Keep Away,1.8,1.1,1.0,1.5,7.8,56.0,1.8,Average
STU6327,9.6,0.0,0.0,87.6,84.2,78.0,75.1,5.4,DAILY,1.3,Keep Away,0.7,2.4,4.0,4.9,7.5,29.0,3.2,Good
STU2812,4.45,4.0,1.0,54.4,45.8,41.0,30.5,-0.2,Never,3.0,actively use,4.6,0.1,1.0,NaN,4.5,85.0,1.3,At-Risk
STU5182,6.33,2.0,2.0,66.7,82.4,68.9,57.5,2.5,Monthly,2.7,Actively Use,1.0,0.7,1.0,3.0,7.2,19.0,3.3,At-Risk
STU5674,5.65,1.0,1.0,68.4,71.5,50.8,58.2,2.9, Weekly ,3.8,Silent,1.6,1.4,2.0,2.0,6.5,27.0,NaN,Average
STU6882,9.28,0.0,NaN,77.6,90.2,87.6,102.0,NaN,Weekly,1.7,Silent,0.5,2.6,3.0,5.8,8.1,27.0,3.9,Good
STU3295,5.72,NaN,2.0,56.8,79.7,60.2,NaN,2.0,Monthly,2.8,Actively Use,1.0,1.0,0.0,2.9,7.2,29.0,1.0,At-Risk
STU4147,5.05,3.0,3.0,54.2,32.8,39.1,42.7,1.4,Only Before Exam,7.2,Actively Use,2.9,1.0,1.0,1.9,5.6,76.0,1.1,At-Risk
STU7187,4.98,4.0,3.0,46.5,35.4,33.8,NaN,0.7,Monthly,5.6,Actively Use,1.1,0.9,0.0,NaN,4.9,NaN,1.2,At-Risk
STU0079,7.55,0.0,0.0,99.2,89.9,88.3,79.2,6.1,WEEKLY,1.2,NaN,0.8,1.4,4.0,NaN,7.4,26.0,6.6,Good
STU6867,6.5,1.0,1.0,62.8,80.6,64.0,59.1,3.6,Monthly,3.5,SILENT,1.7,1.5,2.0,1.6,6.4,21.0,2.7,Average
STU2557,7.57,0.0,0.0,83.8,86.5,86.1,100.2,6.1,Daily,1.0,Keep Away,0.4,2.6,6.0,3.4,9.0,17.0,4.7,Good
STU5434,6.93,1.0,1.0,70.5,74.3,64.2,56.0,3.8,Weekly,3.3,Keep Away,1.2,1.2,2.0,2.7,7.6,24.0,NaN,Average
STU2752,8.63,0.0,0.0,92.4,93.3,84.2,88.6,5.0,weekly,1.1,Keep Away,0.4,2.7,5.0,4.7,8.4,1.0,3.9,Good
STU1499,6.58,2.0,2.0,58.6,69.8,62.7,58.2,2.4,WEEKLY,3.3,ACTIVELY USE,0.8,1.2,1.0,2.4,7.1,38.0,3.6,At-Risk
STU0116,5.83,2.0,2.0,59.4,84.6,54.1,60.9,2.7,monthly,3.8,Silent,0.7,1.5,1.0,NaN,6.6,41.0,1.2,At-Risk
STU2536,7.27,1.0,1.0,62.8,60.7,63.8,64.3,3.4,monthly,3.9,KEEP AWAY,NaN,1.2,NaN,1.2,6.3,43.0,3.4,Average
STU1426,9.58,0.0,0.0,99.0,96.5,79.0,69.3,6.9,WEEKLY,1.4,Keep Away,0.9,2.5,5.0,7.1,8.6,29.0,NaN,Good
STU0335,9.2,0.0,0.0,76.2,84.4,85.4,89.3,5.2,Weekly,1.2,Silent,0.3,2.8,3.0,7.5,7.7,24.0,3.9,Good
STU0636,9.65,0.0,0.0,88.1,88.9,91.0,82.4,6.5,Daily,1.7,Keep Away,0.4,NaN,5.0,6.8,7.8,16.0,5.4,Good
STU5126,7.59,0.0,0.0,81.9,86.9,75.9,102.1,5.3,Weekly,0.9,Keep Away,0.9,1.8,4.0,5.6,7.3,24.0,NaN,Good
STU5787,9.55,0.0,0.0,75.0,99.0,92.5,80.9,6.8,Daily,2.1,Keep Away,0.3,2.7,4.0,3.4,NaN,26.0,3.9,Good
STU0652,5.71,1.0,1.0,62.9,68.9,60.0,53.7,4.1,Monthly,4.0,Silent,1.4,0.9,0.0,2.1,NaN,26.0,3.2,At-Risk
STU7254,7.43,2.0,2.0,66.1,76.9,55.6,57.9,2.4,Monthly,3.5,NaN,0.9,0.6,2.0,1.3,7.5,25.0,1.7,At-Risk
STU6854,7.83,0.0,0.0,79.8,94.4,81.4,98.3,5.8,WEEKLY,0.2,Keep Away,0.1,2.4,4.0,6.2,8.3,12.0,4.4,Good
STU1716,9.56,0.0,0.0,83.1,92.0,76.9,82.4,7.5,WEEKLY,1.0,Keep Away,NaN,2.7,2.0,5.6,NaN,8.0,6.4,Good
STU5030,6.57,1.0,1.0,70.1,78.7,52.1,57.0,3.3,Monthly,2.8,Keep Away,1.7,0.6,1.0,3.7,NaN,59.0,1.5,Average
STU0326,8.58,0.0,0.0,83.6,99.4,78.2,96.0,5.9,Daily,1.2,Keep Away,0.3,NaN,6.0,4.6,7.0,4.0,4.1,Good
STU7333,8.1,0.0,0.0,89.8,91.9,84.7,92.9,5.2,weekly,0.4,Keep Away,0.7,2.0,2.0,NaN,8.2,3.0,5.7,Good
STU6390,9.21,0.0,NaN,78.3,100.0,73.8,72.1,4.6,Weekly,1.6,NaN,NaN,2.9,6.0,3.3,8.4,26.0,5.1,Good
STU5817,6.25,1.0,1.0,57.7,60.9,NaN,67.4,2.7,WEEKLY,2.3,NaN,0.6,1.4,0.0,2.9,NaN,25.0,3.0,Average
STU6492,5.85,2.0,1.0,60.7,63.9,54.1,51.9,4.0, Monthly ,2.5,Keep Away,1.1,0.5,1.0,1.9,7.4,59.0,1.6,At-Risk
STU1190,9.75,0.0,0.0,83.3,92.2,82.0,NaN,5.3,daily,0.4,Silent,0.2,1.4,3.0,5.4,8.5,22.0,5.3,Good
STU5997,6.31,1.0,1.0,64.4,80.4,61.1,64.3,2.4,Weekly,3.2,Actively Use,1.2,0.9,0.0,3.8,NaN,49.0,NaN,At-Risk
STU3226,8.67,0.0,0.0,95.8,85.4,77.3,84.2,NaN,Daily,1.2,Keep Away,0.9,2.8,5.0,4.2,NaN,29.0,3.6,Good
STU4134,6.1,1.0,1.0,63.0,80.0,57.9,57.2,3.1,Monthly,3.0,Actively Use,0.7,0.5,0.0,3.8,6.7,45.0,1.3,At-Risk
STU5331,8.66,0.0,0.0,93.5,NaN,84.8,89.8,5.8,Daily,2.0,Silent,NaN,2.8,2.0,5.5,8.3,23.0,4.5,Good
STU4279,8.12,0.0,0.0,99.6,89.6,70.2,97.9,6.6,Weekly,0.6,Keep Away,0.5,1.5,2.0,NaN,8.1,14.0,3.3,Good
STU0801,5.54,2.0,2.0,71.1,63.4,48.3,62.0,3.6,Monthly,3.7,Actively Use,1.2,0.7,0.0,3.2,7.3,36.0,NaN,At-Risk
STU4011,5.36,2.0,2.0,36.7,52.5,21.6,37.9,0.7,Never,3.2,Actively Use,NaN,0.9,1.0,0.0,NaN,90.0,1.4,At-Risk
STU5358,6.93,1.0,1.0,70.1,76.9,68.0,60.4,3.7,Monthly,1.7,actively use,1.9,0.6,2.0,1.6,7.7,42.0,2.2,At-Risk
STU0118,6.83,1.0,1.0,NaN,83.1,65.3,58.0,3.8,Weekly,2.3,Actively Use,0.7,NaN,0.0,1.2,7.1,56.0,3.8,Average
STU2523,8.21,0.0,0.0,81.3,88.6,80.4,97.7,5.9,Daily,0.6,Silent,0.4,1.2,5.0,7.5,7.8,20.0,6.9,Good
STU3594,5.38,2.0,2.0,44.5,58.7,43.1,23.3,0.4,Monthly,4.9,Actively Use,2.1,0.4,1.0,1.2,5.4,118.0,0.1,At-Risk
STU5192,7.15,1.0,NaN,69.7,79.8,58.9,NaN,2.8,Weekly,3.9,actively use,1.3,1.1,1.0,2.0,7.1,58.0,2.9,Average
STU2511,3.87,3.0,3.0,39.7,48.6,19.1,45.4,1.7,Never,7.1,Actively Use,2.2,0.8,1.0,NaN,4.5,118.0,0.1,At-Risk
STU1310,8.97,0.0,0.0,90.3,86.2,100.8,76.5,7.7, Weekly ,-0.4,Silent,0.9,1.0,2.0,6.8,7.6,16.0,6.0,Good
STU5392,7.0,1.0,1.0,59.4,76.7,51.7,67.2,3.9,MONTHLY,3.5,Keep Away,0.6,1.3,2.0,3.6,NaN,NaN,3.9,Average
STU1797,8.92,0.0,0.0,80.9,96.2,79.2,75.3,5.2,Daily,1.9,Keep Away,0.4,2.5,3.0,3.9,7.7,2.0,NaN,Good
STU6014,8.08,0.0,0.0,91.9,99.3,98.4,74.8,5.3,Daily,1.7,Silent,0.0,2.5,3.0,5.1,8.5,6.0,5.1,Good
STU6071,8.51,0.0,0.0,98.2,90.0,86.4,93.6,5.2,Daily,0.7,keep away,0.1,1.7,4.0,6.7,8.7,16.0,5.9,Good
STU4778,8.94,0.0,0.0,87.4,97.7,91.0,75.2,6.0,weekly,0.5,Keep Away,0.8,2.4,5.0,5.4,8.5,3.0,NaN,Good
STU0454,8.03,0.0,0.0,92.7,85.7,95.8,84.7,4.9,Weekly,NaN,Keep Away,1.0,1.1,4.0,NaN,7.8,18.0,5.5,Good
STU2471,5.87,2.0,1.0,73.3,70.6,66.2,50.9,2.5,NaN,2.1,keep away,0.9,1.0,0.0,3.8,6.7,19.0,2.9,Average
STU3193,6.5,1.0,1.0,64.3,82.4,61.4,67.3,3.1,WEEKLY,2.5,Silent,0.7,1.4,2.0,1.2,6.0,45.0,1.2,Average
STU4520,8.74,0.0,0.0,89.5,97.9,70.2,96.1,5.6,Daily,-0.2,SILENT,0.8,2.9,4.0,6.8,8.7,16.0,6.5,Good
STU1699,4.45,2.0,2.0,53.2,33.5,44.6,36.0,0.6,Only Before Exam,4.5,Actively Use,NaN,0.6,0.0,0.5,7.0,40.0,1.1,At-Risk
STU4671,6.58,1.0,1.0,71.8,83.0,64.4,58.3,3.6,NaN,2.7,Keep Away,1.5,1.1,2.0,1.9,7.0,26.0,3.5,Average
STU3818,9.75,0.0,0.0,93.8,96.6,77.0,85.6,5.6,Weekly,1.7,Keep Away,0.1,NaN,4.0,7.6,NaN,20.0,6.4,Good
STU4352,8.51,0.0,0.0,81.1,88.3,92.6,82.7,7.2,Daily,1.8,Keep Away,0.8,1.8,5.0,NaN,7.4,21.0,5.6,Good
STU3152,5.39,5.0,1.0,NaN,49.2,24.5,41.8,-0.3,Never,3.5,Silent,2.7,NaN,0.0,0.9,5.8,87.0,1.2,At-Risk
STU2142,9.91,0.0,0.0,86.1,88.2,76.4,95.1,6.1,Weekly,1.3,Keep Away,0.8,2.5,4.0,NaN,8.5,27.0,5.1,Good
STU2924,3.16,5.0,4.0,38.6,32.8,27.9,37.8,0.4,Only Before Exam,6.4,Actively Use,NaN,0.1,1.0,1.3,7.0,96.0,0.4,At-Risk
STU3378,8.49,0.0,0.0,101.7,95.7,79.3,75.4,4.9,WEEKLY,0.8,KEEP AWAY,NaN,1.3,2.0,4.8,8.4,NaN,NaN,Good
STU5936,8.65,0.0,0.0,NaN,91.4,79.0,81.3,-0.8,Daily,0.8,keep away,NaN,1.4,5.0,4.3,7.6,21.0,4.9,Good
STU2662,8.04,0.0,0.0,90.3,98.4,93.9,98.4,7.4, Weekly ,1.1,Keep Away,0.7,1.7,4.0,8.0,7.6,20.0,5.4,Good
STU4238,6.58,2.0,2.0,70.0,NaN,62.4,64.3,NaN,Monthly,1.9,keep away,1.4,1.1,1.0,1.2,6.9,30.0,3.0,Average
STU2398,6.17,1.0,1.0,57.5,68.8,56.9,60.3,NaN,Weekly,3.7, Actively Use ,0.6,NaN,0.0,1.3,6.5,26.0,3.5,Average
STU5866,6.17,2.0,2.0,65.4,NaN,NaN,57.7,2.9,Weekly,3.9,Keep Away,NaN,1.3,2.0,1.3,6.7,23.0,2.8,Average
STU2668,5.26,5.0,1.0,40.0,39.8,40.6,46.3,1.7,Only Before Exam,3.3,silent,2.0,0.0,1.0,1.2,6.3,66.0,0.6,At-Risk
STU1228,9.79,0.0,0.0,95.5,95.7,86.4,96.0,7.9,Weekly,2.0,Silent,0.1,1.3,4.0,6.4,8.1,9.0,3.1,Good
STU4737,7.78,0.0,0.0,77.0,92.9,NaN,70.7,5.9,Daily,0.8,Keep Away,0.6,2.9,3.0,4.5,9.2,21.0,3.3,Good
STU3793,3.7,5.0,2.0,32.9,49.5,26.4,30.0,1.4,Monthly,6.9,Actively Use,3.3,0.9,1.0,0.4,4.8,94.0,1.3,At-Risk
STU6671,8.52,0.0,0.0,83.7,85.9,71.4,88.1,7.2,Daily,1.9,Keep Away,0.7,2.8,5.0,7.9,9.1,13.0,5.4,Good
STU7405,8.97,0.0,0.0,77.1,94.9,80.0,73.9,4.6,Daily,NaN,Keep Away,1.0,1.9,6.0,3.7,8.8,27.0,NaN,Good
STU1294,7.64,0.0,0.0,82.7,91.6,88.6,69.5,8.1,NaN,0.9,KEEP AWAY,0.8,2.1,4.0,3.7,8.8,8.0,5.8,Good
STU6527,7.13,2.0,1.0,66.8,81.2,53.1,53.4,NaN,Monthly,3.3,silent,0.7,0.8,2.0,3.2,7.5,47.0,1.5,Average
STU4057,9.26,0.0,NaN,84.0,93.2,76.7,74.9,6.3,Daily,1.1,Keep Away,0.2,1.7,5.0,3.3,8.3,14.0,6.9,Good
STU2811,7.89,0.0,0.0,92.6,93.4,93.0,72.2,7.9,Daily,0.0, Silent ,0.3,2.4,4.0,3.2,7.2,3.0,3.3,Good
STU7028,9.44,0.0,0.0,89.1,89.4,93.7,70.2,6.5,Weekly,1.4,Keep Away,0.6,NaN,5.0,4.6,7.9,0.0,6.0,Good
STU1569,6.02,1.0,1.0,55.8,67.0,47.4,68.0,2.5,monthly,3.0,keep away,1.8,1.2,1.0,2.9,7.3,17.0,3.5,Average
STU7114,6.58,2.0,2.0,74.5,66.2,54.2,56.9,NaN,weekly,2.2,Keep Away,1.0,1.2,2.0,1.3,7.8,59.0,2.6,Average
STU4321,5.6,2.0,2.0,67.4,81.4,63.9,59.8,3.9,Weekly,2.4,Silent,0.9,0.8,1.0,1.0,6.8,34.0,NaN,At-Risk
STU1770,5.72,2.0,2.0,68.6,67.5,55.4,63.6,3.6,monthly,3.4,Silent,0.8,1.2,2.0,1.0,6.6,40.0,2.2,At-Risk
STU2058,5.89,1.0,1.0,62.7,70.9,66.7,65.2,3.5,Monthly,2.3,Actively Use,NaN,0.8,2.0,1.3,NaN,53.0,NaN,At-Risk
STU4245,5.16,2.0,2.0,45.7,27.7,NaN,35.5,0.3,Never,5.4,Actively Use,3.8,NaN,0.0,1.7,5.1,87.0,1.2,At-Risk
STU3610,6.58,1.0,1.0,61.4,76.2,51.7,NaN,3.0, Weekly ,3.0,Actively Use,1.7,1.3,0.0,1.4,7.7,33.0,2.7,At-Risk
STU4824,7.64,0.0,0.0,96.3,NaN,76.7,77.8,6.2,Weekly,0.2,SILENT,0.1,2.3,3.0,7.9,NaN,18.0,4.7,Good
STU2110,8.64,0.0,0.0,94.4,97.5,72.7,92.6,7.8,Weekly,0.9,keep away,0.2,1.3,5.0,4.3,NaN,23.0,5.1,Good
STU5780,9.06,0.0,0.0,85.6,100.4,81.0,98.9,4.1,Weekly,0.3,Keep Away,0.5,1.5,6.0,6.7,8.6,26.0,5.8,Good
STU2482,8.44,0.0,0.0,85.0,95.5,99.3,83.3,7.3,Weekly,1.1,silent,0.2,2.2,3.0,7.8,7.3,2.0,5.0,Good
STU2585,9.76,0.0,0.0,79.3,100.1,71.7,72.7,5.1,Daily,0.6,Keep Away,0.6,1.3,5.0,NaN,7.3,21.0,6.4,Good
STU4569,9.16,0.0,0.0,88.2,87.0,91.7,87.4,7.2,WEEKLY,NaN,Keep Away,0.4,1.7,3.0,3.0,7.0,7.0,3.5,Good
STU5474,8.76,0.0,0.0,99.2,87.2,82.4,79.0,3.9,daily,1.0,Silent,0.2,1.3,4.0,6.6,8.5,21.0,6.6,Good
STU0110,6.18,2.0,1.0,71.0,63.1,66.7,60.7,3.7,Monthly,NaN,keep away,1.5,NaN,1.0,3.2,6.2,42.0,1.2,Average
STU4559,6.0,1.0,1.0,59.6,65.0,66.7,62.6,2.3,Monthly,2.5,Silent,1.9,1.0,2.0,2.5,7.0,20.0,1.3,Average
STU2821,8.15,0.0,0.0,75.9,93.7,94.9,74.2,5.5,Daily,0.6,Keep Away,0.1,2.3,3.0,NaN,8.4,8.0,6.9,Good
STU6004,9.52,0.0,0.0,80.6,87.2,99.5,87.2,6.0,DAILY,0.9,Keep Away,0.7,NaN,5.0,6.4,8.5,17.0,3.7,Good
STU5185,6.57,1.0,1.0,66.5,78.9,57.8,69.8,NaN,Weekly,2.8,Silent,0.7,1.3,2.0,1.3,7.1,19.0,1.3,Average
STU7236,9.96,0.0,0.0,95.3,103.4,87.7,NaN,7.5,Daily,0.0,Silent,0.9,1.4,5.0,6.5,8.3,16.0,3.4,Good
STU2846,7.92,0.0,0.0,78.0,93.6,87.4,88.5,4.3,Weekly,1.9,Keep Away,0.8,2.9,3.0,4.8,8.4,18.0,3.7,Good
STU4495,7.84,0.0,0.0,90.7,98.3,93.3,75.5,NaN,Weekly,1.1,Keep Away,0.1,2.6,4.0,5.4,8.8,23.0,3.5,Good
STU5880,6.28,1.0,1.0,63.4,68.2,63.7,65.8,2.5,Weekly,2.3,Actively Use,1.0,0.8,0.0,2.6,7.6,NaN,3.4,At-Risk
STU6134,7.9,0.0,0.0,81.7,NaN,100.1,94.5,4.6,Daily,1.7,keep away,0.2,2.1,6.0,6.7,NaN,0.0,5.4,Good
STU6149,7.87,0.0,0.0,88.9,95.9,93.3,73.4,6.3,Weekly,1.0,Keep Away,0.9,1.4,6.0,4.7,7.4,23.0,4.8,Good
STU5246,7.6,0.0,0.0,94.3,84.8,90.6,98.1,6.0,DAILY,1.2,Silent,0.3,2.4,4.0,NaN,8.8,28.0,3.8,Good
STU7018,5.36,3.0,1.0,42.9,49.5,23.1,26.1,0.4,monthly,6.0,actively use,4.2,0.2,1.0,1.5,6.6,70.0,1.6,At-Risk
STU2424,3.29,5.0,3.0,41.1,46.9,51.3,29.7,1.1,Monthly,NaN,actively use,2.3,0.1,0.0,0.6,6.5,77.0,0.3,At-Risk
STU5673,8.62,0.0,0.0,NaN,89.4,93.9,89.9,5.0,Weekly,1.3,Keep Away,1.0,1.5,3.0,4.8,9.0,26.0,3.6,Good
STU4263,8.77,0.0,0.0,94.8,84.9,88.7,89.0,6.9,Weekly,1.1,Silent,0.7,2.3,NaN,3.6,8.8,10.0,5.5,Good
STU1097,3.0,4.0,2.0,NaN,28.6,22.3,25.1,0.6,Monthly,NaN,Actively Use,1.6,NaN,1.0,1.2,5.5,51.0,0.2,At-Risk
STU4122,9.42,0.0,0.0,78.6,91.3,101.3,90.5,6.6,Weekly,0.9,Keep Away,0.1,NaN,2.0,3.5,9.0,30.0,3.5,Good
STU3340,6.35,2.0,1.0,73.0,84.4,61.0,67.4,3.6,MONTHLY,3.8,Silent,1.5,1.4,0.0,NaN,6.2,40.0,3.9,At-Risk
STU5237,7.85,0.0,0.0,95.5,91.1,76.2,70.5,4.6,Weekly,0.6,NaN,0.6,2.9,4.0,4.4,8.5,17.0,6.6,Good
STU5410,7.51,0.0,0.0,87.8,90.1,70.7,90.8,6.8,Daily,1.6,Keep Away,0.9,2.2,4.0,8.0,8.1,6.0,6.5,Good
STU4700,8.05,0.0,0.0,94.3,97.6,77.6,81.7,4.8,Daily,1.4,silent,1.0,1.6,3.0,6.9,7.8,19.0,3.0,Good
STU1158,8.13,0.0,0.0,97.7,NaN,69.1,75.1,6.7,WEEKLY,1.6,Keep Away,0.8,1.6,5.0,7.7,8.1,28.0,5.8,Good
STU2272,7.7,0.0,0.0,81.5,86.6,97.5,74.1,4.3,weekly,1.1,Keep Away,0.3,NaN,3.0,NaN,NaN,30.0,5.4,Good
STU6871,5.51,2.0,2.0,58.1,NaN,56.1,59.7,3.5,Weekly,3.2,Actively Use,1.1,1.0,1.0,3.5,6.9,41.0,3.6,Average
STU6550,8.82,0.0,NaN,88.7,94.6,86.7,77.7,4.9,Weekly,0.7,keep away,0.8,1.3,6.0,3.5,8.0,7.0,3.8,Good
STU0604,9.03,0.0,0.0,97.0,95.3,85.1,92.7,7.8,Weekly,0.1,KEEP AWAY,0.5,1.6,6.0,3.2,8.3,0.0,6.5,Good
STU4376,4.56,2.0,2.0,50.6,39.6,30.9,36.6,NaN,Only Before Exam,3.3,Actively Use,3.1,0.3,NaN,0.2,5.2,75.0,1.3,At-Risk
STU3084,3.26,3.0,3.0,36.4,57.6,24.4,25.9,0.6,Only Before Exam,6.1,Silent,4.0,0.8,1.0,0.0,6.0,87.0,1.3,At-Risk
STU3369,7.32,1.0,1.0,56.9,74.4,58.3,64.1,3.0,MONTHLY,3.6,Keep Away,1.1,0.6,1.0,NaN,6.2,37.0,1.1,At-Risk
STU5897,9.88,0.0,0.0,100.2,97.7,98.8,73.8,7.5,Daily,0.1,Keep Away,0.8,2.1,5.0,4.2,7.9,6.0,4.7,Good
STU5661,9.84,0.0,0.0,80.2,88.4,82.2,82.8,NaN,Weekly,1.8,Silent,1.0,1.1,5.0,6.5,7.1,27.0,6.6,Good
STU0420,4.82,5.0,2.0,33.9,32.8,35.6,38.2,1.0,Never,3.8,Silent,2.5,0.6,1.0,1.9,6.2,61.0,1.8,At-Risk
STU6061,8.05,0.0,0.0,84.2,96.3,92.1,85.8,6.8,daily,1.5,Keep Away,NaN,1.0,NaN,NaN,7.4,9.0,NaN,Good
STU5822,5.86,1.0,1.0,62.0,64.9,63.3,50.9,3.0,NaN,2.9,Actively Use,1.9,0.6,2.0,NaN,6.5,58.0,NaN,Average
STU3477,7.92,0.0,0.0,88.5,87.3,81.1,74.8,7.1,Daily,0.3,Silent,0.4,1.8,2.0,7.3,8.6,3.0,3.2,Good
STU1475,6.91,2.0,1.0,68.0,65.8,NaN,68.6,2.8,Monthly,NaN,Actively Use,1.4,0.6,2.0,3.4,7.3,21.0,3.6,Average
STU2153,9.09,0.0,0.0,91.7,89.3,93.7,76.4,5.2,Daily,0.8,Keep Away,0.7,2.9,5.0,3.7,7.8,6.0,3.3,Good
STU3488,5.36,3.0,1.0,46.8,41.3,43.0,43.9,1.8,Monthly,7.6,SILENT,1.2,0.1,1.0,1.7,6.8,NaN,NaN,At-Risk
STU4157,5.99,1.0,1.0,65.6,66.9,51.1,62.1,2.4,Weekly,3.8,Keep Away,0.9,1.5,0.0,2.4,6.1,17.0,1.2,Average
STU5515,9.58,0.0,0.0,92.0,92.5,97.6,72.9,4.2,Weekly,0.2, Silent ,0.9,2.1,4.0,3.9,7.1,26.0,4.8,Good
STU7075,7.56,0.0,0.0,97.4,85.7,68.1,78.6,6.6,DAILY,0.8,Silent,0.1,2.7,5.0,6.5,7.8,6.0,5.7,Good
STU0699,7.93,0.0,0.0,84.0,87.9,80.1,85.3,5.0,Daily,1.5,Keep Away,0.9,1.5,6.0,5.5,9.2,26.0,NaN,Good
STU1998,9.69,0.0,0.0,90.5,92.9,71.0,NaN,4.7,Weekly,2.1,keep away,0.5,1.6,4.0,6.3,7.7,8.0,NaN,Good
STU4867,9.16,0.0,0.0,94.7,97.8,90.9,NaN,4.8,Daily,1.1,KEEP AWAY,0.6,2.9,6.0,5.3,7.6,18.0,3.8,Good
STU2175,9.52,0.0,0.0,77.7,89.3,NaN,85.0,7.7,Daily,0.9,SILENT,0.7,NaN,5.0,NaN,7.8,6.0,3.9,Good
STU6686,NaN,2.0,2.0,62.4,64.4,55.0,62.2,NaN,Weekly,3.6,Silent,0.6,0.9,0.0,3.6,7.1,22.0,3.3,Average
STU6156,8.2,0.0,0.0,89.3,85.8,71.8,84.0,5.7,Weekly,0.8,Silent,0.5,2.5,4.0,7.8,7.3,19.0,6.8,Good
STU7213,8.16,0.0,0.0,94.9,99.7,78.0,73.0,7.2,Weekly,0.2,Silent,0.5,1.4,6.0,7.6,7.1,NaN,3.5,Good
STU2268,3.03,3.0,3.0,41.8,55.3,23.0,NaN,1.6,Only Before Exam,3.5,Silent,1.1,NaN,0.0,1.6,4.5,74.0,1.7,At-Risk
STU3847,5.17,5.0,1.0,45.1,58.5,22.7,NaN,1.8,Monthly,3.6,Actively Use,4.9,0.4,0.0,0.7,4.6,77.0,0.6,At-Risk
STU4095,7.79,0.0,0.0,76.5,86.9,66.5,79.1,6.6,Weekly,0.7,Keep Away,1.0,1.2,6.0,7.3,7.8,30.0,4.5,Good
STU1329,8.43,0.0,0.0,78.4,88.0,96.5,82.0,NaN,Daily,1.1,Keep Away,0.1,1.5,6.0,5.7,7.4,25.0,5.7,Good
STU3848,4.44,3.0,3.0,39.5,27.2,42.9,20.4,1.4,Monthly,4.4,Actively Use,3.0,0.4,0.0,1.1,6.4,70.0,2.0,At-Risk
STU4025,6.22,NaN,2.0,60.2,69.5,55.5,53.8,3.2,Weekly,2.0,Keep Away,NaN,0.9,2.0,NaN,6.5,36.0,2.7,At-Risk
STU3613,3.09,3.0,3.0,41.0,42.7,18.4,40.0,0.5,Never,7.2,ACTIVELY USE,2.2,NaN,1.0,1.8,6.4,92.0,NaN,At-Risk
STU2374,6.43,1.0,1.0,67.1,76.4,50.8,51.0,3.9,Monthly,2.1,Silent,0.9,NaN,2.0,NaN,6.4,33.0,2.4,Average
STU3845,9.41,0.0,0.0,83.5,85.9,90.9,100.3,NaN,daily,0.1,keep away,0.4,1.2,2.0,NaN,7.5,NaN,5.9,Good
STU3007,8.95,0.0,0.0,88.9,92.4,83.1,79.0,5.2,Weekly,0.6,NaN,0.2,NaN,4.0,6.5,7.5,25.0,NaN,Good
STU6913,7.93,0.0,0.0,90.6,94.8,87.9,98.8,5.8,weekly,0.7,Keep Away,1.0,1.1,6.0,7.1,7.3,7.0,NaN,Good
STU7171,8.33,0.0,0.0,96.5,92.3,84.9,101.9,7.3,Daily,0.2,keep away,0.9,NaN,5.0,3.9,NaN,7.0,4.9,Good
STU0995,8.66,0.0,0.0,82.3,99.2,85.6,72.7,4.6,Weekly,0.7,Keep Away,0.2,2.6,5.0,5.1,7.2,13.0,4.9,Good
STU3987,7.6,0.0,0.0,80.0,100.8,100.1,91.0,4.6,Weekly,0.1,Keep Away,NaN,3.0,6.0,7.3,8.7,8.0,5.5,Good
STU5750,9.71,0.0,0.0,82.8,86.4,94.5,83.5,NaN,Daily,1.1,Keep Away,0.2,2.4,2.0,5.1,7.6,27.0,6.6,Good
STU1004,8.1,0.0,0.0,97.8,93.4,73.9,88.7,5.3,Weekly,1.8,Keep Away,NaN,2.5,6.0,NaN,7.8,17.0,6.9,Good
STU3992,4.99,4.0,3.0,47.7,33.8,31.3,39.6,2.0,Monthly,5.1,Silent,2.4,NaN,0.0,1.4,5.1,47.0,0.1,At-Risk
STU1539,3.56,5.0,NaN,45.4,38.6,33.9,26.9,1.3,Only Before Exam,6.4,Actively Use,1.5,0.4,0.0,1.6,5.9,54.0,NaN,At-Risk
STU0732,8.89,0.0,0.0,82.8,99.1,75.6,96.7,5.1,weekly,1.4,Keep Away,0.3,1.3,5.0,7.3,7.6,15.0,5.6,Good
STU1760,7.9,0.0,0.0,87.1,99.6,70.9,90.4,4.2,Daily,0.2,Keep Away,0.2,1.8,3.0,7.0,7.5,9.0,5.5,Good
STU7331,9.75,0.0,0.0,97.9,93.0,97.4,89.5,6.9,Weekly,-0.1,Keep Away,0.3,1.9,3.0,6.3,7.7,9.0,NaN,Good
STU2689,6.98,1.0,1.0,58.9,69.6,62.4,59.2,2.3,Weekly,2.2,Silent,1.7,0.7,2.0,1.5,7.7,34.0,2.8,Average
STU3016,9.33,0.0,0.0,85.7,91.0,93.3,NaN,NaN, Weekly ,2.2,Keep Away,0.8,2.6,6.0,7.2,NaN,28.0,4.7,Good
STU2131,7.06,1.0,1.0,54.5,67.6,57.8,55.0,3.0,NaN,2.6,Actively Use,1.2,0.9,0.0,3.2,7.2,47.0,3.0,Average
STU3667,4.46,2.0,1.0,39.8,57.4,35.1,31.6,0.0,Only Before Exam,NaN,Actively Use,3.4,0.6,0.0,1.8,6.1,56.0,1.7,At-Risk
STU3577,9.58,0.0,0.0,87.1,91.6,90.6,92.4,4.4,Daily,0.7,NaN,0.0,1.6,5.0,4.7,8.2,5.0,3.8,Good
STU1803,9.08,0.0,NaN,80.2,95.8,94.8,85.5,7.7,Weekly,1.7,Silent,0.7,NaN,3.0,3.5,7.6,16.0,3.3,Good
STU1105,8.95,0.0,0.0,89.7,93.1,85.2,80.2,5.4, Daily ,0.2,Keep Away,0.3,NaN,5.0,NaN,7.0,NaN,3.7,Good
STU6963,6.16,2.0,NaN,68.8,69.9,60.2,55.5,2.5,Monthly,2.4,Actively Use,0.9,0.7,2.0,3.9,7.4,57.0,1.5,Average
STU5899,5.69,2.0,2.0,61.3,68.3,NaN,52.9,2.6,Monthly,3.7,keep away,NaN,1.1,2.0,1.6,7.0,41.0,NaN,Average
STU5020,6.42,2.0,2.0,55.2,72.0,62.9,63.2,2.9,Monthly,3.5,Silent,1.6,0.7,2.0,2.2,6.3,35.0,1.4,At-Risk
STU0162,8.9,0.0,0.0,90.7,94.9,97.2,77.2,7.5,weekly,1.0,Keep Away,0.1,1.1,3.0,NaN,8.5,29.0,5.8,Good
STU4101,6.64,2.0,2.0,60.1,71.4,65.0,NaN,2.3,Monthly,2.7,Actively Use,0.5,0.6,0.0,1.4,6.8,26.0,3.3,At-Risk
STU6469,8.35,0.0,0.0,84.5,97.6,79.0,NaN,4.3,WEEKLY,NaN,Keep Away,0.9,1.6,4.0,5.6,7.9,25.0,3.4,Good
STU3617,7.24,1.0,1.0,59.3,80.1,56.7,54.7,3.2,Monthly,3.4,Actively Use,1.2,1.0,0.0,1.2,7.6,18.0,3.5,Average
STU3699,7.59,0.0,0.0,73.9,96.2,77.3,87.2,5.7,Weekly,1.1,Silent,0.5,1.6,3.0,3.7,7.6,3.0,5.5,Good
STU4059,7.81,0.0,0.0,87.9,94.1,84.4,92.9,6.6,Weekly,NaN,Keep Away,0.3,1.4,3.0,4.4,7.9,14.0,6.2,Good
STU5588,6.54,1.0,1.0,69.8,77.4,62.5,50.1,4.0,Monthly,3.1,Keep Away,0.7,0.9,2.0,1.2,6.9,15.0,3.1,Average
STU5363,9.59,0.0,0.0,94.5,95.7,100.0,80.2,6.4,weekly,-0.1,Keep Away,0.9,1.9,NaN,3.9,7.4,26.0,6.4,Good
STU2594,3.78,3.0,3.0,49.3,40.3,25.3,50.1,NaN,Monthly,7.9,Actively Use,NaN,0.6,1.0,1.2,6.0,94.0,0.1,At-Risk
STU3869,9.04,0.0,0.0,87.6,87.5,98.4,68.0,6.8,NaN,1.1,Silent,0.9,1.8,2.0,NaN,8.4,24.0,3.2,Good
STU0040,3.56,2.0,1.0,54.1,18.1,50.4,22.5,1.4,Monthly,5.8,Actively Use,5.0,0.1,0.0,1.1,6.9,105.0,1.0,At-Risk
STU0411,9.88,0.0,0.0,93.6,NaN,96.4,68.8,4.8,daily,0.9,Keep Away,0.2,2.5,2.0,7.6,7.8,4.0,4.4,Good
STU6723,8.15,0.0,0.0,96.4,NaN,84.6,80.4,6.1,DAILY,1.8,Keep Away,0.1,1.4,6.0,6.2,8.4,4.0,3.7,Good
STU4745,7.73,0.0,0.0,82.8,NaN,73.6,70.6,NaN,Weekly,1.5,Keep Away,0.9,2.7,5.0,NaN,7.5,15.0,6.6,Good
STU1043,8.44,0.0,NaN,101.5,97.7,97.2,76.9,7.3,Daily,0.7,Keep Away,1.0,1.3,2.0,5.6,8.5,4.0,4.7,Good
STU0677,9.93,0.0,0.0,93.8,91.3,79.3,92.7,NaN,Daily,0.2,Silent,0.5,1.6,4.0,6.1,7.2,26.0,5.6,Good
STU5850,9.27,0.0,0.0,82.5,97.4,95.8,75.5,5.6,daily,0.9,KEEP AWAY,0.4,2.0,6.0,3.4,8.7,11.0,4.2,Good
STU0187,7.31,2.0,2.0,71.3,79.0,61.8,67.9,NaN,Weekly,2.0,silent,0.9,1.3,2.0,1.1,NaN,NaN,4.0,Average
STU4375,8.94,0.0,0.0,98.3,98.2,95.6,81.7,4.5,Weekly,1.0,keep away,0.4,1.5,6.0,3.5,7.8,3.0,5.6,Good
STU6064,7.95,0.0,0.0,85.0,89.0,74.2,74.6,5.0,Weekly,NaN,Keep Away,0.2,1.5,4.0,NaN,8.2,14.0,3.4,Good
STU4965,7.94,0.0,0.0,79.1,99.0,91.6,99.7,NaN,Daily,NaN,Silent,0.4,2.2,4.0,3.2,7.4,16.0,NaN,Good
STU4959,9.96,0.0,0.0,75.9,90.3,91.0,80.8,6.5,NaN,0.2,Keep Away,0.9,1.3,4.0,4.1,7.4,2.0,5.0,Good
STU1387,4.22,3.0,3.0,32.6,34.2,36.2,46.9,0.2,Never,4.5,Silent,4.3,0.6,1.0,0.6,6.6,93.0,1.0,At-Risk
STU2742,9.82,0.0,0.0,93.2,88.0,83.9,80.0,7.8,Daily,2.1,KEEP AWAY,0.3,NaN,4.0,6.0,8.1,30.0,3.9,Good
STU5954,9.78,0.0,0.0,82.8,94.4,98.4,87.4,5.2,weekly,0.8,Keep Away,0.8,2.4,5.0,6.7,8.6,13.0,6.7,Good
STU3215,7.7,0.0,0.0,90.0,87.9,72.1,76.2,4.5,Weekly,1.8, Silent ,0.2,1.3,5.0,6.1,8.1,17.0,5.3,Good
STU5906,9.67,0.0,0.0,91.1,89.7,84.9,94.4,7.0,Daily,1.7,Silent,0.2,2.6,3.0,8.0,7.2,3.0,4.5,Good
STU7048,9.25,0.0,0.0,88.5,92.5,98.0,95.9,6.1,daily,NaN,Silent,0.8,1.8,2.0,6.4,8.0,28.0,5.0,Good
STU0029,9.64,0.0,NaN,91.7,92.5,69.6,81.7,5.9,Daily,0.4,Silent,0.4,1.8,2.0,6.1,8.3,27.0,3.2,Good
STU4947,8.96,0.0,0.0,83.4,86.0,74.7,72.8,7.0,Daily,1.1,KEEP AWAY,0.8,1.6,6.0,NaN,7.6,10.0,3.5,Good
STU2611,7.88,0.0,0.0,78.5,91.9,74.0,96.1,6.3,Weekly,0.6,Silent,0.1,2.2,2.0,NaN,8.7,26.0,6.2,Good
STU1284,NaN,0.0,0.0,91.9,92.4,94.7,90.1,4.6,Weekly,1.5,Keep Away,0.2,NaN,4.0,4.3,8.6,15.0,4.1,Good
STU5714,8.71,NaN,NaN,81.1,94.1,83.6,NaN,6.5, Daily ,1.5,Keep Away,NaN,1.6,2.0,6.2,7.7,29.0,5.9,Good
STU3546,8.49,0.0,0.0,91.4,87.5,88.3,100.7,7.3,Daily,1.3,Keep Away,0.5,NaN,5.0,5.3,NaN,7.0,6.7,Good
STU2493,5.07,3.0,3.0,39.2,26.4,26.0,27.7,0.6,Monthly,4.3,Actively Use,1.7,0.7,0.0,1.2,5.9,95.0,0.7,At-Risk
STU6951,8.86,0.0,0.0,83.8,89.7,85.9,89.4,6.9,Daily,2.1,Keep Away,0.2,1.0,3.0,5.5,8.8,2.0,4.0,Good
STU6791,7.56,0.0,0.0,76.2,86.6,92.0,81.2,7.7,Daily,NaN,KEEP AWAY,0.6,1.1,6.0,7.9,7.4,18.0,NaN,Good
STU6732,7.39,1.0,1.0,60.0,78.7,NaN,64.4,2.4,Monthly,3.6,Silent,1.4,1.0,0.0,3.2,6.4,52.0,1.2,At-Risk
STU1754,6.52,2.0,1.0,60.1,74.9,53.6,67.3,3.7,Weekly,3.7,Silent,2.0,1.4,0.0,3.3,6.9,19.0,3.3,Average
STU5018,7.81,0.0,0.0,91.7,90.5,71.8,93.9,5.9, Weekly ,1.1,Keep Away,0.4,2.0,2.0,3.1,8.6,19.0,4.3,Good
STU2984,9.56,0.0,0.0,95.7,94.0,80.4,86.9,4.7,Weekly,NaN,Keep Away,0.6,2.7,5.0,3.3,NaN,0.0,5.3,Good
STU6454,3.15,4.0,3.0,53.9,31.8,32.8,24.7,1.7,Monthly,7.9,SILENT,1.9,0.3,0.0,NaN,5.5,81.0,NaN,At-Risk
STU3397,6.3,1.0,1.0,62.8,NaN,64.8,67.9,2.1,Monthly,3.8,Silent,1.3,NaN,0.0,3.7,7.8,53.0,3.2,Average
STU4939,9.59,0.0,0.0,84.8,96.6,97.2,88.8,6.1,Daily,0.2,Keep Away,0.7,3.0,5.0,7.0,8.2,21.0,4.9,Good
STU3530,6.41,1.0,1.0,55.8,67.2,57.6,56.9,2.9,Monthly,NaN,NaN,1.0,0.6,0.0,3.6,7.5,42.0,2.9,At-Risk
STU6155,8.62,0.0,0.0,78.4,96.6,94.6,NaN,5.2, Daily ,1.5,keep away,0.5,NaN,4.0,5.3,7.5,28.0,3.4,Good
STU3452,7.2,1.0,1.0,71.8,68.9,62.0,55.1,2.2,Weekly,2.1,Keep Away,0.6,1.1,0.0,1.8,6.3,28.0,3.8,Average
STU5905,9.35,0.0,0.0,91.5,91.9,79.7,72.4,5.6,Daily,0.4,Keep Away,NaN,1.3,5.0,4.7,6.9,11.0,3.0,Good
STU2442,7.13,NaN,1.0,74.8,NaN,63.0,59.5,2.0,Weekly,NaN,Actively Use,0.7,0.9,0.0,1.8,6.8,35.0,2.5,At-Risk
STU6738,NaN,0.0,NaN,NaN,90.4,76.9,74.0,6.6,Daily,0.1,keep away,0.8,1.6,6.0,NaN,8.6,29.0,6.3,Good
STU5795,9.67,0.0,0.0,96.1,87.3,87.5,91.8,NaN,Weekly,1.7,NaN,0.8,NaN,2.0,6.7,8.6,22.0,6.4,Good
STU1529,9.42,NaN,0.0,80.6,87.3,87.1,89.2,5.8,Weekly,1.6,Silent,0.8,2.0,4.0,7.3,8.5,28.0,6.1,Good
STU0824,7.65,0.0,0.0,NaN,NaN,85.5,80.9,6.6,WEEKLY,0.7,Keep Away,0.9,1.1,5.0,6.4,8.8,30.0,6.2,Good
STU2725,8.5,0.0,0.0,93.4,89.6,NaN,102.7,7.2,daily,1.5,Silent,0.4,1.1,4.0,5.9,7.8,17.0,4.4,Good
STU1648,8.32,0.0,0.0,83.6,90.5,71.8,93.3,5.2,Weekly,1.7, Silent ,0.9,1.0,3.0,7.9,8.5,0.0,5.1,Good
STU1484,NaN,0.0,0.0,88.8,88.6,94.3,96.9,7.8,weekly,0.2,Keep Away,0.2,2.9,6.0,5.3,NaN,27.0,5.8,Good
STU0020,7.28,2.0,1.0,66.9,79.5,58.9,63.2,2.9,monthly,2.7,Keep Away,NaN,0.8,0.0,1.1,NaN,50.0,1.5,At-Risk
STU6073,5.96,1.0,1.0,55.9,NaN,54.2,67.3,2.8,Weekly,3.7,NaN,NaN,1.0,2.0,3.3,6.4,49.0,2.1,Average
STU5656,9.65,0.0,0.0,86.6,100.3,80.2,89.3,4.6,Daily,2.1,Keep Away,0.2,2.9,4.0,3.1,8.5,9.0,3.6,Good
STU6058,7.14,NaN,1.0,59.0,77.5,54.0,57.4,NaN,Weekly,3.5,Keep Away,1.6,1.1,1.0,2.0,7.5,18.0,2.4,Average
STU1946,7.64,0.0,0.0,88.6,98.1,94.8,93.5,4.5,WEEKLY,0.9,silent,0.2,1.6,6.0,5.9,NaN,7.0,5.2,Good
STU2484,9.75,NaN,0.0,80.4,94.1,91.0,93.4,6.0,Weekly,0.3,Silent,0.3,1.6,6.0,7.3,8.5,24.0,3.4,Good
STU0343,8.24,0.0,0.0,89.3,NaN,73.1,97.4,6.3,Weekly,1.0,Keep Away,0.5,1.1,6.0,3.4,8.2,13.0,4.4,Good
STU5285,6.87,1.0,1.0,63.1,75.8,64.7,63.9,2.8,Monthly,2.4,Keep Away,0.8,NaN,0.0,1.1,6.3,31.0,4.0,Average
STU6386,7.43,2.0,1.0,58.5,80.7,66.4,66.5,3.7,Weekly,2.8,actively use,0.8,NaN,1.0,2.8,6.5,51.0,2.9,Average
STU6372,7.89,0.0,0.0,80.3,95.2,86.4,82.9,5.3,Weekly,0.2,Keep Away,0.0,1.1,5.0,7.5,7.4,22.0,4.2,Good
STU7011,8.49,0.0,0.0,78.7,93.9,86.5,103.7,6.9,DAILY,1.5,Keep Away,0.2,2.4,5.0,5.8,7.8,28.0,6.1,Good
STU3565,4.21,4.0,2.0,51.5,40.5,37.5,NaN,0.2,NEVER,8.1,Silent,3.1,0.3,1.0,1.4,6.2,107.0,0.5,At-Risk
STU1922,NaN,0.0,0.0,94.3,87.3,82.5,99.4,6.0,DAILY,NaN,Silent,0.1,2.0,4.0,5.7,7.5,9.0,5.5,Good
STU0610,7.08,1.0,NaN,56.6,88.4,57.9,55.1,2.5,Weekly,NaN,Actively Use,2.0,NaN,0.0,3.0,6.9,56.0,3.8,At-Risk
STU1454,8.52,0.0,0.0,91.8,89.2,97.8,84.3,6.7,Daily,1.9,Keep Away,0.1,1.5,6.0,3.5,7.2,24.0,5.1,Good
STU6934,9.48,0.0,0.0,84.4,85.5,79.3,94.3,6.2,weekly,1.5,Silent,0.1,1.3,4.0,NaN,7.8,16.0,4.5,Good
STU2643,4.3,4.0,2.0,53.2,23.5,32.2,32.3,0.7,Never,4.9, Actively Use ,4.6,0.0,0.0,NaN,4.7,60.0,0.8,At-Risk
STU6772,5.1,5.0,1.0,53.9,39.9,28.0,41.5,-0.1,never,3.2,Actively Use,2.2,0.7,0.0,NaN,4.7,40.0,1.9,At-Risk
STU1740,5.18,2.0,2.0,41.4,48.8,37.5,23.1,1.3,Only Before Exam,NaN,Actively Use,2.3,0.9,0.0,0.6,6.8,83.0,0.5,At-Risk
STU5861,7.27,1.0,1.0,72.6,68.7,59.0,71.3,2.3,Weekly,2.5,Silent,1.1,0.6,0.0,1.8,7.1,52.0,1.7,At-Risk
STU1708,7.17,1.0,1.0,61.2,69.8,62.1,67.4,NaN,weekly,3.8,Keep Away,0.6,0.6,2.0,2.8,7.4,26.0,NaN,Average
STU1985,8.28,0.0,0.0,81.9,88.1,83.8,84.6,6.8,Weekly,0.5,Keep Away,0.9,1.7,5.0,NaN,8.4,16.0,NaN,Good
STU3611,6.51,2.0,2.0,58.2,78.9,51.5,56.0,2.1,Monthly,NaN,Silent,1.5,1.4,2.0,3.2,7.9,54.0,3.3,Average
STU0890,9.26,0.0,0.0,77.7,98.1,73.5,73.8,NaN,Daily,-0.2,Keep Away,0.8,2.8,5.0,6.1,13.4,12.0,4.1,Good
STU2204,5.04,2.0,2.0,41.0,40.1,43.6,47.2,0.4,Monthly,4.7,Actively Use,3.8,1.0,0.0,NaN,5.8,54.0,0.4,At-Risk
STU6405,9.0,0.0,0.0,96.0,101.1,94.3,97.5,7.2,Daily,0.1,Keep Away,0.2,1.4,5.0,NaN,NaN,1.0,NaN,Good
STU5022,8.69,NaN,0.0,83.3,89.5,72.5,91.9,5.1,Weekly,0.4,Silent,0.7,1.6,4.0,NaN,7.8,29.0,4.3,Good
STU1270,5.07,NaN,5.0,52.9,27.4,NaN,47.8,NaN,Only Before Exam,3.6,actively use,2.8,0.4,1.0,1.2,5.5,93.0,0.0,At-Risk
STU3382,3.02,3.0,3.0,34.7,49.5,23.0,38.3,1.7,Monthly,3.9,Silent,2.7,0.6,0.0,0.9,6.0,113.0,0.8,At-Risk
STU5858,NaN,0.0,0.0,99.6,85.3,81.9,70.7,5.4,Weekly,1.1,keep away,0.5,NaN,NaN,6.6,7.7,19.0,5.1,Good
STU6559,5.85,1.0,1.0,71.3,81.7,49.6,69.2,4.1,Weekly,3.2,keep away,0.9,0.9,1.0,1.5,6.0,24.0,3.1,Average
STU0405,9.41,0.0,0.0,75.5,98.6,81.6,92.0,5.5,DAILY,1.3,Silent,0.2,1.3,6.0,7.7,8.8,6.0,6.5,Good
STU2344,8.17,0.0,0.0,99.5,95.6,87.9,NaN,7.2,Weekly,1.5,Silent,NaN,2.2,4.0,5.2,7.1,11.0,6.2,Good
STU3485,4.55,3.0,3.0,36.0,51.4,33.5,29.0,0.9,Only Before Exam,3.4,Actively Use,NaN,1.0,0.0,1.0,4.7,54.0,1.3,At-Risk
STU5874,8.57,0.0,0.0,78.5,81.0,92.9,75.6,5.0,WEEKLY,0.2,Keep Away,NaN,1.5,4.0,7.4,NaN,12.0,NaN,Good
STU1062,4.57,4.0,2.0,37.1,28.6,NaN,NaN,1.2,NaN,7.4,Actively Use,4.0,NaN,1.0,1.2,5.5,85.0,0.4,At-Risk
STU7282,3.15,3.0,3.0,39.4,NaN,44.3,44.2,0.1,Monthly,4.2,Actively Use,1.3,0.8,1.0,0.3,5.3,42.0,0.5,At-Risk
STU2672,9.12,0.0,0.0,83.1,90.0,75.5,71.1,6.2,Daily,1.8,Keep Away,0.0,NaN,6.0,5.3,8.3,NaN,3.7,Good
STU0806,6.62,2.0,1.0,60.3,65.5,51.6,55.3,3.1, Weekly ,2.2,Actively Use,0.8,1.2,0.0,3.3,7.0,NaN,3.1,Average
STU0905,5.34,2.0,2.0,29.9,40.7,28.2,38.6,1.5,Monthly,4.2,Actively Use,3.2,0.7,0.0,0.3,6.3,72.0,1.2,At-Risk
STU3220,5.01,5.0,3.0,43.4,17.8,47.8,28.1,1.6,ONLY BEFORE EXAM,6.9,Silent,1.6,0.5,1.0,NaN,5.0,102.0,1.5,At-Risk
STU0950,5.47,5.0,1.0,37.6,21.1,23.3,38.1,1.5,Only Before Exam,6.8,NaN,NaN,0.8,1.0,1.4,5.0,101.0,NaN,At-Risk
STU5621,8.38,0.0,0.0,86.5,95.1,97.0,98.4,7.7,Daily,0.7,Keep Away,0.2,2.2,4.0,4.0,7.2,2.0,NaN,Good
STU1681,6.73,1.0,1.0,74.6,77.8,64.5,58.1,2.6,Weekly,2.8, Keep Away ,1.7,1.0,2.0,3.5,8.0,49.0,1.2,Average
STU5262,9.02,0.0,0.0,85.5,90.4,71.6,91.8,7.6,Weekly,1.4,Keep Away,0.9,2.9,6.0,NaN,8.4,7.0,4.6,Good
STU2270,5.01,4.0,1.0,52.0,24.3,33.7,18.9,0.4,Monthly,4.3,Actively Use,2.6,0.9,1.0,0.8,NaN,79.0,0.5,At-Risk
STU6105,8.37,0.0,0.0,90.3,86.5,82.7,78.4,4.7,Weekly,0.6,NaN,0.1,1.2,2.0,6.0,8.9,16.0,6.2,Good
STU2645,9.96,0.0,0.0,81.0,95.5,86.0,82.5,7.9,Daily,1.5,Keep Away,0.8,2.9,2.0,5.3,7.1,28.0,6.1,Good
STU6018,6.07,2.0,2.0,64.1,74.6,68.8,61.2,3.1,Weekly,2.1,Actively Use,1.0,0.9,1.0,2.4,7.6,23.0,3.3,At-Risk
STU0133,9.97,0.0,0.0,78.8,92.7,80.7,85.6,6.8,Weekly,1.5,Keep Away,1.0,1.3,5.0,3.5,8.2,18.0,5.3,Good
STU0372,NaN,NaN,2.0,NaN,83.0,53.4,63.8,2.5,NaN,2.8,Keep Away,1.3,0.9,0.0,2.6,7.9,19.0,1.4,At-Risk
STU1715,8.4,0.0,0.0,80.5,96.5,75.3,72.6,6.4,Weekly,2.4,Silent,NaN,2.6,3.0,6.4,8.0,7.0,5.9,Good
STU4438,6.53,NaN,1.0,60.2,73.1,57.5,59.9,3.6,Weekly,3.9,silent,1.0,0.5,0.0,3.7,8.0,NaN,2.3,At-Risk
STU3664,9.17,0.0,0.0,89.8,NaN,99.4,74.4,6.9,Daily,1.2,keep away,0.5,3.0,5.0,7.3,8.1,1.0,4.5,Good
STU0329,6.33,1.0,1.0,59.3,65.0,56.7,67.5,3.8,weekly,2.0,Keep Away,1.1,0.6,1.0,1.0,7.3,43.0,2.8,Average
STU6206,7.75,0.0,0.0,88.9,87.3,81.5,82.5,4.9,Weekly,1.9,NaN,0.2,2.1,2.0,5.4,8.0,15.0,3.1,Good
STU3854,4.04,2.0,1.0,47.0,24.7,35.0,24.9,0.4,Never,3.9,SILENT,2.4,0.5,1.0,NaN,4.9,95.0,1.6,At-Risk
STU4365,5.85,2.0,2.0,59.8,71.5,71.5,NaN,3.7,Monthly,3.8,Actively Use,0.6,0.7,2.0,1.9,7.1,51.0,1.2,At-Risk
STU3227,9.82,0.0,0.0,85.1,89.0,94.6,79.9,4.5,Weekly,NaN,Silent,NaN,2.4,5.0,6.2,7.2,2.0,4.2,Good
STU5857,8.13,0.0,0.0,92.7,98.2,73.4,90.7,6.4,DAILY,1.2,Silent,0.0,2.2,5.0,3.6,7.4,11.0,5.8,Good
STU4425,7.48,2.0,NaN,58.9,71.3,52.4,57.9,2.2,Monthly,2.4,keep away,NaN,NaN,0.0,3.9,6.1,49.0,2.5,At-Risk
STU5620,9.33,0.0,0.0,81.0,93.0,90.0,90.6,NaN,Weekly,0.3,Keep Away,0.1,1.1,6.0,3.5,7.8,17.0,6.9,Good
STU3018,8.07,0.0,0.0,100.7,85.4,75.8,84.4,3.9,Daily,0.8,NaN,0.4,1.3,3.0,7.3,7.8,NaN,6.9,Good
STU2254,4.11,3.0,1.0,36.4,30.0,48.1,NaN,0.2,Only Before Exam,6.0,Actively Use,3.7,0.7,0.0,1.5,4.2,102.0,0.8,At-Risk
STU6473,9.77,0.0,0.0,99.6,98.0,84.2,82.6,7.6,Weekly,0.8, Keep Away ,0.1,2.6,6.0,NaN,8.9,27.0,5.4,Good
STU2974,8.37,0.0,0.0,78.1,86.7,74.4,94.3,6.4,Daily,0.4,keep away,0.6,2.5,3.0,4.8,7.8,22.0,NaN,Good
STU3956,4.23,2.0,2.0,32.3,55.8,46.1,NaN,1.1,Only Before Exam,4.1,Silent,NaN,0.3,0.0,0.6,5.8,120.0,1.1,At-Risk
STU3923,9.48,0.0,0.0,89.7,96.2,85.9,74.1,5.7,Daily,0.1,Keep Away,0.7,NaN,5.0,3.6,8.1,24.0,6.6,Good
STU1697,8.18,0.0,0.0,91.8,97.7,98.0,82.2,7.3,Daily,0.7,Keep Away,0.3,3.0,4.0,4.5,7.6,17.0,7.0,Good
STU0665,8.55,0.0,0.0,95.1,99.7,90.1,75.5,7.7,Daily,1.2,Silent,NaN,NaN,NaN,6.8,8.5,13.0,5.8,Good
STU4467,5.77,1.0,1.0,60.0,72.8,64.1,55.9,2.3,Weekly,NaN,Silent,1.3,1.2,2.0,3.1,6.6,55.0,2.7,Average
STU3431,9.3,0.0,NaN,82.8,86.5,94.3,86.7,4.6,daily,1.6,Keep Away,0.3,2.1,4.0,5.5,7.4,25.0,3.5,Good
STU3618,3.99,5.0,1.0,50.5,31.9,42.9,35.8,1.0,Never,3.3,Silent,4.9,0.8,1.0,1.6,5.0,73.0,0.6,At-Risk
STU0296,8.03,0.0,0.0,NaN,87.0,75.9,96.8,5.0,Weekly,0.3,keep away,0.5,1.6,5.0,5.8,8.5,2.0,3.5,Good
STU3545,5.88,2.0,2.0,58.5,63.6,69.8,66.8,3.2,Weekly,3.1,Silent,1.6,0.7,1.0,3.8,7.1,59.0,NaN,At-Risk
STU1831,3.19,2.0,NaN,38.2,32.5,39.4,45.8,1.8,Monthly,5.0,Silent,4.1,0.9,1.0,1.4,4.7,80.0,1.2,At-Risk
STU1731,8.44,0.0,NaN,77.0,92.1,92.3,80.5,4.7,daily,NaN,Keep Away,0.8,2.3,5.0,3.7,NaN,13.0,NaN,Good
STU4267,7.34,2.0,1.0,63.6,80.0,NaN,52.5,2.4,Monthly,2.1,Silent,1.2,NaN,0.0,1.7,7.0,29.0,2.4,Average
STU3977,8.58,0.0,0.0,NaN,84.1,76.2,97.2,6.3,Daily,0.7,Silent,1.0,2.5,6.0,7.5,8.8,29.0,6.0,Good
STU7210,8.91,0.0,0.0,92.1,87.5,96.3,96.8,5.6,Weekly,1.8,Silent,0.8,2.9,NaN,7.6,7.5,12.0,4.0,Good
STU4865,8.92,0.0,0.0,99.5,97.2,91.0,92.8,6.1,Daily,0.4,Keep Away,0.3,2.2,5.0,4.6,8.5,30.0,4.5,Good
STU0362,4.1,4.0,3.0,45.7,NaN,23.6,39.4,NaN,Never,5.0,Silent,1.9,0.4,0.0,0.1,6.5,91.0,NaN,At-Risk
STU2451,5.63,2.0,1.0,66.8,82.5,70.9,59.2,NaN,MONTHLY,2.4,Silent,2.0,0.8,2.0,2.4,5.9,57.0,2.0,At-Risk
STU2917,8.29,0.0,0.0,82.2,89.7,84.6,86.2,6.0,Weekly,1.8,Silent,0.9,2.2,6.0,NaN,8.1,12.0,3.4,Good
STU3010,7.93,0.0,0.0,95.0,89.8,96.1,90.7,6.2,Weekly,0.1,Keep Away,0.7,2.4,6.0,6.2,7.4,10.0,6.8,Good
STU3087,9.66,0.0,0.0,85.1,95.8,91.8,90.7,7.1,Weekly,-0.2,Keep Away,0.9,2.7,4.0,NaN,8.7,NaN,NaN,Good
STU0723,8.89,0.0,0.0,87.8,96.3,75.4,77.7,7.3,weekly,1.8,Keep Away,0.1,2.0,2.0,NaN,7.1,17.0,4.3,Good
STU5519,6.5,NaN,2.0,72.4,85.6,57.6,67.5,3.7,weekly,2.3,silent,0.7,NaN,0.0,2.4,6.9,57.0,NaN,Average
STU5713,9.31,0.0,0.0,93.9,86.7,69.8,97.0,5.4,Daily,0.6,Silent,0.1,2.0,4.0,6.9,7.8,30.0,3.1,Good
STU5365,8.67,0.0,0.0,91.4,88.6,92.3,NaN,5.0,Daily,0.9,Silent,0.9,1.0,2.0,NaN,8.0,14.0,5.5,Good
STU2312,9.55,0.0,0.0,79.5,93.8,NaN,82.3,6.2,Daily,0.9,Silent,0.1,2.8,NaN,5.8,8.7,16.0,6.3,Good
STU3262,8.7,0.0,0.0,89.6,86.2,75.3,93.6,4.9,Daily,0.3,Keep Away,0.6,2.1,2.0,6.0,8.0,2.0,5.0,Good
STU2143,8.48,0.0,0.0,86.8,94.7,76.3,80.7,5.3,Weekly,0.8,Keep Away,0.1,1.3,5.0,NaN,NaN,27.0,6.6,Good
STU7180,7.62,0.0,0.0,99.6,96.8,75.9,80.5,NaN,Daily,NaN, Keep Away ,0.4,1.4,5.0,3.2,8.1,7.0,6.1,Good
STU3648,5.07,3.0,3.0,51.8,24.5,22.7,19.4,0.3,Never,7.0,Actively Use,1.8,0.5,0.0,0.9,4.9,110.0,1.2,At-Risk
STU6670,6.32,2.0,1.0,68.2,78.1,62.4,59.6,2.3,monthly,1.9,Actively Use,1.2,0.7,0.0,3.8,7.2,35.0,2.8,At-Risk
STU6296,9.77,0.0,0.0,84.2,87.2,101.5,NaN,5.2,Daily,1.6, Silent ,0.4,2.0,3.0,5.8,8.6,12.0,NaN,Good
STU3086,7.09,2.0,2.0,70.1,68.4,63.8,64.7,2.5,Monthly,2.8,Silent,0.7,1.5,0.0,1.3,6.2,53.0,2.4,At-Risk
STU1815,4.01,5.0,3.0,42.6,34.5,50.6,39.9,0.9,Never,NaN,Actively Use,3.1,1.0,0.0,1.0,4.6,90.0,0.0,At-Risk
STU2671,5.63,1.0,1.0,68.9,76.0,56.7,68.0,2.6,Monthly,3.3,Actively Use,1.9,1.3,0.0,2.5,7.3,40.0,2.2,At-Risk
STU5068,9.85,0.0,0.0,87.5,NaN,NaN,91.1,6.1,Daily,0.8,Keep Away,0.9,1.3,6.0,7.4,8.5,6.0,5.3,Good
STU2141,6.39,2.0,2.0,63.3,66.3,54.8,56.8,2.6,Monthly,2.9,Actively Use,0.9,0.6,0.0,2.1,7.5,22.0,2.5,At-Risk
STU1622,8.6,0.0,0.0,84.4,93.9,78.6,72.2,4.1,WEEKLY,0.5,Keep Away,NaN,NaN,3.0,6.9,8.5,5.0,5.4,Good
STU7343,7.29,2.0,1.0,59.8,NaN,55.9,60.3,2.8,Monthly,3.6,Keep Away,0.6,0.9,0.0,NaN,7.5,55.0,3.6,Average
STU1193,8.69,0.0,0.0,89.8,88.2,74.8,NaN,5.0,Weekly,0.3,Keep Away,0.4,2.3,2.0,5.2,8.7,10.0,5.9,Good
STU6505,7.77,0.0,0.0,93.7,90.6,77.2,96.4,NaN,Daily,1.3,Keep Away,0.4,2.8,3.0,5.2,7.8,21.0,4.7,Good
STU3614,3.4,3.0,1.0,29.8,44.7,NaN,45.3,0.6,Only Before Exam,5.1,Actively Use,3.1,0.8,0.0,0.5,6.7,87.0,1.1,At-Risk
STU2651,6.47,2.0,1.0,63.4,69.6,61.8,57.7,3.3,Monthly,3.3,Silent,NaN,0.8,2.0,2.7,6.7,47.0,3.3,At-Risk
STU5585,9.04,0.0,0.0,81.1,97.3,101.1,70.2,7.3,Weekly,0.1,keep away,0.9,1.2,6.0,NaN,7.4,22.0,5.9,Good
STU6726,7.34,2.0,2.0,56.3,69.0,59.3,69.2,3.3,Weekly,3.2,Keep Away,1.0,0.7,0.0,2.0,NaN,15.0,3.7,Average
STU1170,7.66,0.0,0.0,76.2,92.2,96.4,98.6,5.1, Daily ,1.4, Keep Away ,0.8,1.6,3.0,5.0,8.0,5.0,3.5,Good
STU6063,7.81,0.0,0.0,77.8,88.9,92.5,70.0,5.3,Daily,0.5, Keep Away ,0.5,1.9,5.0,NaN,8.3,23.0,6.6,Good
STU6320,6.15,1.0,1.0,55.6,61.5,63.3,67.1,2.3,Weekly,3.8,Actively Use,1.2,NaN,0.0,1.4,6.1,27.0,3.5,Average
STU0416,9.94,0.0,0.0,81.3,89.5,95.9,87.5,4.5,Weekly,1.2,Silent,0.6,2.5,6.0,6.8,8.9,17.0,5.3,Good
STU6171,7.4,2.0,1.0,71.0,74.8,53.9,54.9,2.9,Weekly,3.5,actively use,0.5,0.5,1.0,3.6,7.5,49.0,3.1,Average
STU6553,8.02,0.0,0.0,74.4,92.6,74.1,86.1,6.5,Weekly,1.3,Silent,0.6,2.3,3.0,4.2,8.6,0.0,5.1,Good
STU0316,8.5,0.0,0.0,81.4,84.9,98.1,95.7,4.2,Weekly,1.3,Keep Away,0.5,1.2,3.0,7.9,7.4,7.0,NaN,Good
STU1077,5.49,3.0,NaN,32.3,56.9,37.6,32.3,NaN,never,3.5,Actively Use,3.0,0.9,1.0,0.4,5.3,102.0,NaN,At-Risk
STU6785,7.64,0.0,0.0,90.9,90.2,86.4,77.5,NaN,daily,2.1,Keep Away,0.6,2.1,2.0,NaN,6.9,25.0,NaN,Good
STU4512,8.21,0.0,0.0,94.2,83.9,96.0,93.5,NaN,Daily,0.7,NaN,0.8,2.5,5.0,7.1,7.6,13.0,6.9,Good
STU6185,7.81,0.0,0.0,82.3,94.4,89.7,NaN,NaN,Weekly,0.6,Silent,0.8,1.5,3.0,6.5,8.6,12.0,4.6,Good
STU2745,4.42,5.0,1.0,52.8,44.9,35.7,45.4,1.3,Only Before Exam,6.0,actively use,4.5,0.5,NaN,1.7,6.8,45.0,1.0,At-Risk
STU3144,8.7,0.0,0.0,79.4,83.8,84.9,82.5,5.9,weekly,0.2,Silent,0.9,1.0,2.0,7.5,8.5,18.0,NaN,Good
STU1666,7.28,2.0,1.0,65.5,82.4,55.0,56.1,3.8,Monthly,NaN,KEEP AWAY,1.7,0.7,0.0,NaN,7.1,38.0,3.3,Average
STU6358,8.09,NaN,0.0,79.3,90.3,75.5,97.2,4.9,Weekly,0.1,Keep Away,0.6,NaN,2.0,6.2,9.0,24.0,4.3,Good
STU5234,8.99,NaN,0.0,89.6,85.4,73.2,97.7,7.5,Weekly,1.7,Silent,0.4,1.6,3.0,7.7,8.9,26.0,6.3,Good
STU6381,7.24,2.0,2.0,66.3,63.5,64.8,64.3,2.0,Weekly,2.2,Actively Use,0.7,1.3,0.0,2.0,6.9,NaN,2.8,At-Risk
STU0659,9.27,0.0,0.0,86.0,88.9,94.6,89.0,4.9,Daily,0.5,Keep Away,0.8,1.1,3.0,8.0,7.4,9.0,6.2,Good
STU2524,3.87,4.0,1.0,48.8,33.0,20.8,22.4,0.9,Only Before Exam,4.8,NaN,2.8,0.8,1.0,0.5,4.8,94.0,1.7,At-Risk
STU3391,9.99,0.0,0.0,80.2,91.4,74.2,82.0,5.0,Weekly,1.2,Keep Away,1.0,1.1,2.0,6.9,7.3,26.0,3.1,Good
STU2291,3.28,3.0,2.0,30.0,31.8,NaN,46.8,1.3,Only Before Exam,5.6,Actively Use,4.2,0.5,1.0,1.2,5.5,48.0,NaN,At-Risk
STU1353,7.61,0.0,0.0,100.0,87.2,94.5,71.4,7.0,Weekly,0.1,Keep Away,0.0,2.4,4.0,4.4,8.5,7.0,5.2,Good
STU7166,7.71,0.0,NaN,97.9,93.2,86.4,NaN,5.8,Weekly,1.5,Keep Away,0.9,1.2,2.0,4.5,7.5,6.0,4.7,Good
STU6039,9.19,0.0,0.0,NaN,89.1,89.5,85.1,7.7,Daily,0.8, Keep Away ,1.0,1.2,3.0,7.9,8.6,30.0,6.5,Good
STU0969,3.8,3.0,2.0,32.4,55.8,24.6,38.5,0.5,ONLY BEFORE EXAM,3.3,Actively Use,1.2,0.1,1.0,0.1,6.3,91.0,NaN,At-Risk
STU4864,6.37,1.0,1.0,66.6,73.1,54.8,51.0,2.6,Weekly,3.8,Silent,1.3,1.4,1.0,3.2,6.8,47.0,1.6,Average
STU5532,7.29,2.0,2.0,72.6,81.9,64.9,59.8,2.3,Monthly,2.4,Keep Away,NaN,0.5,1.0,1.3,6.5,20.0,NaN,At-Risk
STU4580,9.26,0.0,0.0,80.4,NaN,96.3,82.4,7.5,Daily,1.9,Silent,0.5,2.9,6.0,7.9,7.5,NaN,3.3,Good
STU0337,7.7,0.0,NaN,101.2,87.7,95.7,99.6,7.2,NaN,1.2,Keep Away,0.6,2.7,4.0,4.4,7.8,6.0,5.5,Good
STU4850,8.54,0.0,0.0,93.4,95.5,97.5,75.9,7.3,DAILY,-0.1,keep away,0.3,2.3,2.0,NaN,8.1,17.0,6.9,Good
STU7034,5.87,1.0,1.0,53.5,65.5,60.0,58.1,3.6,Weekly,2.4,Keep Away,1.7,0.6,2.0,2.4,7.6,20.0,2.2,Average
STU6041,9.35,0.0,0.0,74.3,95.0,98.5,94.4,7.7,Daily,1.2,NaN,0.2,NaN,4.0,5.6,NaN,14.0,4.7,Good
STU0747,3.01,5.0,1.0,44.0,NaN,30.9,40.2,1.8,Only Before Exam,6.0,Actively Use,NaN,0.3,0.0,NaN,5.6,119.0,0.0,At-Risk
STU5110,9.29,0.0,0.0,97.2,87.5,73.4,87.7,5.5,Weekly,0.6,Keep Away,0.2,2.1,6.0,4.7,8.1,24.0,6.8,Good
STU7221,5.79,2.0,2.0,69.6,65.0,63.6,56.9,3.6,Monthly,3.6,Keep Away,NaN,1.4,0.0,3.8,NaN,50.0,NaN,At-Risk
STU2743,9.15,0.0,0.0,82.0,95.0,81.6,88.5,7.0,WEEKLY,1.1,keep away,0.7,NaN,5.0,3.6,7.6,30.0,4.0,Good
STU7420,6.48,1.0,1.0,60.4,63.9,68.8,52.9,3.4,WEEKLY,2.6,Silent,0.6,0.8,1.0,1.2,NaN,55.0,1.8,Average
STU6960,4.83,5.0,1.0,33.0,46.4,NaN,34.7,0.9,Monthly,7.8,Actively Use,1.1,0.1,0.0,1.7,6.9,42.0,0.7,At-Risk
STU3492,4.52,4.0,2.0,46.8,56.9,NaN,42.8,1.4,never,3.7,ACTIVELY USE,2.7,0.8,1.0,0.6,5.3,119.0,1.0,At-Risk
STU5503,9.28,0.0,0.0,84.1,99.0,72.1,83.1,6.8,Daily,1.8,Keep Away,0.3,2.1,NaN,3.1,7.6,15.0,4.3,Good
STU6869,6.97,2.0,1.0,72.8,63.4,66.5,50.2,3.5,Weekly,4.2,Silent,0.7,1.3,NaN,1.3,7.9,52.0,2.4,Average
STU7074,8.63,0.0,0.0,98.7,92.4,83.4,74.7,4.8,Daily,0.5,Keep Away,0.5,2.4,5.0,5.3,7.0,15.0,4.1,Good
STU3376,9.87,0.0,0.0,87.0,88.9,80.9,94.3,7.8,NaN,0.7,Silent,0.5,2.8,5.0,3.2,8.6,3.0,4.8,Good
STU6874,8.77,NaN,0.0,93.3,97.1,96.2,75.4,4.2,DAILY,2.0,Keep Away,NaN,1.1,5.0,4.2,8.3,1.0,5.4,Good
STU0447,8.22,0.0,0.0,89.2,90.9,84.0,76.3,7.8,weekly,1.7,KEEP AWAY,0.5,2.2,2.0,4.1,8.1,10.0,5.8,Good
STU0375,4.95,2.0,2.0,41.2,32.1,44.3,36.6,1.6,Monthly,6.7,NaN,3.4,NaN,0.0,0.3,4.9,86.0,0.8,At-Risk
STU5181,7.25,2.0,2.0,69.0,NaN,69.2,49.5,3.7,WEEKLY,2.3,Actively Use,2.0,NaN,2.0,1.0,7.8,32.0,1.9,At-Risk
STU2841,7.39,1.0,1.0,62.6,72.5,68.3,55.6,3.5,Weekly,3.3,Actively Use,1.0,0.7,1.0,2.5,6.8,50.0,1.8,At-Risk
STU1649,3.97,2.0,2.0,42.7,35.5,39.0,21.5,1.2,Only Before Exam,4.5,Actively Use,1.1,0.6,1.0,1.2,5.3,104.0,0.1,At-Risk
STU1990,5.68,2.0,2.0,60.3,68.6,66.9,65.4,3.1,Weekly,3.7,NaN,1.4,0.8,2.0,3.2,7.3,47.0,2.9,At-Risk
STU2407,9.0,0.0,0.0,76.5,95.2,86.8,86.2,6.5,WEEKLY,0.9,Silent,0.5,1.8,NaN,6.6,NaN,5.0,6.4,Good
STU6285,6.56,1.0,1.0,71.2,68.2,55.7,64.5,2.7,Monthly,3.4,Silent,0.6,1.1,1.0,3.8,6.6,NaN,2.2,Average
STU3445,4.43,3.0,2.0,44.0,55.9,21.0,36.0,NaN,NaN,8.3,Silent,1.8,0.9,0.0,0.3,6.5,100.0,0.6,At-Risk
STU4379,8.5,0.0,0.0,77.2,100.6,92.9,82.2,6.2,Weekly,1.7,Keep Away,0.6,1.2,6.0,6.5,8.0,27.0,6.9,Good
STU0290,9.59,0.0,0.0,76.8,85.0,89.3,90.0,7.2,daily,1.7,Keep Away,0.8,2.9,6.0,5.7,8.1,20.0,4.6,Good
STU5484,8.59,0.0,0.0,NaN,88.8,85.7,100.3,NaN,WEEKLY,2.3,KEEP AWAY,NaN,NaN,3.0,NaN,7.8,24.0,5.7,Good
STU4212,8.55,0.0,0.0,80.6,89.8,NaN,73.2,5.4,NaN,0.6,Keep Away,0.5,1.6,2.0,7.1,NaN,27.0,6.8,Good
STU0952,3.18,5.0,2.0,32.0,38.3,25.7,49.0,0.8,Monthly,NaN,Actively Use,3.1,0.7,0.0,0.5,6.7,113.0,1.1,At-Risk
STU3527,4.68,3.0,2.0,47.6,38.2,41.3,23.4,0.6,Monthly,3.5,Silent,2.5,NaN,1.0,0.9,5.9,85.0,1.0,At-Risk
STU4936,7.5,2.0,NaN,54.6,74.4,55.8,63.4,3.4,Monthly,2.2,Actively Use,2.0,1.5,0.0,2.6,6.5,54.0,1.5,At-Risk
STU7274,7.21,1.0,NaN,69.5,82.1,69.0,49.0,3.5,Monthly,2.4,Silent,1.9,0.7,0.0,2.0,8.0,49.0,NaN,At-Risk
STU5319,7.69,0.0,0.0,79.5,94.8,90.7,84.3,6.2,daily,1.3,Keep Away,1.0,2.5,6.0,3.6,8.4,24.0,3.3,Good
STU2726,6.88,2.0,1.0,64.8,79.3,57.7,51.9,3.1,Monthly,4.1,Actively Use,1.7,0.7,2.0,2.2,NaN,24.0,1.4,Average
STU1764,8.91,NaN,0.0,93.8,103.7,NaN,72.1,4.0,Weekly,1.6,Silent,0.1,2.2,4.0,4.6,8.0,10.0,3.9,Good
STU1590,8.53,0.0,0.0,76.8,87.4,82.7,80.8,NaN,weekly,0.7,NaN,0.6,2.9,6.0,3.5,7.1,1.0,6.4,Good
STU2269,4.64,5.0,1.0,35.7,40.6,50.6,NaN,1.0,Monthly,5.9,Actively Use,1.6,NaN,1.0,0.0,5.0,NaN,0.1,At-Risk
STU4453,7.47,2.0,1.0,70.5,77.1,59.9,58.0,2.1,Monthly,2.2,keep away,0.6,1.5,2.0,NaN,NaN,39.0,2.8,Average
STU7150,6.99,1.0,1.0,66.2,74.4,60.9,57.2,3.9,Monthly,2.7,Actively Use,1.6,0.8,0.0,3.1,6.1,50.0,3.8,At-Risk
STU3642,3.42,5.0,1.0,37.9,42.5,35.3,21.3,0.7,Never,7.8,Silent,4.8,0.6,1.0,1.3,4.8,NaN,1.5,At-Risk
STU1486,9.54,0.0,0.0,80.1,92.8,84.5,71.9,6.9,Weekly,0.5,Keep Away,0.2,1.7,6.0,6.3,7.5,12.0,3.7,Good
STU0681,9.91,0.0,0.0,80.9,92.8,84.4,82.9,5.7,weekly,0.1,Silent,NaN,1.9,6.0,4.0,8.5,NaN,NaN,Good
STU0514,4.86,5.0,NaN,49.9,26.5,46.2,23.8,0.8,Monthly,4.0,Actively Use,2.5,0.3,NaN,1.0,5.3,41.0,2.0,At-Risk
STU4333,9.39,0.0,0.0,94.7,92.5,83.7,79.6,5.5, Weekly ,0.7,Keep Away,0.6,2.6,4.0,NaN,7.1,19.0,6.8,Good
STU3599,8.5,0.0,0.0,77.0,90.5,94.8,79.4,7.4,weekly,1.0,Silent,0.7,1.1,6.0,NaN,8.2,13.0,6.4,Good
STU5978,8.24,0.0,0.0,97.7,86.7,100.2,82.7,4.8,Weekly,0.5,Silent,0.8,2.2,5.0,7.8,8.3,16.0,4.4,Good
STU3362,9.96,0.0,0.0,95.8,93.9,84.5,83.9,5.2,Daily,1.2,Keep Away,0.1,3.0,6.0,5.1,9.0,30.0,5.9,Good
STU7013,6.34,2.0,1.0,71.1,76.5,59.5,57.4,2.9,weekly,2.7,actively use,1.5,1.4,2.0,NaN,7.8,60.0,2.1,Average
STU7148,6.53,1.0,1.0,72.8,76.4,52.9,70.0,2.8,Weekly,2.6,Silent,1.0,0.6,1.0,1.2,6.9,51.0,3.9,At-Risk
STU2996,9.19,0.0,0.0,76.8,96.0,79.8,85.3,4.6,Daily,1.2,Keep Away,0.1,1.3,6.0,NaN,7.0,30.0,6.0,Good
STU2288,9.0,0.0,0.0,84.6,99.1,79.3,71.2,4.8,Daily,0.3, Silent ,0.3,NaN,NaN,6.3,7.4,22.0,6.2,Good
STU4477,8.35,0.0,0.0,102.5,100.3,95.9,72.8,4.8,Weekly,0.6,Keep Away,0.7,1.0,5.0,7.0,8.2,NaN,5.3,Good
STU6554,NaN,0.0,0.0,89.8,93.8,84.9,71.2,7.1,Weekly,0.6,SILENT,NaN,1.8,4.0,5.8,7.1,3.0,4.5,Good
STU3708,7.57,0.0,0.0,79.6,95.7,95.8,96.0,4.5,weekly,1.2,Keep Away,0.1,1.3,4.0,3.9,7.2,17.0,6.6,Good
STU0074,4.79,4.0,2.0,NaN,22.9,26.2,24.1,1.4,Monthly,3.2,Actively Use,1.4,0.8,0.0,0.4,6.0,53.0,0.5,At-Risk
STU1490,8.79,0.0,0.0,86.4,84.4,98.7,98.1,5.2,Weekly,1.4,KEEP AWAY,0.6,1.5,2.0,4.3,8.1,21.0,4.7,Good
STU5846,9.42,0.0,0.0,90.2,92.1,83.9,74.5,7.2,Weekly,0.9,KEEP AWAY,NaN,1.7,2.0,4.0,8.7,1.0,4.4,Good
STU7417,6.77,1.0,1.0,60.4,84.1,64.7,53.6,3.5,Monthly,NaN, Silent ,1.8,0.7,1.0,3.7,7.0,NaN,1.8,Average
STU2994,7.79,0.0,NaN,NaN,91.2,75.1,75.4,4.9,Weekly,0.8,Keep Away,0.0,2.0,3.0,7.6,6.8,12.0,NaN,Good
STU0826,7.56,0.0,0.0,82.0,85.1,86.8,95.7,5.7,Weekly,1.7,Keep Away,0.0,1.3,2.0,NaN,7.6,12.0,6.6,Good
STU4629,7.54,0.0,0.0,94.1,88.2,NaN,83.8,NaN,Weekly,0.4,Keep Away,0.1,1.5,5.0,5.1,7.4,24.0,3.3,Good
STU5032,6.9,2.0,1.0,71.2,76.8,59.9,62.8,3.1,Monthly,3.7,Keep Away,1.2,0.7,1.0,2.9,6.4,49.0,3.9,At-Risk
STU0493,7.75,0.0,0.0,91.0,90.8,92.5,80.5,4.9,Weekly,1.2,Keep Away,NaN,2.4,6.0,5.1,8.1,16.0,3.3,Good
STU4179,8.0,0.0,0.0,80.9,96.4,NaN,94.6,6.2,weekly,0.8,Keep Away,0.4,2.2,3.0,4.8,7.4,7.0,NaN,Good
STU2318,3.99,2.0,2.0,38.4,35.7,24.0,30.4,0.3,ONLY BEFORE EXAM,5.3,ACTIVELY USE,NaN,0.9,0.0,1.6,5.1,70.0,NaN,At-Risk
STU1522,9.18,0.0,0.0,87.2,98.1,75.5,74.1,5.3,weekly,1.7,Silent,0.3,1.8,5.0,NaN,7.1,25.0,6.8,Good
STU2587,6.31,1.0,1.0,69.1,68.7,59.6,60.6,2.8,Monthly,3.6,Silent,1.5,1.2,2.0,1.7,7.9,15.0,3.0,Average
STU4897,7.55,0.0,0.0,99.1,86.2,88.4,100.6,4.0,Weekly,0.1,NaN,0.6,2.5,2.0,7.0,8.8,7.0,3.7,Good
STU0650,7.56,0.0,NaN,87.7,96.7,77.7,83.0,6.5,Daily,1.6,Silent,0.0,2.9,2.0,3.8,7.4,7.0,4.1,Good
STU5072,7.04,1.0,1.0,64.7,70.1,71.0,61.9,2.3, Monthly ,2.7, Silent ,1.3,1.5,1.0,NaN,7.1,20.0,2.3,Average
STU4835,9.84,0.0,0.0,82.8,88.1,80.1,83.6,NaN, Weekly ,1.4,SILENT,0.4,NaN,6.0,NaN,6.9,13.0,6.8,Good
STU6810,7.99,0.0,NaN,96.2,88.6,91.7,73.7,5.4,Weekly,2.3,Keep Away,0.6,2.0,2.0,6.8,7.7,29.0,5.0,Good
STU5951,8.62,0.0,0.0,77.5,98.2,70.0,91.0,4.2,Weekly,1.4,KEEP AWAY,0.6,1.6,6.0,5.0,8.3,8.0,3.7,Good
STU6918,8.21,0.0,0.0,80.8,93.5,72.0,89.6,5.7,Weekly,0.1,Silent,0.5,3.0,2.0,7.2,8.7,25.0,6.7,Good
STU6656,8.28,0.0,NaN,91.1,101.3,89.4,81.9,5.1,NaN,1.2,Keep Away,NaN,1.5,6.0,4.7,8.7,NaN,6.2,Good
STU7036,6.07,1.0,1.0,65.2,63.8,61.2,53.9,3.2,Monthly,3.0,Actively Use,0.8,1.3,1.0,3.0,6.4,50.0,4.0,Average
STU4113,9.45,0.0,0.0,86.4,95.2,99.6,83.4,7.9,Weekly,0.0,SILENT,0.6,1.1,5.0,NaN,8.4,14.0,3.2,Good
STU6607,6.07,1.0,1.0,61.5,83.7,59.9,62.9,2.7,Weekly,4.0,Keep Away,1.9,NaN,2.0,2.0,7.1,53.0,2.2,Average
STU0701,6.5,1.0,NaN,72.7,76.3,NaN,60.1,2.4,Monthly,2.2,ACTIVELY USE,0.9,1.0,0.0,2.1,6.9,60.0,3.9,At-Risk
STU0256,3.74,2.0,2.0,31.2,44.5,41.2,39.2,0.6,Monthly,3.1,Actively Use,4.9,0.3,1.0,NaN,6.1,NaN,1.2,At-Risk
STU1685,9.0,0.0,0.0,78.5,86.8,71.8,77.3,5.5,Weekly,1.8,Keep Away,0.4,2.5,4.0,NaN,8.5,2.0,6.9,Good
STU3218,NaN,0.0,0.0,93.3,93.7,79.8,85.1,4.4,Weekly,0.1,Keep Away,0.1,NaN,2.0,6.1,8.9,6.0,5.2,Good
STU4228,8.67,0.0,0.0,93.9,89.3,73.2,69.3,4.9, Weekly ,0.3, Keep Away ,0.9,2.0,6.0,7.1,8.9,24.0,7.0,Good
STU5609,9.0,0.0,0.0,85.8,98.5,81.7,84.5,5.7,daily,NaN, Silent ,0.2,2.3,4.0,7.1,8.0,27.0,4.3,Good
STU4000,3.72,2.0,2.0,44.0,48.4,41.0,22.6,0.5,Never,4.1,Silent,3.3,0.1,0.0,1.0,4.1,56.0,0.7,At-Risk
STU7079,7.88,0.0,NaN,95.4,87.3,94.9,84.9,7.4,Weekly,1.6,Keep Away,0.6,1.7,6.0,6.3,8.5,13.0,5.0,Good
STU4102,8.78,0.0,0.0,93.5,95.4,NaN,84.3,7.8,DAILY,1.3,Keep Away,0.5,2.7,2.0,3.4,8.3,13.0,3.5,Good
STU0869,9.24,0.0,NaN,79.4,89.1,85.4,73.4,5.7,Daily,NaN,Keep Away,0.3,NaN,4.0,7.2,7.6,17.0,6.4,Good
STU4848,6.08,1.0,1.0,52.6,80.3,51.7,60.5,2.2,Weekly,3.5,Actively Use,1.1,1.1,2.0,1.3,6.4,NaN,1.3,Average
STU0433,9.38,0.0,0.0,96.3,95.5,82.3,97.0,5.0,Daily,0.6,Keep Away,0.7,NaN,2.0,7.6,7.4,9.0,6.2,Good
STU4016,4.39,3.0,2.0,49.5,55.6,NaN,27.9,0.3,NEVER,6.4,Silent,2.1,0.8,1.0,1.2,6.6,84.0,1.1,At-Risk
STU2675,9.55,0.0,0.0,NaN,96.8,96.4,100.7,6.6,Weekly,1.3,Keep Away,0.5,1.4,2.0,3.6,8.0,19.0,3.6,Good
STU5371,7.62,0.0,0.0,98.2,94.3,100.6,86.6,4.9,Weekly,1.0,Silent,0.7,1.7,2.0,5.8,7.2,13.0,6.1,Good
STU7167,4.33,4.0,2.0,46.6,54.7,33.6,33.5,1.2,Monthly,7.3,NaN,3.6,0.8,0.0,1.4,6.8,95.0,1.6,At-Risk
STU0774,8.23,0.0,0.0,87.3,85.2,71.5,83.7,8.0, Weekly ,1.4,Keep Away,0.1,2.7,3.0,6.7,8.3,16.0,6.3,Good
STU4706,8.43,0.0,0.0,97.8,NaN,79.9,93.4,7.4,Daily,0.4,KEEP AWAY,0.0,2.6,3.0,5.1,7.3,25.0,3.3,Good
STU2928,8.2,0.0,0.0,93.1,95.3,87.1,86.9,4.4,NaN,1.6,Silent,0.8,2.2,3.0,7.6,7.3,30.0,5.7,Good
STU1702,9.02,0.0,0.0,85.0,92.7,75.7,93.8,8.0,Daily,1.9,Keep Away,0.3,1.8,6.0,7.0,8.3,18.0,5.2,Good
STU2832,5.75,NaN,1.0,NaN,83.2,69.2,51.2,2.6,Weekly,2.0,Keep Away,1.8,1.5,2.0,NaN,6.7,45.0,2.1,Average
STU0954,4.24,3.0,3.0,51.5,54.6,45.3,NaN,1.2,Only Before Exam,3.9,Silent,2.8,0.5,0.0,1.7,6.5,94.0,NaN,At-Risk
STU5680,9.65,0.0,0.0,80.5,97.5,74.4,76.4,4.3,DAILY,1.8,Silent,0.7,1.3,2.0,4.6,8.1,25.0,5.0,Good
STU6636,6.46,2.0,2.0,72.9,83.7,58.8,55.6,2.9,Monthly,2.3,Actively Use,1.1,0.9,0.0,2.4,7.2,54.0,2.9,At-Risk
STU6147,8.78,0.0,0.0,76.8,91.5,84.9,90.5,5.6,Daily,1.6,Keep Away,0.2,1.1,4.0,5.5,8.0,6.0,5.7,Good
STU1524,3.37,4.0,4.0,39.1,18.2,40.8,47.8,0.5,only before exam,3.4,actively use,NaN,0.9,0.0,1.1,4.0,102.0,1.9,At-Risk
STU5116,8.74,0.0,0.0,95.7,96.6,77.3,97.3,7.4,weekly,0.5,Keep Away,NaN,NaN,2.0,5.6,7.7,24.0,5.6,Good
STU3855,4.3,5.0,3.0,48.2,31.4,42.2,39.7,1.8,monthly,4.0,NaN,2.5,0.1,0.0,0.4,5.1,90.0,1.8,At-Risk
STU0743,4.52,2.0,2.0,45.2,NaN,38.4,35.2,1.9,NEVER,NaN,Actively Use,4.1,0.9,1.0,0.4,4.2,75.0,1.0,At-Risk
STU5120,9.41,0.0,0.0,96.9,85.8,76.1,84.2,5.2,daily,1.4,Silent,1.0,1.4,NaN,NaN,8.1,18.0,5.6,Good
STU1039,8.07,0.0,0.0,87.3,89.0,77.6,70.2,7.0,Weekly,2.0,silent,0.8,1.6,5.0,4.2,7.4,8.0,3.5,Good
STU3332,3.82,2.0,2.0,45.3,35.4,21.6,30.1,1.7,Monthly,7.4,Actively Use,1.2,0.6,0.0,0.2,6.1,79.0,NaN,At-Risk
STU3573,4.87,5.0,5.0,48.7,50.6,26.0,49.1,0.9,ONLY BEFORE EXAM,6.7,Silent,NaN,0.6,0.0,2.0,4.7,85.0,0.8,At-Risk
STU2070,5.48,3.0,1.0,42.8,21.7,34.8,43.2,1.7,Only Before Exam,6.6,Actively Use,1.6,0.7,0.0,1.5,5.7,54.0,NaN,At-Risk
STU2559,7.38,2.0,1.0,NaN,NaN,64.8,68.2,3.8,Weekly,3.6,Actively Use,0.8,1.5,2.0,NaN,6.3,55.0,2.7,Average
STU5675,7.52,0.0,0.0,80.6,90.6,73.1,82.7,7.6,Daily,-0.1,Silent,0.6,2.8,3.0,3.5,8.9,7.0,6.3,Good
STU6540,7.76,0.0,NaN,82.6,87.6,87.6,71.6,6.7,Weekly,0.6,silent,0.2,1.7,5.0,6.2,8.1,21.0,5.7,Good
STU4888,8.53,0.0,0.0,75.0,95.5,97.2,82.9,6.2,WEEKLY,0.9,Keep Away,1.0,2.8,4.0,3.2,8.6,NaN,5.4,Good
STU2973,5.66,1.0,1.0,62.9,66.6,57.8,65.3,3.3,Monthly,NaN,Silent,1.4,1.3,2.0,3.2,6.4,48.0,1.9,Average
STU1343,9.45,0.0,0.0,83.2,93.0,91.2,74.0,4.7,Daily,0.7,Keep Away,0.2,1.7,2.0,8.0,NaN,16.0,6.5,Good
STU3515,4.9,NaN,1.0,37.9,19.8,38.1,26.9,0.3,never,4.2,Silent,2.9,0.0,1.0,1.8,5.8,NaN,0.6,At-Risk
STU1011,8.37,0.0,NaN,87.5,94.8,100.1,81.8,7.6,Daily,0.8,NaN,1.0,NaN,4.0,5.3,8.2,13.0,4.1,Good
STU2983,8.23,0.0,0.0,77.9,99.0,86.6,85.9,4.7,Weekly,1.2,NaN,0.4,1.6,2.0,6.9,7.1,NaN,5.6,Good
STU2569,6.94,2.0,2.0,70.3,76.1,55.5,50.3,NaN,Weekly,2.4,KEEP AWAY,1.5,1.0,2.0,2.2,6.8,21.0,3.8,Average
STU3512,6.1,1.0,1.0,57.6,78.6,53.6,61.1,2.2,monthly,4.1,Actively Use,1.2,1.5,1.0,2.2,6.5,55.0,3.7,At-Risk
STU1003,8.6,0.0,0.0,80.4,96.4,85.8,83.0,5.1,Daily,0.7,KEEP AWAY,NaN,NaN,4.0,5.7,8.8,8.0,NaN,Good
STU4586,5.83,2.0,1.0,56.2,81.7,56.6,54.0,2.8,monthly,2.6,Keep Away,1.8,1.0,1.0,2.7,6.6,53.0,3.4,Average
STU4269,4.5,5.0,1.0,38.5,32.1,26.4,30.7,1.3, Only Before Exam ,7.6,Actively Use,2.5,0.1,0.0,0.0,5.3,104.0,0.5,At-Risk
STU4956,8.54,0.0,0.0,92.0,91.3,98.2,69.5,4.8,Daily,1.2,Keep Away,0.6,2.4,5.0,5.9,8.2,13.0,NaN,Good
STU3183,9.03,0.0,0.0,83.2,87.5,91.5,96.4,NaN,Weekly,1.9,Keep Away,0.1,2.5,2.0,7.8,7.3,3.0,4.7,Good
STU6824,8.41,0.0,0.0,85.9,98.1,96.5,84.5,6.1, Daily ,NaN,Silent,0.5,2.1,3.0,3.1,8.8,NaN,5.3,Good
STU3837,5.1,3.0,2.0,52.8,58.2,33.7,34.6,0.4,only before exam,5.7,actively use,1.6,0.7,0.0,0.0,4.6,101.0,0.4,At-Risk
STU0319,8.4,0.0,NaN,95.8,95.7,86.4,83.1,5.5,Daily,1.6,Silent,0.3,1.4,4.0,3.4,7.9,28.0,4.9,Good
STU5877,7.82,0.0,NaN,NaN,95.6,88.5,82.9,5.6,Daily,0.6,Keep Away,0.1,NaN,2.0,3.2,7.5,8.0,4.3,Good
STU3204,4.96,2.0,1.0,41.8,50.6,23.4,38.9,0.3,Never,4.6,Silent,1.4,0.2,0.0,2.0,5.1,76.0,1.9,At-Risk
STU2704,NaN,4.0,1.0,57.7,55.8,26.4,29.9,0.3,Monthly,5.0,Silent,NaN,0.9,NaN,NaN,4.9,75.0,0.4,At-Risk
STU3953,9.97,0.0,0.0,93.6,88.0,91.2,75.9,6.2,Daily,1.0,Keep Away,0.9,1.4,4.0,7.4,8.9,26.0,3.4,Good
STU1858,9.56,0.0,0.0,97.4,99.4,92.8,95.6,5.4,Daily,NaN,NaN,0.8,2.0,6.0,3.6,7.3,17.0,3.6,Good
STU3158,3.23,2.0,2.0,32.9,30.0,22.6,26.0,1.9,NaN,3.9,Actively Use,1.4,0.9,0.0,1.2,4.2,80.0,0.1,At-Risk
STU6406,6.22,2.0,2.0,NaN,84.1,49.6,50.3,3.6,Monthly,2.9,Actively Use,0.7,0.8,2.0,1.6,7.6,27.0,2.9,At-Risk
STU1982,9.02,0.0,0.0,83.0,93.8,80.2,95.5,5.2,Weekly,0.8,Silent,0.6,2.4,3.0,4.2,8.8,21.0,5.9,Good
STU4374,6.55,1.0,1.0,73.7,79.4,50.8,64.6,2.1,Weekly,2.0,Keep Away,1.1,0.6,2.0,3.5,6.8,47.0,2.8,Average
STU1786,7.08,1.0,1.0,58.9,66.1,61.2,52.9,3.5,Weekly,2.4,Silent,0.8,1.1,0.0,NaN,7.9,48.0,3.6,Average
STU7366,8.59,0.0,0.0,82.7,86.1,71.1,83.2,7.8,Daily,1.9,Keep Away,0.1,2.7,4.0,5.4,8.3,10.0,5.0,Good
STU4114,3.25,5.0,1.0,37.9,46.2,20.4,35.3,0.9,Never,5.1,actively use,1.3,0.6,1.0,1.2,5.6,67.0,NaN,At-Risk
STU4445,5.57,1.0,1.0,74.0,76.3,61.4,64.2,4.1,NaN,2.5,SILENT,0.7,0.8,1.0,3.7,7.0,23.0,3.4,Average
STU0738,3.05,5.0,3.0,47.1,NaN,42.3,33.5,-0.2,Monthly,7.3,Actively Use,2.9,NaN,1.0,1.4,5.4,108.0,0.2,At-Risk
STU2421,4.95,3.0,2.0,48.8,34.4,47.9,22.8,0.3,Only Before Exam,5.0,Actively Use,1.9,0.6,1.0,0.1,4.5,52.0,0.6,At-Risk
STU3554,3.83,5.0,1.0,44.8,50.2,26.9,30.8,0.9,Monthly,7.1,Silent,1.4,0.6,0.0,1.4,5.5,NaN,1.9,At-Risk
STU5048,5.61,2.0,1.0,61.2,74.6,49.8,64.0,2.5,Weekly,2.8,Actively Use,0.9,NaN,2.0,3.6,7.6,55.0,3.8,Average
STU4552,5.9,1.0,1.0,71.6,71.9,53.2,55.3,3.5,Weekly,3.1,Silent,1.5,1.2,0.0,1.4,6.7,17.0,3.2,Average
STU4470,9.3,0.0,0.0,NaN,84.9,95.2,82.5,7.4,weekly,0.6,Silent,1.0,2.3,6.0,6.1,8.6,0.0,4.7,Good
STU2502,9.87,0.0,0.0,91.3,NaN,97.5,70.3,4.4, Daily ,1.5,silent,0.3,2.9,5.0,5.2,7.9,10.0,5.7,Good
STU3655,9.92,0.0,0.0,81.0,89.5,71.4,86.8,NaN,Daily,NaN,Silent,NaN,1.9,6.0,5.1,7.9,10.0,3.5,Good
STU0393,4.04,2.0,2.0,42.7,53.8,27.3,45.8,1.5,NaN,5.3,Actively Use,NaN,0.3,1.0,1.5,5.3,66.0,0.6,At-Risk
STU4561,6.25,1.0,1.0,61.0,65.6,63.6,59.5,2.5,Monthly,3.7, Keep Away ,0.7,0.8,0.0,2.0,6.5,57.0,2.8,At-Risk
STU5882,6.39,1.0,1.0,65.5,64.7,66.3,NaN,1.8,Weekly,3.1,Keep Away,0.5,NaN,1.0,1.4,7.1,18.0,1.7,Average
STU6480,9.77,0.0,0.0,93.3,87.1,79.4,85.7,6.6,Weekly,0.5,keep away,0.3,1.6,5.0,3.4,7.9,5.0,5.1,Good
STU3132,8.75,0.0,0.0,81.3,104.4,91.9,99.0,4.4,Daily,0.9,silent,0.4,2.7,3.0,7.5,7.5,21.0,5.7,Good
STU4715,8.82,0.0,0.0,78.3,100.0,77.3,77.9,4.1,Daily,1.5,Keep Away,0.5,2.8,6.0,3.7,8.5,1.0,5.0,Good
STU0174,8.1,NaN,0.0,85.8,100.6,94.4,71.0,NaN,Weekly,NaN,Keep Away,0.9,NaN,5.0,5.5,7.1,11.0,5.6,Good
STU5935,6.33,1.0,1.0,72.4,66.7,60.4,NaN,3.1,Weekly,3.2,Actively Use,1.3,1.4,1.0,3.2,8.0,21.0,2.2,Average
STU1408,6.58,1.0,1.0,64.4,87.0,58.4,54.7,NaN,Monthly,3.3,Keep Away,1.3,0.5,1.0,3.5,7.5,18.0,3.0,Average
STU2420,6.19,1.0,1.0,62.6,79.0,NaN,59.7,3.1,Weekly,3.3,Keep Away,1.4,1.0,1.0,1.6,6.8,15.0,2.6,Average
STU3447,3.53,4.0,1.0,50.3,34.0,53.2,31.5,0.6,Monthly,4.3,ACTIVELY USE,3.6,0.1,0.0,1.9,5.0,87.0,0.6,At-Risk
STU2194,6.68,2.0,1.0,58.3,76.8,68.1,53.4,3.0,Monthly,2.5,KEEP AWAY,0.9,1.4,2.0,2.3,6.7,42.0,2.8,Average
STU1167,3.47,3.0,1.0,38.7,55.2,33.3,48.9,0.9,Monthly,4.9,Actively Use,4.0,0.1,1.0,0.2,6.0,86.0,1.0,At-Risk
STU0910,5.11,4.0,3.0,36.5,18.3,40.9,26.7,1.8,Never,7.5,Actively Use,NaN,0.1,1.0,1.0,5.9,94.0,0.5,At-Risk
STU1720,5.37,3.0,1.0,52.5,51.3,42.1,NaN,1.4,Only Before Exam,3.5,Actively Use,2.6,1.0,0.0,0.7,6.7,106.0,0.2,At-Risk
STU3124,9.59,0.0,0.0,86.1,92.5,87.5,NaN,7.1,daily,1.7,Keep Away,0.7,2.3,5.0,5.4,7.4,11.0,6.1,Good
STU1986,8.45,0.0,0.0,93.6,98.8,96.1,69.3,7.5,Daily,1.6,Keep Away,0.7,2.5,2.0,7.9,7.8,30.0,3.3,Good
STU7424,9.39,0.0,0.0,81.8,90.4,100.6,72.1,7.7,Daily,-0.0,Silent,0.4,2.5,3.0,5.0,8.2,15.0,NaN,Good
STU4633,9.28,0.0,0.0,97.9,86.4,73.3,72.2,4.4,Weekly,0.1,Keep Away,0.1,3.0,4.0,4.4,8.1,NaN,6.3,Good
STU2939,6.77,2.0,2.0,58.2,NaN,51.0,68.5,3.4, Monthly ,3.3,Silent,1.0,0.9,2.0,1.3,8.0,26.0,3.3,Average
STU7029,4.79,2.0,1.0,44.5,29.7,26.4,41.8,-0.2,Monthly,6.6,Actively Use,2.0,NaN,NaN,0.4,5.0,73.0,1.5,At-Risk
STU4909,9.91,0.0,0.0,78.6,83.6,89.0,80.2,6.0,Weekly,0.8,Keep Away,0.5,2.7,5.0,4.0,8.2,NaN,4.7,Good
STU2714,9.03,0.0,0.0,86.9,86.9,90.4,78.8,8.1,Daily,1.7,SILENT,0.7,2.9,4.0,3.5,7.3,0.0,4.0,Good
STU1421,4.27,NaN,3.0,43.7,29.8,42.6,24.0,0.9,Monthly,6.0,Silent,4.7,0.5,0.0,0.3,5.7,88.0,0.2,At-Risk
STU7203,9.9,0.0,0.0,81.6,93.7,98.4,92.9,5.4,Weekly,0.4,Silent,0.2,1.3,6.0,5.2,NaN,27.0,6.4,Good
STU1537,3.0,4.0,1.0,48.8,52.8,20.5,33.8,1.1,Monthly,5.5,Actively Use,4.1,0.4,0.0,0.3,6.9,120.0,0.5,At-Risk
STU4378,4.82,2.0,1.0,48.8,28.5,49.2,33.0,0.2,Only Before Exam,6.2,Actively Use,3.4,0.1,0.0,1.9,5.6,87.0,0.9,At-Risk
STU3311,7.5,0.0,0.0,89.3,89.5,73.1,74.2,7.8,Daily,1.8,Keep Away,0.2,1.2,6.0,4.8,8.3,8.0,6.5,Good
STU4880,8.98,0.0,0.0,92.2,94.6,79.0,82.2,5.9,Weekly,-0.2,Silent,0.9,2.0,4.0,6.8,7.5,2.0,NaN,Good
STU6541,7.34,1.0,1.0,NaN,72.1,58.1,61.1,2.8,weekly,3.0,Keep Away,1.7,1.1,1.0,3.5,7.2,57.0,3.6,Average
STU0185,3.73,5.0,NaN,50.7,50.1,45.3,16.9,2.0,Monthly,6.4, Actively Use ,2.2,0.8,0.0,0.6,6.5,48.0,NaN,At-Risk
STU6728,9.75,0.0,0.0,76.6,86.0,88.7,73.1,5.2,Daily,NaN,Keep Away,0.8,1.8,5.0,7.8,7.9,8.0,6.7,Good
STU5327,8.39,NaN,0.0,96.1,88.8,85.0,81.6,7.3,Daily,0.7,Keep Away,0.2,2.9,4.0,4.6,8.5,5.0,4.2,Good
STU6965,7.22,2.0,2.0,59.1,75.5,66.4,NaN,3.6,NaN,1.9,ACTIVELY USE,2.0,0.6,0.0,2.1,6.1,24.0,NaN,At-Risk
STU0215,9.51,0.0,0.0,99.6,89.9,93.8,76.3,5.9,Daily,0.4,Silent,0.6,3.0,4.0,6.0,7.7,21.0,5.6,Good
STU6124,5.55,2.0,2.0,57.4,78.2,55.1,NaN,3.7,NaN,2.0,Actively Use,0.5,0.7,1.0,NaN,6.5,28.0,3.6,At-Risk
STU2970,9.47,0.0,0.0,94.7,92.3,77.1,88.9,5.2,Daily,NaN,Silent,0.8,1.3,2.0,3.0,7.6,1.0,5.0,Good
STU7309,7.81,0.0,0.0,87.3,88.6,78.1,73.7,5.4,weekly,1.7,Keep Away,0.6,2.6,6.0,3.6,7.5,22.0,4.6,Good
STU1072,9.69,0.0,0.0,88.5,91.6,79.4,94.5,6.4, Weekly ,0.8,Keep Away,NaN,1.7,6.0,7.8,8.2,NaN,4.6,Good
STU4252,3.13,5.0,1.0,NaN,54.9,44.0,33.1,2.1,Only Before Exam,3.7,Actively Use,3.1,0.2,0.0,0.9,6.8,54.0,1.6,At-Risk
STU4078,4.26,3.0,2.0,29.7,32.1,24.5,34.3,0.7,MONTHLY,5.9,Silent,2.2,0.0,1.0,0.7,5.9,94.0,1.5,At-Risk
STU2126,4.63,2.0,1.0,41.0,59.4,28.2,37.3,0.7,Only Before Exam,6.7,Actively Use,1.2,0.0,1.0,1.6,5.2,104.0,0.7,At-Risk
STU7089,9.86,0.0,0.0,97.2,91.3,101.1,93.9,6.8,Weekly,2.0,Keep Away,0.4,2.9,3.0,6.0,NaN,28.0,5.6,Good
STU4198,8.75,0.0,0.0,89.3,86.8,95.5,83.3,5.8,Weekly,0.8,Silent,NaN,NaN,6.0,4.1,8.6,14.0,3.4,Good
STU2163,4.84,5.0,3.0,49.8,49.8,49.0,21.8,0.8,Only Before Exam,6.5,Silent,3.3,0.2,0.0,0.7,4.8,51.0,0.5,At-Risk
STU2067,9.33,0.0,NaN,87.7,95.0,82.7,95.1,8.0,weekly,1.3,Silent,0.9,2.0,6.0,NaN,8.5,6.0,7.0,Good
STU3032,9.97,0.0,0.0,94.8,94.8,NaN,NaN,5.4,Daily,0.2,Silent,0.7,1.4,NaN,5.1,8.7,10.0,3.5,Good
STU3993,9.3,0.0,0.0,84.6,85.2,87.1,79.8,5.6,Weekly,1.0,NaN,0.7,1.6,4.0,3.4,7.7,NaN,3.2,Good
STU0933,9.18,0.0,0.0,100.7,87.0,89.9,79.7,6.8,daily,1.2,Keep Away,0.2,1.4,6.0,NaN,NaN,22.0,NaN,Good
STU1650,9.73,0.0,0.0,NaN,87.8,83.7,NaN,3.9,DAILY,1.2, Silent ,0.8,2.5,2.0,4.0,8.6,26.0,4.4,Good
STU0356,7.79,0.0,0.0,97.8,91.1,80.1,90.3,5.8,WEEKLY,1.3,Keep Away,0.1,2.6,5.0,7.7,NaN,22.0,6.8,Good
STU4537,8.96,0.0,0.0,96.0,96.4,81.2,83.8,6.5,Weekly,0.4,Keep Away,0.5,1.3,5.0,NaN,8.8,23.0,3.6,Good
STU1122,9.73,0.0,0.0,81.0,92.5,94.5,72.1,4.4,daily,2.1,Keep Away,0.3,3.0,6.0,3.9,7.8,28.0,6.0,Good
STU7408,3.08,3.0,NaN,52.6,30.3,24.1,24.8,0.5,Monthly,4.1,Actively Use,NaN,0.2,1.0,0.9,6.3,96.0,0.1,At-Risk
STU7004,6.88,2.0,NaN,68.3,68.1,NaN,61.5,3.1,Monthly,3.9,Silent,0.6,1.1,1.0,1.2,7.7,NaN,3.0,Average
STU3838,5.34,2.0,2.0,34.9,53.3,25.1,41.1,0.6,Never,4.5,Silent,5.0,0.2,1.0,NaN,5.7,88.0,1.5,At-Risk
STU4478,8.84,0.0,0.0,89.1,89.3,79.2,86.8,6.3,weekly,0.5,Silent,0.8,2.6,5.0,4.4,8.2,4.0,4.4,Good
STU5177,9.33,0.0,0.0,NaN,90.8,92.2,73.9,NaN,Daily,0.5,Keep Away,0.0,1.6,3.0,NaN,8.5,7.0,5.3,Good
STU1885,6.68,1.0,1.0,58.8,74.8,NaN,NaN,2.0,Weekly,3.2,Actively Use,0.9,NaN,2.0,1.5,7.3,17.0,1.8,Average
STU5417,6.78,1.0,1.0,59.9,84.9,58.8,NaN,3.2,Monthly,3.1,Actively Use,0.9,1.0,2.0,2.0,7.5,37.0,1.4,Average
STU3301,3.94,3.0,2.0,39.5,54.0,24.1,29.7,1.1,Monthly,NaN,Actively Use,4.8,1.0,0.0,1.0,5.6,101.0,NaN,At-Risk
STU5239,6.21,2.0,1.0,65.1,66.9,67.4,55.0,2.1,Monthly,2.5,KEEP AWAY,1.9,1.2,1.0,2.4,8.0,33.0,3.7,Average
STU1818,7.9,0.0,0.0,76.7,85.4,80.1,78.9,NaN,WEEKLY,NaN,keep away,0.2,1.7,2.0,NaN,8.2,17.0,5.3,Good
STU5910,9.64,0.0,0.0,87.6,90.0,94.0,70.2,7.0,Daily,0.5,Keep Away,0.6,2.5,6.0,5.7,7.1,26.0,NaN,Good
STU3077,4.54,2.0,1.0,37.0,45.0,29.4,29.7,0.7,ONLY BEFORE EXAM,3.0,Actively Use,4.9,NaN,NaN,1.5,4.8,101.0,1.5,At-Risk
STU6710,9.6,0.0,0.0,95.3,94.5,90.9,94.4,4.8,Daily,1.7,Keep Away,0.8,2.0,6.0,5.0,8.9,14.0,6.3,Good
STU2169,8.78,0.0,0.0,98.9,90.8,77.3,87.8,6.2,Daily,NaN,Silent,0.1,1.3,6.0,3.7,7.6,19.0,4.8,Good
STU7304,8.92,0.0,0.0,95.4,95.3,70.7,93.3,7.6,weekly,0.1,KEEP AWAY,0.8,1.5,2.0,3.9,8.1,11.0,5.2,Good
STU4950,7.29,2.0,2.0,74.3,67.6,58.1,67.7,3.0,Weekly,2.3, Keep Away ,1.9,NaN,1.0,2.8,6.8,20.0,2.4,At-Risk
STU5837,7.02,1.0,1.0,55.8,84.2,56.3,69.5,2.4,Weekly,4.0,Keep Away,1.7,0.9,0.0,2.3,6.2,35.0,1.8,At-Risk
STU4920,6.22,2.0,1.0,69.1,76.4,62.3,59.8,2.3,Weekly,2.7,Silent,0.6,1.0,2.0,2.2,6.1,26.0,3.6,Average
STU1253,7.75,0.0,0.0,96.6,89.4,86.9,82.6,NaN,WEEKLY,1.2,Silent,0.9,1.1,4.0,7.6,8.3,22.0,6.2,Good
STU1280,8.07,0.0,0.0,90.2,84.9,84.6,89.3,7.8,Daily,1.0,Keep Away,0.8,2.2,5.0,7.6,7.8,24.0,4.3,Good
STU4372,8.87,0.0,0.0,91.0,86.6,84.2,88.7,4.9,Daily,0.8,Keep Away,0.1,2.9,3.0,NaN,8.6,13.0,3.1,Good
STU4194,7.94,0.0,0.0,81.6,93.8,74.4,73.4,7.5,Weekly,0.3,Keep Away,0.1,2.8,6.0,5.2,7.2,25.0,NaN,Good
STU6739,4.0,2.0,2.0,43.8,45.6,41.0,37.6,1.7, Only Before Exam ,7.1,Actively Use,4.4,0.3,1.0,0.5,4.4,78.0,1.7,At-Risk
STU1671,5.9,2.0,1.0,68.9,76.8,55.9,51.9,3.8,weekly,2.6,Actively Use,0.8,1.0,1.0,3.7,6.1,15.0,3.3,Average
STU1126,8.06,0.0,0.0,91.3,88.4,75.3,78.3,7.6,Weekly,0.9,silent,0.8,1.7,4.0,6.0,8.2,21.0,6.8,Good
STU5993,8.02,0.0,NaN,87.1,90.9,82.5,78.1,7.3, Daily ,1.5,Keep Away,0.5,NaN,4.0,6.7,7.2,9.0,5.2,Good
STU0244,4.85,5.0,1.0,49.3,33.0,29.3,31.2,1.3,Only Before Exam,6.9,Actively Use,NaN,NaN,0.0,1.8,6.5,118.0,2.0,At-Risk
STU3871,8.18,0.0,0.0,98.7,87.7,73.2,95.9,6.5,Weekly,0.5,Keep Away,0.7,2.5,NaN,7.2,7.5,15.0,3.1,Good
STU1792,4.81,5.0,3.0,50.2,49.8,39.0,29.7,2.1,Never,4.1,silent,4.6,0.3,0.0,0.3,6.5,57.0,0.0,At-Risk
STU2237,6.27,1.0,1.0,64.8,79.0,57.8,54.3,2.7,Weekly,3.4,Actively Use,1.7,0.7,2.0,1.5,7.6,15.0,1.1,Average
STU7159,9.51,0.0,0.0,95.4,96.9,NaN,83.8,6.7,WEEKLY,0.7,Keep Away,0.7,2.3,4.0,6.3,7.7,17.0,5.4,Good
STU5699,9.29,0.0,0.0,99.2,97.4,94.6,93.2,7.8,Daily,1.4,Silent,0.5,2.2,5.0,4.5,7.0,15.0,4.4,Good
STU4446,8.01,0.0,0.0,87.2,86.2,83.8,NaN,6.2,Daily,1.8,Silent,0.9,1.6,4.0,NaN,8.8,6.0,3.5,Good
STU1643,9.94,0.0,NaN,85.8,93.6,86.4,73.3,6.1, Daily ,0.7,Silent,0.1,1.9,5.0,3.0,7.9,14.0,3.4,Good
STU1217,9.55,0.0,0.0,87.9,92.3,92.6,95.0,8.1,NaN,0.9, Keep Away ,NaN,1.3,6.0,4.3,7.2,10.0,4.1,Good
STU5779,5.84,2.0,2.0,73.2,84.2,61.2,57.9,3.4,MONTHLY,4.0,Silent,0.8,NaN,0.0,NaN,NaN,31.0,1.4,At-Risk
STU2332,4.88,5.0,1.0,53.6,29.0,44.2,49.8,NaN,Monthly,4.5,Actively Use,NaN,0.6,0.0,0.8,6.3,69.0,0.6,At-Risk
STU3522,4.44,5.0,3.0,45.0,NaN,40.6,39.4,1.8,Only Before Exam,6.9,Actively Use,3.6,0.2,0.0,1.8,4.9,116.0,1.9,At-Risk
STU6036,7.84,0.0,0.0,NaN,95.1,95.9,72.7,5.4,Daily,0.4,Keep Away,0.3,1.0,4.0,7.1,6.9,23.0,4.9,Good
STU1705,8.77,0.0,0.0,95.9,96.8,94.6,86.8,6.8,WEEKLY,1.1,Silent,0.6,1.3,4.0,5.7,7.8,20.0,4.8,Good
STU5311,7.74,0.0,0.0,94.9,99.5,90.0,92.2,NaN,Weekly,1.9,keep away,0.3,1.4,6.0,6.2,7.8,18.0,6.7,Good
STU2025,6.19,2.0,NaN,65.6,79.0,51.9,NaN,NaN,monthly,2.7,Keep Away,1.6,1.1,2.0,2.4,7.2,42.0,3.4,Average
STU5299,7.44,2.0,2.0,61.7,64.9,50.9,63.2,3.0,Monthly,1.8,Silent,1.1,NaN,0.0,NaN,6.1,36.0,NaN,At-Risk
STU2934,9.04,0.0,0.0,NaN,94.6,88.4,92.8,7.9,daily,0.3,Silent,0.6,NaN,5.0,3.6,8.2,18.0,4.9,Good
STU5199,6.36,2.0,2.0,58.2,62.7,61.7,58.1,-0.4,NaN,3.4,Keep Away,2.0,1.0,0.0,2.8,6.6,44.0,2.0,At-Risk
STU3783,NaN,0.0,0.0,82.5,95.4,NaN,85.6,5.4,daily,1.3,Silent,0.5,2.6,3.0,5.3,7.1,23.0,3.9,Good
STU5317,9.15,0.0,0.0,85.9,91.8,94.1,100.8,7.7,Daily,0.3,Silent,0.2,1.8,3.0,6.6,8.1,1.0,6.6,Good
STU2583,8.16,0.0,0.0,77.3,87.7,78.3,81.8,-0.7,Daily,0.7,Keep Away,NaN,NaN,3.0,NaN,8.8,12.0,6.0,Good
STU2749,3.61,5.0,2.0,54.4,41.5,36.0,33.5,0.1,monthly,7.6,silent,2.3,0.6,0.0,1.2,NaN,63.0,1.1,At-Risk
STU3548,3.65,2.0,1.0,50.4,49.1,50.1,28.3,NaN,Only Before Exam,6.1,ACTIVELY USE,3.0,0.7,0.0,1.4,4.6,50.0,1.5,At-Risk
STU5803,7.81,0.0,0.0,78.5,88.7,76.1,98.0,7.8,Daily,1.9,Silent,0.6,2.2,3.0,7.5,7.8,17.0,3.2,Good
STU3061,6.89,2.0,1.0,62.3,76.9,58.5,56.2,2.5,Monthly,NaN,Silent,1.4,1.3,1.0,3.4,7.9,18.0,NaN,Average
STU5895,6.66,1.0,1.0,64.2,65.3,66.7,52.1,2.9,Weekly,4.1,silent,1.6,0.9,0.0,3.8,7.7,46.0,1.2,At-Risk
STU4903,9.46,0.0,0.0,86.4,87.5,73.0,NaN,6.7,Weekly,1.3,Keep Away,1.0,2.7,4.0,3.9,8.1,21.0,4.9,Good
STU3350,3.49,4.0,2.0,53.5,39.0,26.8,42.5,1.7,Never,8.0,silent,4.1,NaN,0.0,0.6,5.5,89.0,0.3,At-Risk
STU6125,3.88,2.0,2.0,36.4,29.5,NaN,46.8,0.7,Only Before Exam,4.2,Actively Use,2.7,0.9,1.0,0.7,6.0,95.0,0.7,At-Risk
STU6089,7.01,2.0,2.0,65.1,72.0,53.6,62.6,3.6,Weekly,3.5,Keep Away,1.3,0.5,0.0,3.8,6.7,35.0,1.9,At-Risk
STU0961,4.71,2.0,2.0,30.2,26.2,24.7,37.2,1.5,Never,3.8,Silent,4.4,0.6,0.0,1.4,7.1,58.0,0.2,At-Risk
STU1802,7.72,0.0,0.0,95.3,94.3,80.2,78.8,4.5,Daily,-0.1,silent,0.5,1.2,6.0,4.0,8.7,30.0,5.3,Good
STU1391,9.83,0.0,0.0,90.9,86.0,95.2,77.7,4.8,Weekly,0.6,SILENT,0.6,2.1,6.0,5.5,8.4,26.0,4.3,Good
STU0061,9.85,0.0,NaN,81.0,87.1,92.8,88.7,7.8,weekly,0.4,KEEP AWAY,0.8,1.4,2.0,3.8,7.3,0.0,6.3,Good
STU0951,7.87,0.0,0.0,86.9,100.1,82.2,95.4,6.3,Daily,0.5,Keep Away,0.6,2.0,4.0,5.0,7.1,19.0,4.7,Good
STU0081,3.21,3.0,3.0,45.5,28.9,28.5,29.1,0.8,ONLY BEFORE EXAM,6.7,Silent,2.2,0.6,1.0,1.0,6.0,84.0,1.9,At-Risk
STU2554,5.2,2.0,2.0,32.2,23.2,27.0,48.7,-0.0,Never,5.9,Actively Use,3.4,0.6,1.0,0.4,4.8,106.0,0.9,At-Risk
STU1430,8.43,0.0,0.0,80.3,91.5,81.3,103.0,6.4,Daily,1.5,Keep Away,0.3,2.7,6.0,6.1,8.4,23.0,NaN,Good
STU0173,7.63,0.0,0.0,95.7,85.8,76.9,75.1,5.2,Weekly,1.6,Keep Away,0.5,1.4,6.0,7.4,8.8,13.0,NaN,Good
STU3553,4.65,5.0,5.0,52.1,20.8,35.8,48.5,2.1,Monthly,4.8,Actively Use,1.0,0.6,1.0,NaN,4.9,70.0,1.9,At-Risk
STU4783,6.57,1.0,1.0,70.7,63.4,50.5,66.2,3.6, Monthly ,3.0,keep away,1.5,NaN,1.0,NaN,6.5,42.0,NaN,At-Risk
STU7422,6.9,2.0,2.0,63.9,65.3,65.1,53.8,2.1,Monthly,2.7,Actively Use,1.5,1.2,NaN,1.2,7.3,55.0,1.1,At-Risk
STU5147,8.77,0.0,0.0,88.4,92.4,82.6,84.4,4.7,Daily,NaN,Keep Away,0.6,1.4,5.0,5.8,8.4,19.0,3.8,Good
STU5288,9.61,0.0,0.0,93.5,90.2,95.5,72.4,6.1,Weekly,0.1,Keep Away,0.8,2.0,6.0,7.1,8.5,10.0,4.9,Good
STU3017,8.91,0.0,0.0,88.4,95.1,68.4,77.6,7.9,Weekly,-0.0,Keep Away,NaN,NaN,5.0,NaN,8.0,12.0,6.8,Good
STU3325,3.17,4.0,2.0,31.0,55.9,19.6,40.8,NaN,ONLY BEFORE EXAM,5.9,Actively Use,3.9,0.7,1.0,0.9,5.0,49.0,1.9,At-Risk
STU0935,5.55,2.0,2.0,64.0,63.9,62.8,61.7,2.2, Weekly ,3.5,Actively Use,0.9,NaN,0.0,NaN,6.9,56.0,2.3,At-Risk
STU1978,8.32,0.0,0.0,90.7,NaN,72.9,81.6,5.4,daily,1.6,Keep Away,NaN,1.8,6.0,6.9,8.5,17.0,NaN,Good
STU5802,9.44,0.0,0.0,92.5,98.9,88.0,NaN,6.2, Daily ,1.0,Keep Away,0.2,2.6,4.0,NaN,7.9,11.0,3.3,Good
STU6309,9.96,0.0,0.0,93.4,99.4,71.6,85.7,7.0,Weekly,0.1, Silent ,0.8,2.3,3.0,7.9,7.2,24.0,5.5,Good
STU0876,7.59,0.0,0.0,74.8,96.4,76.8,93.5,5.7,Weekly,0.5, Keep Away ,0.5,2.4,4.0,4.4,7.0,7.0,NaN,Good
STU4359,3.36,3.0,1.0,40.5,53.0,22.8,23.7,0.4,NEVER,6.7,Actively Use,4.6,0.8,1.0,1.0,4.4,60.0,1.5,At-Risk
STU5260,6.87,1.0,1.0,67.6,71.0,NaN,54.2,NaN,Weekly,3.1, Silent ,1.7,0.9,2.0,2.6,6.8,52.0,3.5,Average
STU4713,6.91,1.0,1.0,54.0,81.1,62.8,59.0,NaN,Weekly,4.0,Keep Away,1.7,0.8,2.0,NaN,6.9,16.0,3.6,Average
STU0877,3.82,3.0,3.0,42.4,41.8,37.4,NaN,1.0,NaN,6.4,actively use,3.8,0.5,0.0,1.4,6.7,119.0,0.9,At-Risk
STU2574,8.77,0.0,0.0,82.8,101.2,91.7,88.8,7.8,WEEKLY,1.2,KEEP AWAY,0.3,1.2,2.0,5.7,8.8,9.0,6.5,Good
STU1321,8.94,0.0,0.0,98.4,94.2,81.0,70.1,6.6,Weekly,1.3,NaN,0.8,1.3,6.0,5.2,7.4,30.0,5.6,Good
STU1724,8.42,0.0,0.0,78.0,91.1,71.5,77.7,5.2,Daily,0.9,Keep Away,0.5,1.5,5.0,5.6,NaN,27.0,4.3,Good
STU2456,9.21,0.0,0.0,78.4,93.6,78.3,71.8,5.3, Daily ,0.2,Keep Away,0.6,2.3,4.0,3.7,7.0,21.0,6.2,Good
STU7063,6.31,2.0,2.0,60.6,72.0,55.0,58.5,2.6,Weekly,2.6,ACTIVELY USE,NaN,1.2,0.0,2.9,NaN,30.0,2.8,At-Risk
STU5592,7.83,0.0,0.0,94.9,85.2,69.1,89.9,7.0,daily,0.6,Keep Away,1.0,NaN,4.0,6.4,8.5,20.0,NaN,Good
STU3583,4.46,4.0,2.0,31.3,53.5,29.8,NaN,0.4,Never,7.6,Actively Use,3.6,0.4,1.0,1.2,5.0,111.0,0.9,At-Risk
STU7005,9.24,0.0,0.0,96.6,88.2,77.7,93.7,7.0,Weekly,0.2,Silent,0.9,NaN,6.0,4.5,7.5,11.0,6.9,Good
STU6299,6.89,2.0,2.0,64.7,62.4,50.9,59.4,4.3,Weekly,2.4,Actively Use,1.8,1.4,2.0,2.2,6.9,20.0,2.5,Average
STU6227,9.65,0.0,0.0,78.3,94.4,91.9,80.9,NaN,Daily,0.2, Keep Away ,0.3,2.4,6.0,NaN,7.3,24.0,7.0,Good
STU0543,7.71,0.0,0.0,96.4,NaN,97.5,92.3,7.1, Weekly ,NaN,Keep Away,0.8,2.7,2.0,7.0,8.2,5.0,3.9,Good
STU6501,7.8,0.0,0.0,89.4,83.8,86.6,NaN,6.8,Daily,1.4,Keep Away,0.8,NaN,2.0,7.7,8.3,9.0,6.6,Good
STU5863,NaN,2.0,2.0,57.2,80.2,52.8,59.3,2.9,MONTHLY,2.2,ACTIVELY USE,0.7,0.9,0.0,2.9,6.4,16.0,2.6,At-Risk
STU0894,3.71,2.0,1.0,33.5,17.7,30.6,41.9,0.5,Only Before Exam,5.8,Actively Use,4.6,NaN,1.0,0.8,5.1,117.0,0.9,At-Risk
STU4544,9.72,0.0,0.0,NaN,97.5,73.5,70.4,7.7,Daily,NaN,KEEP AWAY,0.8,2.8,3.0,7.9,7.2,11.0,NaN,Good
STU5770,9.73,0.0,0.0,82.3,99.5,86.1,78.3,6.4,Weekly,0.1,Silent,0.8,2.3,3.0,7.8,8.3,26.0,NaN,Good
STU6300,9.43,0.0,0.0,80.1,86.6,75.6,96.0,4.2,Weekly,1.5,Keep Away,0.4,2.4,4.0,7.4,7.9,22.0,3.9,Good
STU2967,7.9,0.0,0.0,80.3,92.9,87.2,80.3,6.9,Daily,1.1,KEEP AWAY,0.9,1.2,2.0,6.4,8.4,23.0,6.8,Good
STU6186,5.51,2.0,NaN,NaN,68.8,52.0,54.9,3.0,weekly,1.8,Actively Use,NaN,1.4,2.0,2.6,7.8,24.0,NaN,Average
STU7353,9.22,0.0,0.0,75.6,87.1,91.7,96.8,6.9,WEEKLY,1.1,SILENT,0.2,2.9,6.0,6.2,8.0,4.0,6.4,Good
STU3767,8.07,0.0,0.0,95.0,96.7,83.4,84.3,5.0,Weekly,1.3,Keep Away,0.6,1.4,4.0,7.0,NaN,5.0,3.2,Good
STU2014,4.45,5.0,2.0,34.9,61.2,30.3,51.6,2.0,monthly,7.0,Silent,1.1,0.5,0.0,0.2,6.7,56.0,1.6,At-Risk
STU7295,8.34,0.0,0.0,78.4,92.3,75.3,75.3,NaN,Weekly,1.1,Silent,0.6,NaN,2.0,3.3,7.9,5.0,6.1,Good
STU0068,8.56,0.0,0.0,92.2,97.3,96.3,83.1,4.4,Weekly,1.9,Keep Away,0.8,1.2,4.0,7.6,NaN,16.0,NaN,Good
STU6923,3.78,5.0,1.0,37.5,39.0,39.4,43.0,1.4,MONTHLY,8.4,actively use,4.2,NaN,0.0,0.7,5.9,54.0,1.4,At-Risk
STU3407,7.29,1.0,1.0,56.7,81.5,58.6,51.1,3.7,weekly,NaN,Silent,0.6,1.5,2.0,3.1,6.6,49.0,1.5,Average
STU1676,5.26,5.0,2.0,31.1,33.5,27.8,36.7,0.4,NEVER,7.2,Actively Use,4.3,0.7,0.0,0.9,6.9,119.0,1.7,At-Risk
STU5513,6.94,1.0,1.0,75.5,80.1,66.6,55.2,2.4,Monthly,2.3,Actively Use,NaN,1.3,2.0,3.0,6.0,44.0,2.0,At-Risk
STU5749,8.26,0.0,0.0,84.2,90.0,78.5,101.0,7.5,Weekly,1.3,keep away,NaN,1.0,6.0,3.6,7.6,NaN,5.6,Good
STU2864,9.36,0.0,0.0,98.5,92.4,NaN,NaN,5.0,weekly,0.2,Silent,0.8,2.6,3.0,5.1,7.4,16.0,3.5,Good
STU5788,9.32,0.0,0.0,79.4,90.8,75.4,94.1,4.7,weekly,1.4,Keep Away,0.7,1.3,5.0,5.8,8.1,23.0,5.4,Good
STU1491,8.23,0.0,0.0,95.7,90.7,89.0,75.2,6.4,Daily,0.5,Keep Away,0.5,2.6,3.0,6.8,7.9,20.0,5.8,Good
STU0946,NaN,0.0,0.0,82.1,NaN,94.8,80.8,7.7,DAILY,2.1,Silent,0.1,1.4,6.0,7.3,7.7,24.0,3.0,Good
STU3497,3.51,3.0,1.0,42.0,56.8,46.5,40.1,1.1,MONTHLY,3.8,Silent,2.8,0.1,0.0,1.6,4.8,77.0,1.5,At-Risk
STU1083,6.19,NaN,NaN,70.6,85.8,51.2,59.6,NaN, Weekly ,4.0,Actively Use,1.3,0.6,0.0,1.3,6.8,49.0,3.8,At-Risk
STU6873,8.33,0.0,0.0,78.0,94.6,89.9,79.2,7.8, Daily ,0.3,Keep Away,0.8,1.6,2.0,5.1,8.4,29.0,5.2,Good
STU6409,8.8,0.0,0.0,96.4,95.5,90.2,87.8,6.6,daily,1.0,Silent,0.6,2.0,6.0,NaN,8.3,6.0,4.5,Good
STU7097,6.29,1.0,1.0,73.5,60.0,53.4,53.6,2.3,Monthly,2.5,NaN,1.7,1.0,1.0,2.8,6.3,55.0,1.8,At-Risk
STU1078,4.07,4.0,2.0,39.3,36.5,33.9,40.2,1.5,Monthly,5.4,Actively Use,4.3,0.5,0.0,0.7,6.1,41.0,1.4,At-Risk
STU0369,8.54,0.0,0.0,74.7,90.9,NaN,72.6,7.7,WEEKLY,1.1,Keep Away,0.7,1.6,2.0,5.0,7.5,0.0,3.4,Good
STU0471,NaN,0.0,0.0,95.5,88.8,80.3,89.5,4.8,daily,-0.1,Keep Away,0.7,2.3,5.0,5.9,8.5,11.0,5.7,Good
STU6844,5.17,5.0,2.0,NaN,47.2,48.2,34.6,0.4,Never,6.2,Actively Use,4.6,0.4,NaN,0.5,6.9,100.0,1.5,At-Risk
STU4635,8.05,0.0,0.0,84.9,88.4,NaN,87.1,4.7,Daily,0.8,NaN,0.6,1.3,5.0,4.3,8.9,10.0,6.2,Good
STU5831,5.94,2.0,2.0,57.4,63.0,51.8,66.5,2.9,Monthly,3.2,Silent,1.7,1.4,0.0,1.4,6.5,30.0,NaN,At-Risk
STU1642,7.61,0.0,0.0,84.6,96.1,78.4,87.9,NaN, Weekly ,0.4,Keep Away,0.6,2.4,4.0,5.3,7.8,28.0,5.5,Good
STU2040,9.11,0.0,0.0,92.2,89.0,94.8,94.7,4.5,Daily,1.8,NaN,0.4,NaN,2.0,7.1,8.0,15.0,4.6,Good
STU2520,9.67,0.0,0.0,75.7,97.3,86.5,95.6,6.1,Daily,0.8,Silent,0.1,2.3,4.0,4.4,7.1,22.0,3.3,Good
STU0563,4.19,5.0,1.0,55.3,43.1,23.3,51.7,0.7,Never,NaN,silent,3.2,0.3,1.0,0.2,3.8,79.0,0.9,At-Risk
STU6430,7.98,0.0,0.0,NaN,95.2,87.9,NaN,6.5,daily,0.8,Silent,0.7,1.2,6.0,7.6,NaN,7.0,5.9,Good
STU1674,7.91,0.0,0.0,83.6,94.9,84.1,90.0,5.9,Weekly,0.4,Keep Away,0.8,1.2,6.0,5.6,7.3,4.0,3.3,Good
STU1450,9.45,NaN,0.0,80.1,NaN,98.9,96.3,7.0,Daily,0.9,Keep Away,1.0,1.8,2.0,6.2,7.2,29.0,6.9,Good
STU2552,5.95,2.0,1.0,71.0,83.6,63.6,63.4,NaN,Weekly,1.8,Silent,0.8,1.1,0.0,1.5,7.8,26.0,1.6,Average
STU1018,7.67,0.0,0.0,76.8,100.0,92.7,79.0,4.5,Daily,1.4,Keep Away,0.5,3.0,6.0,7.9,8.3,1.0,4.8,Good
STU6106,9.58,0.0,0.0,92.3,97.4,97.9,93.8,6.9,Daily,0.3,silent,0.1,1.2,4.0,6.7,7.2,15.0,NaN,Good
STU2845,6.28,1.0,1.0,NaN,82.2,60.0,53.1,3.9,NaN,NaN,Actively Use,NaN,0.9,1.0,NaN,6.2,34.0,1.4,At-Risk
STU6816,7.46,1.0,1.0,70.7,83.1,62.6,71.2,3.6,Monthly,2.1,Actively Use,NaN,0.8,1.0,1.1,6.9,NaN,1.4,At-Risk
STU0700,4.49,2.0,2.0,32.9,44.7,22.4,51.0,1.6,Only Before Exam,6.7,Actively Use,3.8,0.6,0.0,0.9,6.7,62.0,NaN,At-Risk
STU1299,8.66,0.0,0.0,91.1,99.1,93.0,94.7,6.0,Daily,0.5,NaN,0.6,1.2,4.0,4.4,7.3,24.0,4.6,Good
STU3817,4.07,3.0,3.0,46.4,43.6,36.4,NaN,1.4,Only Before Exam,7.2,actively use,2.7,0.6,0.0,0.2,4.4,44.0,1.0,At-Risk
STU1364,7.64,0.0,0.0,89.8,88.8,94.6,80.9,5.0,Daily,1.6,Silent,0.4,NaN,2.0,5.0,8.3,13.0,4.0,Good
STU6013,8.54,0.0,0.0,90.8,98.8,71.6,89.5,4.9,Daily,1.7,Keep Away,0.3,2.4,2.0,3.8,8.7,17.0,3.0,Good
STU6167,9.64,0.0,0.0,79.9,89.4,70.1,93.9,4.2, Daily ,2.0,Silent,0.6,2.4,3.0,6.6,7.6,11.0,6.2,Good
STU1380,4.23,3.0,2.0,30.5,28.1,34.2,23.8,1.8,Only Before Exam,7.9,Actively Use,2.3,0.6,1.0,1.1,6.3,75.0,1.3,At-Risk
STU6407,7.92,0.0,0.0,87.8,89.0,77.6,88.7,6.9,Daily,0.6,Keep Away,0.8,2.7,6.0,7.6,8.2,30.0,3.9,Good
STU6043,7.37,2.0,2.0,72.0,82.7,59.9,64.4,3.1,Monthly,3.0,KEEP AWAY,1.7,1.1,0.0,1.2,6.7,53.0,2.9,At-Risk
STU2831,7.96,0.0,0.0,84.5,95.8,89.5,97.6,7.7,Daily,0.2,Keep Away,NaN,1.8,3.0,5.6,8.1,4.0,3.5,Good
STU4766,6.58,1.0,1.0,67.2,82.1,62.6,64.6,2.3,Weekly,2.6,KEEP AWAY,1.8,1.3,1.0,3.0,7.1,40.0,1.1,Average
STU0979,4.56,3.0,3.0,44.4,46.3,27.7,NaN,0.9,NaN,4.6,Actively Use,4.9,0.8,0.0,0.3,4.2,73.0,0.1,At-Risk
STU0153,6.79,2.0,1.0,NaN,62.7,70.3,67.6,2.6,Weekly,NaN,Silent,1.4,1.1,1.0,3.2,7.6,19.0,3.0,Average
STU5424,8.71,0.0,0.0,91.4,NaN,90.3,70.8,6.7,Weekly,NaN,KEEP AWAY,0.5,1.3,4.0,4.4,7.6,12.0,3.9,Good
STU6929,5.81,1.0,1.0,59.9,71.3,69.9,52.6,3.5,Monthly,2.5,Actively Use,1.5,1.0,1.0,3.2,7.7,33.0,2.0,At-Risk
STU6047,9.62,0.0,0.0,86.1,82.3,80.4,87.0,5.8,Daily,0.4,Keep Away,1.0,2.1,4.0,6.5,8.2,15.0,NaN,Good
STU0101,4.9,3.0,2.0,28.0,21.2,28.7,35.6,1.6,NaN,6.7,Actively Use,2.8,0.3,1.0,2.0,5.2,96.0,0.9,At-Risk
STU6447,7.01,1.0,1.0,62.4,83.2,67.6,52.3,2.8,Monthly,2.7,Keep Away,1.0,1.2,1.0,3.7,7.1,NaN,3.3,Average
STU4054,7.27,2.0,2.0,70.6,80.8,63.7,58.7,3.9,Monthly,3.2,Silent,NaN,0.5,2.0,2.1,7.6,56.0,2.9,At-Risk
STU0229,5.48,5.0,NaN,43.1,58.8,23.7,30.1,0.3,monthly,4.2,actively use,1.6,NaN,0.0,1.6,5.6,89.0,0.3,At-Risk
STU2791,4.65,5.0,1.0,32.9,20.5,26.0,29.8,0.8,never,7.1,Actively Use,2.3,0.4,1.0,NaN,NaN,59.0,1.9,At-Risk
STU1527,4.17,5.0,3.0,34.4,56.1,45.3,NaN,1.9,Monthly,6.6,Actively Use,1.6,0.2,0.0,1.4,6.4,46.0,0.5,At-Risk
STU1443,9.57,0.0,0.0,78.0,87.8,94.3,71.0,5.0,Daily,1.0,Keep Away,0.6,2.6,4.0,5.5,7.9,9.0,5.9,Good
STU3509,7.07,2.0,2.0,60.7,NaN,68.6,63.6,4.0,Weekly,2.6,Actively Use,1.3,0.5,2.0,1.4,NaN,24.0,2.7,At-Risk
STU6970,5.69,1.0,1.0,74.1,73.6,51.0,50.9,2.6,Weekly,2.1,Silent,1.4,NaN,1.0,3.5,NaN,56.0,1.8,Average
STU1954,7.83,0.0,0.0,82.8,85.7,90.7,98.5,7.4,Weekly,2.1,Keep Away,0.8,2.7,2.0,NaN,8.0,1.0,4.6,Good
STU6095,8.7,0.0,0.0,88.0,90.2,98.4,97.8,7.8,NaN,2.0, Keep Away ,0.9,NaN,6.0,NaN,7.3,23.0,6.5,Good
STU7131,8.02,0.0,0.0,79.1,98.6,67.7,97.7,4.0,Weekly,0.3,silent,0.9,1.5,4.0,NaN,8.7,27.0,5.2,Good
STU1584,3.57,5.0,4.0,35.5,34.4,46.4,34.1,0.4, Only Before Exam ,3.2,Actively Use,1.3,0.8,1.0,0.9,6.2,51.0,1.4,At-Risk
STU1900,9.21,0.0,0.0,98.9,96.0,92.4,NaN,5.5,Daily,1.8,KEEP AWAY,0.9,1.9,6.0,3.0,8.6,27.0,4.1,Good
STU4337,5.92,2.0,1.0,57.7,62.0,59.1,52.5,2.2,Monthly,3.9,Actively Use,1.6,1.0,0.0,3.2,7.2,37.0,1.5,At-Risk
STU3951,4.37,4.0,3.0,54.9,53.4,28.0,21.1,1.5,Monthly,5.7,Silent,1.1,0.9,0.0,0.9,4.8,90.0,1.0,At-Risk
STU1131,7.66,0.0,0.0,84.2,95.2,87.7,82.2,NaN,WEEKLY,NaN,Silent,0.5,2.9,2.0,7.3,7.3,1.0,3.1,Good
STU0131,3.88,5.0,4.0,34.4,52.4,26.6,42.6,0.8,Never,6.4,Actively Use,1.4,0.6,1.0,0.9,5.8,81.0,0.3,At-Risk
STU4203,7.04,2.0,1.0,58.1,71.4,59.0,55.1,4.0,Monthly,2.7,Actively Use,1.6,1.5,0.0,1.5,6.0,NaN,1.9,At-Risk
STU1405,3.82,2.0,2.0,38.0,56.6,20.9,42.1,1.8,Only Before Exam,6.2,NaN,5.0,0.7,0.0,NaN,6.4,112.0,0.6,At-Risk
STU0494,7.47,1.0,1.0,67.5,65.4,60.5,53.7,3.6,Weekly,2.3,Silent,1.5,0.7,0.0,NaN,7.7,36.0,3.0,Average
STU2922,6.43,1.0,1.0,56.5,65.6,57.4,52.7,2.0,Monthly,3.3,Keep Away,1.4,0.8,0.0,3.3,7.7,44.0,2.5,At-Risk
STU5268,8.8,0.0,0.0,87.0,86.8,87.6,89.7,NaN,Daily,1.7,Keep Away,0.9,1.3,2.0,NaN,8.8,14.0,4.9,Good
STU6088,6.95,1.0,1.0,63.0,NaN,54.5,52.7,3.2,Weekly,3.7,Keep Away,NaN,1.0,NaN,NaN,6.5,56.0,3.4,Average
STU5461,9.93,0.0,0.0,89.5,93.4,87.4,80.4,5.3,DAILY,0.3,Keep Away,0.5,1.3,6.0,5.8,8.4,30.0,4.8,Good
STU1599,4.31,5.0,3.0,30.3,NaN,32.4,44.8,0.7,Never,7.1,Actively Use,5.0,NaN,1.0,1.6,6.4,78.0,1.1,At-Risk
STU3203,5.57,1.0,1.0,59.5,80.5,70.8,67.3,2.7,Monthly,2.3,Silent,1.4,1.1,0.0,2.3,7.6,48.0,3.2,Average
STU4849,9.12,0.0,0.0,75.9,93.4,74.5,96.3,5.8,Daily,0.3,Silent,0.0,1.7,6.0,NaN,12.3,26.0,6.2,Good
STU2259,4.11,2.0,2.0,40.3,49.9,34.4,25.9,0.5,Monthly,NaN,Actively Use,4.5,0.6,0.0,1.1,5.6,70.0,1.3,At-Risk
STU4944,8.38,0.0,0.0,82.7,91.3,75.8,71.8,5.4,Daily,0.2, Keep Away ,0.5,1.1,3.0,5.2,8.9,25.0,4.4,Good
STU2942,6.92,2.0,1.0,57.9,81.4,60.9,67.0,3.7,MONTHLY,2.6,Actively Use,1.1,0.6,1.0,3.3,7.0,59.0,3.8,At-Risk
STU4010,3.12,2.0,1.0,35.9,53.1,16.9,43.9,1.6,ONLY BEFORE EXAM,4.9,Actively Use,2.4,0.2,0.0,0.1,6.2,104.0,NaN,At-Risk
STU1103,6.38,1.0,1.0,59.6,70.8,66.7,52.9,2.4,Weekly,1.9,Silent,1.1,1.3,2.0,NaN,7.5,17.0,3.8,Average
STU7310,9.65,0.0,0.0,94.8,NaN,79.0,93.2,7.4,Daily,1.0,Silent,0.0,1.5,6.0,6.7,7.7,15.0,5.5,Good
STU5660,8.52,0.0,0.0,95.7,97.0,72.6,68.9,5.7,Daily,1.3,Keep Away,0.7,2.7,5.0,NaN,8.3,7.0,NaN,Good
STU0058,5.32,2.0,2.0,45.2,41.1,29.0,42.3,0.4,Never,4.8,Actively Use,2.7,0.5,1.0,0.5,NaN,73.0,1.2,At-Risk
STU6595,4.64,3.0,1.0,34.7,25.3,27.8,43.1,0.1,NaN,3.9,Silent,NaN,0.0,1.0,1.6,4.6,85.0,1.5,At-Risk
STU7096,5.8,2.0,1.0,59.7,65.6,67.4,NaN,2.5,MONTHLY,3.0,Silent,1.5,0.5,0.0,3.7,7.1,32.0,NaN,At-Risk
STU7212,9.24,0.0,0.0,98.6,90.6,93.1,98.9,4.6,Weekly,0.5,NaN,0.6,2.0,2.0,4.5,8.8,27.0,6.4,Good
STU6302,7.65,0.0,0.0,90.9,96.8,86.3,75.9,5.0,WEEKLY,0.8,silent,0.7,1.1,2.0,5.7,7.2,7.0,4.6,Good
STU6351,NaN,2.0,1.0,68.6,62.4,52.9,49.9,4.0,Weekly,3.8,Actively Use,1.3,0.9,0.0,1.7,7.2,53.0,3.1,Average
STU3728,9.94,0.0,0.0,76.5,90.4,80.2,88.1,5.7,Weekly,0.6,Silent,0.3,1.4,3.0,6.9,7.3,3.0,6.1,Good
STU2568,7.37,1.0,1.0,62.2,71.1,NaN,62.9,3.1,MONTHLY,3.6,Actively Use,1.9,0.6,1.0,1.8,7.9,45.0,1.5,At-Risk
STU7081,9.46,0.0,0.0,82.0,83.0,75.6,82.6,5.1,Daily,NaN,KEEP AWAY,0.8,1.5,2.0,4.3,8.2,12.0,6.0,Good
STU1403,8.78,0.0,0.0,77.1,92.3,73.5,70.7,6.0,Daily,1.2,Keep Away,0.0,NaN,5.0,7.2,8.4,24.0,3.5,Good
STU3535,3.71,4.0,1.0,40.9,45.2,45.3,25.9,1.3,ONLY BEFORE EXAM,NaN,Actively Use,2.7,0.3,0.0,1.4,NaN,52.0,0.8,At-Risk
STU2519,7.75,NaN,0.0,79.8,87.5,78.0,92.9,6.3,Daily,NaN,silent,0.1,2.0,3.0,4.6,8.7,30.0,5.8,Good
STU5580,7.98,0.0,NaN,87.6,88.6,83.5,71.0,6.2,Daily,1.7,Keep Away,0.0,1.4,5.0,4.6,7.6,27.0,3.2,Good
STU7143,8.12,0.0,0.0,97.3,87.8,98.2,74.4,4.5,Weekly,0.3,Silent,0.3,2.7,3.0,NaN,7.4,NaN,3.9,Good
STU7038,8.46,0.0,0.0,89.9,99.8,86.2,75.0,6.7,Daily,0.4,Silent,1.0,NaN,6.0,NaN,8.2,20.0,5.3,Good
STU3523,8.5,0.0,0.0,80.2,96.7,89.5,95.4,4.3,DAILY,1.7,Keep Away,0.6,1.9,2.0,7.6,8.3,17.0,3.5,Good
STU3200,8.6,0.0,0.0,72.8,83.9,80.7,70.0,5.4,NaN,0.3,Keep Away,0.0,2.3,6.0,7.5,7.8,22.0,6.3,Good
STU3574,5.76,2.0,1.0,58.5,NaN,48.0,NaN,3.4,weekly,3.0,Actively Use,1.0,NaN,0.0,3.8,7.5,58.0,2.0,At-Risk
STU2334,5.03,5.0,2.0,38.3,22.5,25.5,41.6,0.7,Never,6.5,SILENT,3.8,0.3,0.0,0.9,5.3,62.0,1.9,At-Risk
STU2653,9.44,0.0,0.0,NaN,96.9,80.4,86.9,6.6, Daily ,0.1, Silent ,0.3,2.3,3.0,6.3,7.8,11.0,6.2,Good
STU3438,7.04,2.0,1.0,60.8,64.0,60.4,69.7,2.7,Monthly,2.2,Silent,1.9,0.9,1.0,3.1,7.7,25.0,3.5,Average
STU0042,8.19,0.0,0.0,78.0,92.5,82.9,89.3,NaN,Weekly,2.0,keep away,1.0,2.4,5.0,5.7,7.6,25.0,6.3,Good
STU3747,8.43,0.0,0.0,90.4,94.3,73.8,80.6,4.9,daily,1.6,KEEP AWAY,NaN,NaN,5.0,3.5,7.4,9.0,NaN,Good
STU0839,4.12,5.0,1.0,50.8,39.9,27.7,29.1,-0.0,Only Before Exam,6.0,actively use,1.9,0.1,0.0,NaN,5.9,111.0,NaN,At-Risk
STU7121,8.07,0.0,0.0,98.0,90.5,78.0,87.6,6.8,Weekly,1.8,Keep Away,0.7,NaN,6.0,7.9,8.4,19.0,4.0,Good
STU4283,3.94,5.0,3.0,46.8,55.3,47.9,42.7,1.5,Only Before Exam,5.5,Actively Use,1.4,0.7,0.0,0.3,4.6,57.0,1.4,At-Risk
STU4038,6.24,1.0,1.0,64.3,73.9,57.1,67.7,2.4,MONTHLY,3.6,Actively Use,1.0,0.7,0.0,NaN,6.6,36.0,3.5,At-Risk
STU1730,8.51,0.0,0.0,87.3,101.3,84.4,76.4,6.9,Daily,1.0,Keep Away,0.2,2.2,4.0,7.6,8.6,2.0,5.3,Good
STU0588,9.83,0.0,0.0,83.0,94.2,65.2,72.7,6.0,DAILY,1.7,Keep Away,0.5,2.9,4.0,5.4,8.0,1.0,NaN,Good
STU6297,8.15,0.0,0.0,89.9,92.4,82.5,85.2,7.8,Weekly,0.2,Silent,0.1,NaN,4.0,6.0,7.1,25.0,4.8,Good
STU5389,8.0,0.0,0.0,88.1,89.7,94.3,71.2,6.4,Daily,0.2,Keep Away,0.2,NaN,6.0,3.2,7.5,28.0,3.5,Good
STU3416,5.74,1.0,1.0,54.9,65.9,56.4,53.5,3.6,Monthly,2.6,Keep Away,1.2,0.8,2.0,2.5,7.4,53.0,3.7,Average
STU7145,6.84,1.0,1.0,74.6,72.5,NaN,52.2,2.6,Monthly,3.2,actively use,NaN,0.7,2.0,3.2,6.5,22.0,1.9,At-Risk
STU3674,8.48,0.0,0.0,81.8,94.5,71.4,95.9,5.6,Daily,1.1,Keep Away,0.7,2.3,4.0,NaN,8.8,24.0,6.9,Good
STU2556,7.4,1.0,1.0,54.8,84.2,66.7,61.7,3.8,Monthly,2.4,ACTIVELY USE,0.8,0.8,2.0,1.7,6.9,33.0,2.7,At-Risk
STU2606,7.84,0.0,0.0,90.7,NaN,92.3,86.1,7.5,Weekly,1.2,Keep Away,0.4,1.5,4.0,3.5,8.1,14.0,4.3,Good
STU7328,7.24,1.0,1.0,65.3,82.3,66.8,49.9,3.9,MONTHLY,3.5,NaN,1.5,1.2,2.0,1.7,5.8,43.0,1.7,Average
STU2247,6.62,1.0,1.0,59.2,63.9,64.5,59.4,3.5,WEEKLY,2.8, Silent ,0.9,NaN,0.0,2.7,6.4,31.0,NaN,Average
STU3154,8.3,0.0,0.0,96.4,NaN,87.6,68.3,7.9,Weekly,1.4,Keep Away,0.6,1.1,6.0,3.4,8.2,19.0,4.1,Good
STU1765,9.67,0.0,0.0,113.3,NaN,NaN,NaN,4.8,Weekly,2.1,Silent,NaN,1.1,3.0,NaN,7.9,29.0,4.2,Good
STU0714,7.67,0.0,0.0,89.1,95.2,95.9,75.0,7.5,NaN,1.3,Keep Away,0.9,2.0,3.0,5.7,8.8,10.0,6.6,Good
STU4901,NaN,0.0,0.0,91.8,90.6,83.5,92.6,NaN,Weekly,NaN,KEEP AWAY,0.3,2.5,6.0,6.4,8.0,24.0,4.7,Good
STU0196,4.88,4.0,3.0,30.2,24.6,30.8,45.6,1.1,never,6.4,Actively Use,2.4,0.6,1.0,0.0,5.9,109.0,1.8,At-Risk
STU1874,3.57,5.0,1.0,42.8,50.3,25.5,41.3,0.9,Never,6.9,Actively Use,1.1,0.7,1.0,NaN,6.6,58.0,1.4,At-Risk
STU2017,8.57,0.0,0.0,77.9,NaN,82.2,87.9,5.8,Weekly,-0.0,Keep Away,1.0,2.6,4.0,3.7,9.1,15.0,5.9,Good
STU3024,8.22,0.0,0.0,76.5,86.0,96.3,83.9,5.7,Daily,-0.1,Silent,0.1,2.3,6.0,5.9,8.3,9.0,3.4,Good
STU1091,8.18,0.0,0.0,80.8,96.2,90.9,77.8,3.6,Daily,0.7,Keep Away,1.0,2.4,6.0,5.0,7.5,NaN,NaN,Good
STU1448,4.99,5.0,1.0,53.3,48.9,NaN,41.4,0.5,monthly,NaN,silent,2.3,0.0,0.0,1.4,5.0,105.0,1.6,At-Risk
STU5101,6.25,NaN,2.0,68.7,70.9,51.7,62.9,3.4,Weekly,2.8,Keep Away,0.8,1.1,0.0,1.8,6.9,29.0,NaN,Average
STU5295,8.3,0.0,0.0,93.7,99.5,99.4,92.6,7.6,Weekly,1.9,keep away,NaN,1.3,2.0,3.3,7.9,8.0,6.8,Good
STU1645,4.92,5.0,4.0,48.4,39.4,32.4,33.8,0.9,monthly,5.1,Actively Use,3.0,0.5,0.0,1.4,6.1,44.0,0.8,At-Risk
STU3250,9.83,0.0,0.0,84.1,89.8,NaN,94.6,6.0,Weekly,1.9,Keep Away,0.2,2.8,2.0,6.8,7.7,26.0,6.2,Good
STU3717,4.07,4.0,3.0,40.1,56.1,29.9,NaN,0.0,Never,6.5,Silent,NaN,1.0,1.0,1.4,4.6,113.0,0.2,At-Risk
STU2236,8.2,0.0,0.0,85.8,99.8,71.0,94.7,4.6,Weekly,0.2,Silent,0.1,3.0,5.0,3.9,8.8,7.0,7.0,Good
STU2927,8.66,0.0,0.0,92.3,87.7,77.2,88.3,5.0, Daily ,0.8,Keep Away,0.1,2.4,3.0,NaN,8.3,22.0,4.1,Good
STU7129,9.8,0.0,0.0,89.6,85.2,NaN,96.1,6.5,DAILY,1.8,keep away,0.1,1.9,4.0,NaN,8.7,24.0,NaN,Good
STU0475,3.37,5.0,1.0,43.8,28.9,24.0,41.0,1.5,Never,6.8,Actively Use,2.2,0.4,0.0,0.8,7.0,84.0,0.6,At-Risk
STU0398,8.85,0.0,0.0,101.1,97.7,73.6,90.7,5.2,Daily,0.0,Keep Away,0.4,1.5,2.0,7.1,7.7,9.0,NaN,Good
STU5449,7.6,0.0,0.0,75.8,92.7,87.6,93.6,6.9,Weekly,1.8,Silent,0.6,NaN,4.0,3.4,8.0,7.0,5.8,Good
STU2681,8.64,0.0,0.0,89.9,95.7,80.7,99.3,6.1,DAILY,0.6,Silent,0.8,1.7,6.0,7.1,7.1,6.0,4.3,Good
STU0370,3.45,3.0,3.0,50.1,NaN,37.0,36.3,2.0,Only Before Exam,3.5,Actively Use,2.1,0.3,0.0,NaN,6.7,73.0,0.5,At-Risk
STU2776,7.9,0.0,0.0,73.6,89.6,96.9,85.9,NaN,Daily,NaN,NaN,0.5,2.7,3.0,4.6,9.1,23.0,3.3,Good
STU5757,7.67,0.0,0.0,80.7,82.0,94.1,91.0,6.5,Daily,0.4,Keep Away,0.7,1.7,2.0,NaN,7.5,NaN,3.9,Good
STU6909,7.53,0.0,0.0,88.9,87.5,86.8,67.8,NaN,Weekly,1.3,Keep Away,0.8,2.5,4.0,5.0,7.9,17.0,NaN,Good
STU4547,NaN,0.0,0.0,82.4,86.3,96.8,96.7,6.4,Weekly,1.1,Silent,0.2,2.6,3.0,3.0,7.8,12.0,6.4,Good
STU3764,9.05,0.0,0.0,84.1,90.3,84.5,71.8,7.9,daily,NaN,Keep Away,0.2,2.3,6.0,6.6,8.4,20.0,4.5,Good
STU5066,6.31,2.0,1.0,66.6,63.3,59.3,54.6,3.4,Weekly,3.5,Keep Away,0.7,0.7,0.0,2.8,6.9,58.0,3.2,Average
STU5052,6.91,1.0,1.0,61.3,77.2,58.2,59.2,2.6,Monthly,2.6,ACTIVELY USE,1.0,0.8,2.0,2.9,6.8,46.0,1.6,At-Risk
STU3113,5.32,5.0,3.0,47.1,51.5,NaN,44.8,0.6,Only Before Exam,4.4,Silent,2.9,0.8,0.0,1.7,6.4,56.0,1.2,At-Risk
STU1766,3.39,2.0,NaN,54.6,23.7,27.6,27.9,0.5,ONLY BEFORE EXAM,5.3,Silent,1.0,0.3,1.0,1.9,5.0,71.0,0.7,At-Risk
STU0717,4.01,4.0,1.0,51.1,52.0,36.2,35.8,1.0,Only Before Exam,5.5,Silent,3.6,0.4,0.0,NaN,6.6,48.0,NaN,At-Risk
STU2800,4.3,4.0,4.0,32.3,25.4,36.5,28.1,0.5,Never,3.0,NaN,NaN,0.6,1.0,0.3,5.8,50.0,NaN,At-Risk
STU3449,8.26,0.0,0.0,90.8,99.6,72.0,75.9,4.6,Daily,0.9,Keep Away,0.0,2.0,4.0,7.6,6.8,23.0,4.5,Good
STU2367,7.26,1.0,1.0,60.7,60.7,53.8,61.9,4.2,WEEKLY,1.7,Keep Away,NaN,NaN,2.0,2.7,6.7,15.0,1.9,Average
STU3688,5.44,3.0,2.0,31.2,34.7,NaN,20.9,0.4,NEVER,4.2,Actively Use,2.7,0.1,0.0,1.0,6.8,95.0,1.5,At-Risk
STU4192,7.24,2.0,NaN,65.5,85.0,61.5,58.6,4.0, Weekly ,3.1,Keep Away,1.3,0.7,0.0,3.8,6.5,28.0,1.6,At-Risk
STU4349,8.41,0.0,0.0,92.3,94.2,72.6,97.8,4.8,NaN,0.2,Keep Away,0.7,NaN,3.0,NaN,7.7,29.0,6.4,Good
STU6609,5.59,2.0,1.0,53.6,62.0,56.5,66.5,2.9,Weekly,3.1,Silent,0.7,1.4,0.0,2.5,6.1,40.0,2.6,Average
STU6644,8.37,0.0,0.0,88.9,86.6,98.5,84.6,5.1,Daily,0.8,KEEP AWAY,NaN,NaN,6.0,NaN,7.1,17.0,5.6,Good
STU1239,8.76,0.0,0.0,92.1,96.5,93.6,77.0,6.1,weekly,0.2,Keep Away,0.7,2.5,6.0,3.2,8.4,7.0,4.7,Good
STU6778,6.65,1.0,1.0,NaN,73.2,57.9,67.7,3.5,Weekly,4.0,Silent,NaN,0.5,2.0,3.0,7.6,56.0,3.8,Average
STU5626,9.84,0.0,0.0,83.1,87.4,69.0,71.7,7.8,Weekly,1.9,Keep Away,NaN,1.7,2.0,6.3,7.4,20.0,5.4,Good
STU6673,3.22,3.0,NaN,52.4,49.8,21.4,23.7,0.3,Never,7.3,Silent,2.9,0.3,1.0,0.5,5.5,57.0,0.2,At-Risk
STU6360,7.59,0.0,0.0,88.1,101.1,98.8,NaN,5.8, Weekly ,-0.0,Silent,0.8,1.2,3.0,NaN,9.0,28.0,6.7,Good
STU6272,9.55,0.0,0.0,99.1,97.2,NaN,75.3,4.8,Daily,1.3,KEEP AWAY,0.0,2.9,4.0,NaN,7.6,21.0,6.6,Good
STU1837,9.2,0.0,0.0,NaN,100.9,89.9,84.4,4.6,Weekly,0.9,SILENT,0.6,2.5,5.0,6.2,8.3,21.0,4.7,Good
STU5405,6.55,2.0,1.0,65.6,76.9,69.0,50.1,2.2,Weekly,3.7,Keep Away,1.2,1.1,2.0,3.3,7.3,20.0,2.9,Average
STU6330,5.54,2.0,1.0,57.5,79.9,65.1,57.9,3.2,weekly,3.0,Silent,1.7,0.7,1.0,1.5,NaN,50.0,1.7,At-Risk
STU0161,4.74,5.0,3.0,NaN,45.2,33.8,43.7,0.4,Monthly,5.6,SILENT,2.9,0.6,1.0,0.1,5.6,76.0,1.1,At-Risk
STU4934,7.85,0.0,0.0,92.8,101.6,75.8,71.1,7.3,Daily,NaN,Keep Away,0.7,1.9,6.0,5.1,7.6,5.0,5.3,Good
STU1972,8.65,NaN,0.0,90.5,90.0,95.9,79.3,5.5,Weekly,1.7,Keep Away,0.5,1.8,4.0,NaN,12.6,NaN,6.9,Good
STU6195,8.07,NaN,0.0,98.9,91.8,72.5,69.6,7.2,Weekly,1.7,NaN,NaN,1.5,6.0,7.8,8.5,24.0,3.7,Good
STU6222,9.54,0.0,0.0,85.2,89.7,NaN,92.5,5.6,Weekly,1.4,Keep Away,0.7,1.8,3.0,7.8,7.1,19.0,4.5,Good
STU6564,5.66,2.0,1.0,54.5,62.0,52.8,51.5,1.8, Monthly ,3.6,keep away,1.9,1.4,2.0,1.8,6.4,NaN,1.1,Average
STU0450,6.64,2.0,2.0,72.0,61.1,65.6,64.7,3.3,Monthly,3.4,Keep Away,1.1,NaN,1.0,2.4,6.8,NaN,3.6,At-Risk
STU1381,7.5,0.0,0.0,97.2,93.0,82.5,96.0,7.5,Daily,0.8,Keep Away,0.6,NaN,4.0,4.5,7.6,11.0,3.7,Good
STU2324,7.5,2.0,1.0,64.0,NaN,59.7,54.9,3.5,Monthly,4.2,Keep Away,NaN,0.8,2.0,1.9,6.1,34.0,1.9,Average
STU7337,9.38,0.0,0.0,88.6,89.3,87.1,94.1,6.2,Daily,1.5,Keep Away,0.3,NaN,3.0,5.7,7.3,NaN,3.7,Good
STU2588,5.89,2.0,1.0,71.4,65.2,53.0,61.0,2.9,weekly,2.3,Keep Away,1.0,1.4,1.0,NaN,6.2,27.0,4.0,Average
STU4771,NaN,0.0,0.0,75.2,98.9,85.6,76.5,5.5,Daily,0.5,keep away,0.5,1.2,4.0,5.4,7.7,24.0,6.0,Good
STU4913,7.24,1.0,1.0,65.0,71.2,52.9,62.7,2.4,Monthly,3.7,Silent,0.8,0.9,1.0,1.3,7.2,19.0,NaN,Average
STU1110,9.83,0.0,0.0,89.7,87.7,84.8,75.6,6.5,Weekly,0.7,Silent,0.1,1.4,6.0,NaN,8.8,6.0,5.3,Good
STU6687,8.31,0.0,0.0,82.3,97.0,91.7,79.7,5.1,Weekly,0.5,Keep Away,0.9,2.4,5.0,6.0,8.5,12.0,6.7,Good
STU3211,9.64,0.0,0.0,90.8,89.7,80.6,86.8,5.4,weekly,1.1,Silent,0.9,1.7,4.0,4.7,8.8,NaN,4.3,Good
STU4703,9.81,0.0,0.0,72.3,NaN,NaN,95.2,4.4,Daily,1.3,Silent,NaN,1.2,3.0,3.2,8.7,5.0,5.6,Good
STU0164,4.61,3.0,1.0,40.4,45.6,44.9,23.7,1.1,Never,7.1,Silent,2.5,0.6,0.0,1.2,4.7,74.0,0.7,At-Risk
STU0445,8.6,0.0,0.0,87.9,89.2,80.3,72.2,5.2,daily,2.0,Keep Away,0.9,1.7,4.0,5.9,8.7,14.0,3.0,Good
STU0641,5.34,2.0,2.0,43.6,43.4,36.2,18.1,1.7,Never,6.7,Silent,2.2,0.3,0.0,1.7,4.1,71.0,NaN,At-Risk
STU3813,7.97,0.0,0.0,89.0,95.5,82.7,91.0,6.7,Weekly,0.6,Keep Away,0.1,1.0,5.0,4.8,7.3,11.0,6.1,Good
STU1154,7.43,2.0,NaN,70.9,68.5,63.4,57.4,2.8,Weekly,2.5,Silent,0.7,NaN,1.0,1.4,7.6,17.0,2.4,Average
STU7242,6.07,1.0,1.0,63.6,76.8,64.8,64.8,2.4,Monthly,2.6,NaN,1.4,NaN,0.0,1.1,6.5,60.0,1.5,At-Risk
STU3621,4.43,3.0,3.0,31.1,45.6,36.1,NaN,2.2,Never,3.2,Actively Use,4.8,0.2,0.0,0.8,5.4,98.0,1.5,At-Risk
STU1182,9.18,0.0,0.0,93.8,102.5,95.4,80.2,NaN,weekly,0.3,Keep Away,0.3,1.2,2.0,4.6,8.8,24.0,4.4,Good
STU0736,7.71,0.0,0.0,98.3,87.2,71.2,94.9,5.2,NaN,1.2,Keep Away,0.3,1.8,6.0,4.3,7.6,1.0,4.6,Good
STU1138,4.61,3.0,3.0,42.9,49.3,39.9,34.0,1.2,Never,5.3,Actively Use,NaN,0.0,1.0,1.1,5.8,109.0,1.9,At-Risk
STU2605,NaN,3.0,1.0,33.5,29.1,23.4,40.1,0.6,Monthly,5.4,Actively Use,1.2,0.9,0.0,0.3,5.2,103.0,0.1,At-Risk
STU5629,7.81,0.0,0.0,80.5,95.0,78.9,91.6,5.9,WEEKLY,0.4,Keep Away,0.5,1.0,5.0,6.7,8.0,NaN,6.8,Good
STU5280,9.74,0.0,0.0,85.8,89.2,95.7,71.0,5.8,Weekly,1.3, Keep Away ,0.8,NaN,3.0,5.3,8.8,5.0,3.1,Good
STU5104,7.01,NaN,2.0,69.6,77.3,69.5,59.6,3.2,NaN,4.0,NaN,1.5,1.1,0.0,1.5,6.4,15.0,2.1,At-Risk
STU3625,9.18,0.0,0.0,99.2,91.1,76.5,95.4,4.8,daily,1.5,Keep Away,0.0,1.0,3.0,5.3,8.2,19.0,3.6,Good
STU4326,9.76,0.0,0.0,78.2,87.4,81.7,75.0,5.5,Weekly,0.3,keep away,0.9,2.1,2.0,NaN,8.6,5.0,3.5,Good
STU4229,7.37,2.0,1.0,67.5,71.8,67.2,64.3,3.6,MONTHLY,4.0,Silent,1.6,1.0,1.0,3.9,8.0,54.0,2.4,Average
STU7200,6.54,2.0,2.0,70.9,66.0,57.1,67.2,2.5,Weekly,2.2,Silent,2.0,0.5,2.0,3.7,7.8,23.0,2.5,Average
STU0109,3.42,2.0,2.0,30.4,46.3,39.7,19.3,2.2,Monthly,3.5,ACTIVELY USE,3.2,0.7,1.0,1.7,6.1,89.0,1.6,At-Risk
STU4765,8.78,0.0,NaN,99.2,90.4,68.2,71.9,4.9, Daily ,1.1,Silent,0.2,1.8,5.0,7.0,7.2,12.0,3.3,Good
STU6819,9.41,0.0,0.0,94.5,83.5,91.5,86.2,7.7,Daily,1.5,SILENT,0.6,2.2,3.0,3.9,8.8,4.0,5.2,Good
STU6954,NaN,0.0,0.0,98.4,NaN,71.4,83.1,NaN,Weekly,1.9,Silent,0.7,2.4,6.0,5.8,8.2,16.0,5.8,Good
STU0280,8.28,0.0,0.0,80.5,90.0,81.1,100.1,5.8,Weekly,0.1,Keep Away,NaN,2.4,5.0,NaN,NaN,27.0,5.6,Good
STU2371,7.12,1.0,1.0,73.1,74.8,63.5,71.3,2.9,weekly,4.0,Actively Use,1.9,1.0,1.0,3.2,NaN,45.0,1.5,At-Risk
STU4432,9.36,0.0,0.0,93.5,99.4,85.0,84.3,NaN,Daily,1.8,KEEP AWAY,0.5,NaN,4.0,3.6,8.3,24.0,3.2,Good
STU1821,6.33,1.0,1.0,70.6,68.7,59.1,65.6,3.6,Monthly,2.9,keep away,1.5,0.6,1.0,2.6,6.2,37.0,NaN,At-Risk
STU4505,6.25,2.0,2.0,75.2,67.6,63.1,NaN,2.5,weekly,4.2,keep away,1.3,1.4,0.0,3.0,7.2,16.0,2.0,Average
STU4443,9.39,0.0,0.0,84.8,93.3,85.6,85.4,6.3,NaN,0.9,Keep Away,0.5,1.5,2.0,7.9,8.7,4.0,NaN,Good
STU0139,6.61,2.0,2.0,63.1,68.4,58.6,61.7,3.0,Weekly,3.9,Keep Away,1.2,1.5,1.0,3.6,6.3,29.0,3.8,Average
STU2734,6.67,1.0,1.0,65.0,83.4,52.8,58.5,2.9,Weekly,2.5,Silent,NaN,0.6,1.0,NaN,6.7,40.0,3.4,At-Risk
STU1855,5.15,NaN,2.0,32.3,56.9,20.8,39.5,1.0,ONLY BEFORE EXAM,3.4,Actively Use,1.2,0.8,0.0,0.8,4.2,100.0,1.5,At-Risk
STU4140,7.68,0.0,0.0,NaN,NaN,97.3,83.3,6.6,Daily,1.0,NaN,0.1,1.6,4.0,4.5,7.8,18.0,4.1,Good
STU1295,4.32,3.0,1.0,41.1,24.7,NaN,46.2,0.3,Never,4.2,Silent,4.6,0.3,0.0,1.3,5.5,116.0,1.2,At-Risk
STU5218,5.91,1.0,1.0,56.2,67.1,57.0,56.8,2.5,monthly,3.1,Keep Away,1.8,NaN,0.0,NaN,NaN,40.0,NaN,Average
STU3453,7.8,0.0,0.0,93.1,99.3,NaN,74.2,6.3,Weekly,0.8,Keep Away,0.5,2.1,6.0,NaN,7.3,8.0,6.0,Good
STU5267,7.92,0.0,0.0,79.5,95.5,71.2,86.4,7.6,Daily,1.2,Silent,0.8,1.9,3.0,4.8,7.7,6.0,5.6,Good
STU2359,8.13,0.0,0.0,87.3,84.3,78.6,86.5,7.1,Weekly,0.6,Keep Away,0.2,NaN,4.0,7.5,7.6,23.0,3.1,Good
STU0914,8.51,0.0,0.0,90.4,94.0,90.4,77.4,6.1,Weekly,0.9,Keep Away,0.4,2.8,4.0,NaN,7.2,15.0,5.3,Good
STU2154,9.4,0.0,0.0,88.5,94.1,81.7,91.8,6.0,Weekly,2.0,Keep Away,0.1,2.0,2.0,6.8,8.2,10.0,3.1,Good
STU3746,9.64,0.0,0.0,95.9,90.0,77.6,84.4,5.3,WEEKLY,1.0,NaN,NaN,2.3,2.0,6.0,9.0,15.0,NaN,Good
STU4133,6.47,1.0,1.0,71.3,67.1,60.9,61.8,3.0,Monthly,2.5,Keep Away,0.6,1.4,0.0,3.5,6.4,41.0,3.9,Average
STU0121,5.42,3.0,1.0,31.2,47.5,33.6,48.0,0.3,Never,6.3,Silent,4.4,0.9,1.0,1.4,5.5,72.0,1.2,At-Risk
STU1587,7.35,1.0,1.0,103.2,66.9,61.3,NaN,3.2,Monthly,3.9,Actively Use,NaN,1.2,0.0,2.0,6.4,56.0,2.5,At-Risk
STU3666,7.02,2.0,2.0,73.0,70.7,54.8,65.8,2.9,WEEKLY,2.7,Keep Away,0.9,0.6,0.0,1.9,7.0,53.0,2.4,At-Risk
STU3316,7.97,0.0,0.0,82.8,92.9,80.2,89.7,5.0,Daily,1.6, Keep Away ,NaN,1.2,6.0,6.1,8.1,20.0,4.4,Good
STU2790,4.02,2.0,2.0,46.1,31.3,NaN,48.5,0.2,NEVER,3.3,Silent,NaN,0.2,1.0,0.7,5.1,69.0,1.8,At-Risk
STU0038,5.03,3.0,2.0,54.7,60.1,NaN,33.1,0.5,Monthly,7.0,Actively Use,3.2,0.4,0.0,1.8,NaN,115.0,NaN,At-Risk
STU5073,7.33,2.0,2.0,67.7,68.5,58.4,56.5,3.8,Monthly,3.5,Keep Away,NaN,0.7,1.0,1.5,7.0,18.0,NaN,At-Risk
STU4658,7.43,2.0,NaN,72.6,NaN,60.4,59.3,3.1,Monthly,3.2,NaN,2.0,NaN,2.0,3.3,6.3,44.0,NaN,At-Risk
STU1247,9.46,0.0,0.0,80.9,92.6,89.5,100.3,7.3,NaN,NaN,Silent,0.4,2.0,NaN,NaN,8.9,12.0,3.4,Good
STU4125,5.94,1.0,1.0,68.7,77.5,63.4,70.3,3.5,WEEKLY,2.8,SILENT,1.7,1.2,1.0,2.7,6.8,NaN,3.8,Average
STU5760,9.43,0.0,0.0,91.1,94.5,NaN,94.3,7.5,Weekly,2.0,Keep Away,0.1,1.6,4.0,6.4,8.7,NaN,6.0,Good
STU1245,3.32,5.0,4.0,43.5,25.3,32.2,36.5,1.1,Never,3.6,actively use,NaN,0.8,0.0,1.7,5.0,51.0,1.5,At-Risk
STU0246,8.16,0.0,0.0,87.1,88.5,NaN,94.0,4.3,Weekly,0.9,Silent,0.5,1.7,2.0,7.7,NaN,1.0,5.8,Good
STU7275,7.62,0.0,0.0,77.9,98.1,71.7,96.2,8.2,NaN,-0.2,Keep Away,0.2,1.0,6.0,3.4,8.1,1.0,5.9,Good
STU4930,7.0,2.0,1.0,75.0,67.1,64.8,65.8,3.0,Weekly,4.0,Actively Use,1.2,NaN,2.0,1.1,NaN,49.0,1.8,Average
STU1848,3.5,3.0,3.0,52.6,26.4,29.3,26.3,1.1,Only Before Exam,4.4,silent,3.0,0.2,1.0,0.1,6.3,120.0,1.3,At-Risk
STU7006,3.75,4.0,2.0,57.7,45.4,28.0,34.3,2.0,Only Before Exam,5.9,Actively Use,1.5,0.3,NaN,0.4,4.3,120.0,0.7,At-Risk
STU6538,5.64,1.0,1.0,56.0,76.0,NaN,60.6,2.1,monthly,2.6,Silent,1.0,1.2,2.0,2.3,7.1,50.0,1.9,Average
STU3773,9.77,0.0,0.0,97.7,99.2,96.0,98.5,6.5,Weekly,1.7, Silent ,0.6,2.6,2.0,3.7,8.3,NaN,6.7,Good
STU3064,7.86,0.0,NaN,95.2,88.7,70.6,79.7,5.5,Weekly,0.3, Keep Away ,0.1,2.8,6.0,3.3,7.1,24.0,4.0,Good
STU2196,6.32,1.0,1.0,70.5,84.5,55.4,53.1,2.3,Monthly,2.3,Actively Use,1.9,1.4,0.0,1.2,7.2,42.0,2.7,At-Risk
STU6499,9.69,0.0,0.0,85.6,97.7,NaN,71.7,NaN,Weekly,1.2,Keep Away,0.7,1.4,NaN,NaN,7.7,27.0,3.8,Good
STU2030,9.19,0.0,0.0,90.9,89.5,69.2,94.1,4.4,Weekly,0.6,Keep Away,1.0,2.4,4.0,4.3,8.3,29.0,5.1,Good
STU6461,7.84,0.0,0.0,75.1,98.2,74.9,79.6,7.0,Daily,0.7,KEEP AWAY,0.2,1.4,6.0,5.0,8.1,18.0,4.6,Good
STU2709,NaN,0.0,0.0,73.9,95.8,81.0,70.7,4.3, Daily ,1.4,Keep Away,NaN,2.7,4.0,NaN,NaN,30.0,NaN,Good
STU0194,3.69,3.0,NaN,NaN,37.3,29.4,48.6,1.8,Monthly,6.0,Actively Use,2.2,NaN,1.0,NaN,6.6,83.0,0.0,At-Risk
STU7402,7.03,2.0,NaN,62.2,61.2,72.6,54.4,2.8,Weekly,2.9,Silent,1.9,1.1,0.0,3.7,7.2,29.0,1.6,Average
STU1727,8.59,0.0,0.0,89.3,87.9,94.4,74.1,5.8,Weekly,1.5,Keep Away,0.5,2.7,6.0,4.7,8.9,14.0,NaN,Good
STU4265,8.63,0.0,0.0,88.6,86.7,74.2,88.6,8.0,Daily,-0.1,Keep Away,0.9,2.8,6.0,NaN,7.8,5.0,5.0,Good
STU4285,7.12,2.0,1.0,65.1,82.3,66.8,55.7,1.9,Monthly,3.2,Actively Use,1.8,1.4,1.0,NaN,6.5,55.0,2.3,At-Risk
STU2080,7.95,0.0,0.0,99.0,86.5,98.3,72.0,5.1,Weekly,1.0,Keep Away,0.4,2.3,6.0,7.9,8.3,NaN,5.9,Good
STU3180,6.57,2.0,2.0,66.6,80.6,54.1,52.1,3.2,Weekly,2.2,Keep Away,NaN,1.0,0.0,1.8,6.8,50.0,3.6,At-Risk
STU0036,4.98,5.0,3.0,NaN,23.5,36.5,18.6,0.7,Never,5.3,Actively Use,4.6,0.4,0.0,0.2,4.3,79.0,1.5,At-Risk
STU0632,5.8,1.0,1.0,72.4,60.8,NaN,62.4,3.6,Monthly,3.8,Silent,1.6,1.2,0.0,2.2,6.1,39.0,1.4,At-Risk
STU1722,8.44,0.0,0.0,79.6,94.2,97.8,74.4,5.5,Weekly,0.4,Silent,0.2,2.5,6.0,5.7,7.6,28.0,4.2,Good
STU5345,7.71,0.0,0.0,90.4,93.8,99.1,95.3,7.2,Weekly,0.3,NaN,0.3,2.0,6.0,3.1,8.8,4.0,6.1,Good
STU5216,9.63,0.0,0.0,94.3,97.9,NaN,91.1,7.9,Daily,1.6,Keep Away,0.6,2.6,5.0,4.2,NaN,30.0,3.1,Good
STU6544,7.0,1.0,NaN,76.1,68.5,59.3,61.1,2.7,Monthly,3.5,Actively Use,NaN,NaN,0.0,1.1,6.7,47.0,2.8,At-Risk
STU2130,9.4,0.0,0.0,89.2,87.0,72.0,94.8,7.4,WEEKLY,0.3,Keep Away,0.8,1.9,2.0,4.6,8.6,30.0,NaN,Good
STU3254,4.56,4.0,2.0,35.1,NaN,43.3,32.4,2.1,Only Before Exam,5.6,actively use,3.8,NaN,0.0,1.3,5.5,93.0,0.0,At-Risk
STU3791,9.04,0.0,0.0,85.6,87.6,95.5,74.4,6.9,NaN,1.1,NaN,0.4,2.2,5.0,6.9,8.9,12.0,4.1,Good
STU1395,9.47,0.0,0.0,86.8,95.9,72.6,78.8,NaN,Weekly,1.7,KEEP AWAY,0.9,2.0,3.0,5.7,8.7,19.0,5.2,Good
STU4004,8.06,0.0,0.0,94.7,90.2,95.7,75.5,4.7,Daily,1.8,Silent,0.7,2.6,6.0,3.8,8.7,7.0,NaN,Good
STU1548,3.35,3.0,2.0,52.1,48.8,42.7,40.1,0.9,Only Before Exam,3.7,Actively Use,2.3,0.1,1.0,NaN,4.4,88.0,1.4,At-Risk
STU6384,8.83,0.0,0.0,79.7,95.5,83.3,76.1,4.4, Daily ,1.5,KEEP AWAY,0.5,1.0,6.0,7.1,8.3,22.0,3.2,Good
STU1057,4.46,NaN,2.0,28.2,31.2,42.6,31.4,1.6,Monthly,6.7,Silent,2.0,NaN,1.0,1.5,5.2,116.0,0.4,At-Risk
STU6189,7.57,0.0,0.0,89.6,88.7,92.8,85.0,7.7,Weekly,1.7,Silent,0.3,2.1,3.0,4.6,8.6,17.0,4.7,Good
STU3620,9.18,0.0,0.0,82.3,92.3,97.6,85.5,5.7,Weekly,1.8,KEEP AWAY,0.8,2.8,2.0,7.5,7.8,17.0,6.4,Good
STU1543,4.57,3.0,3.0,52.0,40.6,36.7,23.8,1.1,Never,5.9,Silent,2.8,0.9,0.0,NaN,6.4,42.0,0.8,At-Risk
STU1153,6.7,1.0,NaN,57.9,71.3,50.5,52.1,2.8,Monthly,3.0,Actively Use,0.7,1.2,1.0,4.0,6.8,59.0,2.9,At-Risk
STU3446,9.9,0.0,0.0,90.4,90.9,78.9,75.5,6.5,WEEKLY,2.0,Keep Away,0.8,2.7,5.0,6.9,8.8,25.0,6.0,Good
STU4296,5.51,2.0,1.0,65.8,82.9,51.5,59.4,NaN,monthly,3.9,Silent,1.3,0.7,2.0,3.6,7.7,49.0,3.9,Average
STU1059,3.38,3.0,1.0,50.5,58.9,23.1,34.7,0.4,Never,6.9,Actively Use,3.9,NaN,NaN,1.8,4.6,120.0,1.6,At-Risk
STU2963,4.03,3.0,3.0,40.2,57.4,32.5,43.3,0.4,Only Before Exam,5.2,Silent,NaN,0.5,1.0,1.2,4.7,NaN,NaN,At-Risk
STU6800,9.06,0.0,NaN,93.1,101.0,100.1,73.7,6.0,weekly,1.7,Keep Away,1.0,1.4,3.0,5.2,7.6,1.0,6.2,Good
STU3656,8.48,0.0,0.0,80.1,93.3,96.2,76.0,NaN,Daily,0.1,KEEP AWAY,0.3,1.9,2.0,3.4,8.0,11.0,4.2,Good
STU4650,9.43,0.0,0.0,84.4,96.9,NaN,77.0,5.9,Weekly,1.3,SILENT,0.5,2.7,NaN,5.9,8.4,13.0,6.1,Good
STU6086,6.25,1.0,1.0,68.7,66.4,67.3,56.7,3.5, Monthly ,3.8,Keep Away,1.9,0.9,1.0,1.2,7.7,27.0,1.4,Average
STU2306,6.07,1.0,1.0,66.6,NaN,50.0,55.9,3.0,Monthly,2.0,Keep Away,0.9,0.7,2.0,NaN,7.5,NaN,3.5,Average
STU2393,5.91,1.0,1.0,66.3,65.8,66.1,69.1,3.6,Monthly,3.8,Keep Away,0.8,1.2,NaN,2.1,7.3,15.0,1.4,Average
STU2754,8.25,0.0,0.0,86.7,91.0,71.9,100.0,4.4,Daily,1.4,Keep Away,0.7,2.7,4.0,5.8,8.5,28.0,4.2,Good
STU2889,8.17,0.0,0.0,95.9,97.7,90.5,92.3,4.3,Weekly,0.6,Keep Away,0.3,1.3,6.0,4.9,7.7,22.0,5.9,Good
STU0449,8.94,0.0,0.0,84.0,100.2,76.7,77.1,6.3, Weekly ,0.4,Silent,0.0,2.3,3.0,NaN,8.0,5.0,6.9,Good
STU0208,8.66,0.0,0.0,100.0,90.6,96.7,87.5,5.6,Daily,0.6,Keep Away,0.2,2.5,5.0,4.9,8.0,30.0,NaN,Good
STU2417,3.26,3.0,3.0,30.4,46.5,41.8,28.6,1.6,Monthly,3.7,Actively Use,4.7,0.2,0.0,0.2,4.9,117.0,0.4,At-Risk
STU7321,9.07,0.0,0.0,83.1,89.3,88.2,NaN,5.6,daily,1.7,keep away,0.2,2.1,6.0,3.5,7.8,11.0,6.9,Good
STU0982,5.98,2.0,1.0,59.3,84.5,55.8,51.7,3.1,WEEKLY,3.6,Silent,1.5,0.8,2.0,2.7,7.4,27.0,3.2,Average
STU1577,5.5,2.0,1.0,49.1,48.5,NaN,29.9,1.5,Never,5.5,Actively Use,5.0,0.5,1.0,0.1,5.8,81.0,0.1,At-Risk
STU7284,7.04,2.0,1.0,60.4,68.6,59.8,53.3,2.2,NaN,2.1,Actively Use,1.6,0.8,0.0,2.3,7.2,28.0,3.9,Average
STU2425,3.82,2.0,2.0,43.0,53.4,47.3,34.2,1.5,never,3.7,Actively Use,1.6,0.9,0.0,1.0,4.6,45.0,1.0,At-Risk
STU5160,9.93,0.0,0.0,81.8,86.9,81.0,79.6,4.3,Weekly,1.3,silent,0.6,1.6,5.0,8.0,8.3,14.0,5.8,Good
STU3816,5.92,2.0,1.0,71.0,71.1,62.4,NaN,NaN,Monthly,2.3,Keep Away,1.1,0.9,0.0,2.3,6.6,NaN,3.6,At-Risk
STU6994,9.33,0.0,0.0,NaN,85.4,70.1,83.0,NaN,Daily,1.6,silent,0.0,1.8,2.0,5.1,8.7,7.0,NaN,Good
STU6491,8.05,0.0,0.0,92.7,102.7,75.5,75.9,5.0,Daily,2.2,Silent,0.6,NaN,4.0,7.0,8.8,19.0,4.6,Good
STU6460,7.87,0.0,0.0,NaN,94.3,95.4,88.8,NaN,Weekly,1.8,Keep Away,0.2,2.5,2.0,5.1,8.2,23.0,4.1,Good
STU5342,6.93,2.0,NaN,58.7,82.2,64.6,NaN,2.3,Monthly,2.6,Keep Away,NaN,1.0,2.0,2.5,NaN,52.0,1.4,Average
STU3112,9.34,0.0,0.0,88.8,94.0,82.4,74.6,4.9,Weekly,1.5,keep away,0.3,1.0,4.0,NaN,7.3,9.0,5.6,Good
STU4139,5.01,4.0,3.0,41.3,30.4,24.2,44.0,0.9,Never,7.3,Actively Use,1.6,0.8,0.0,NaN,4.1,81.0,2.0,At-Risk
STU5081,8.39,0.0,0.0,82.7,92.6,74.4,74.0,6.0,Daily,NaN,NaN,0.2,1.2,6.0,3.7,7.5,22.0,4.8,Good
STU0596,5.36,4.0,2.0,32.0,49.3,23.8,48.4,1.7,Never,6.7,Silent,1.9,NaN,0.0,1.2,6.2,66.0,0.2,At-Risk
STU5864,8.45,0.0,0.0,91.3,89.2,94.8,98.4,7.8,Weekly,0.3,Keep Away,0.5,1.9,5.0,7.2,7.8,6.0,NaN,Good
STU6203,7.95,0.0,0.0,88.5,92.4,99.7,88.0,7.2,Daily,0.4,silent,0.8,3.0,4.0,6.3,8.5,21.0,6.9,Good
STU5524,9.25,0.0,0.0,93.9,93.8,90.2,77.2,6.7,Daily,1.3,Silent,0.7,2.2,2.0,NaN,8.7,12.0,6.9,Good
STU5705,8.86,0.0,NaN,89.3,NaN,74.0,69.5,4.1,Weekly,1.8, Silent ,0.5,1.8,6.0,5.1,8.3,0.0,4.5,Good
STU4529,8.69,0.0,0.0,98.6,90.3,98.4,91.8,7.4,Weekly,0.6,Keep Away,0.0,1.2,2.0,5.9,8.2,1.0,4.2,Good
STU1771,7.17,1.0,NaN,60.7,63.6,58.6,61.9,3.9,Weekly,3.8,Keep Away,0.8,NaN,1.0,1.5,7.7,30.0,1.0,Average
STU4873,7.67,0.0,0.0,94.1,87.2,69.6,NaN,6.1,Daily,0.3,Silent,0.7,1.1,2.0,5.5,8.2,14.0,4.0,Good
STU1605,5.38,3.0,NaN,49.2,52.2,31.7,29.6,0.8,Only Before Exam,3.9,silent,2.4,0.9,1.0,0.1,4.5,114.0,0.3,At-Risk
STU4612,6.01,1.0,1.0,NaN,80.6,NaN,55.4,2.1,Weekly,2.3,KEEP AWAY,1.4,0.5,1.0,2.8,7.6,19.0,2.8,Average
STU4656,6.19,2.0,2.0,63.6,61.2,49.4,61.3,3.7,Monthly,2.3,Silent,1.1,1.5,0.0,3.2,6.2,35.0,1.9,At-Risk
STU2463,3.72,4.0,4.0,38.1,31.0,36.0,25.7,1.9,Monthly,NaN,Actively Use,3.4,0.1,0.0,2.0,5.5,108.0,1.6,At-Risk
STU5303,6.38,2.0,1.0,57.7,73.4,66.8,50.2,4.0,Weekly,2.7,Keep Away,0.5,0.8,1.0,1.2,7.0,17.0,1.9,Average
STU1179,3.79,2.0,1.0,31.0,47.3,39.6,29.1,1.4,Monthly,5.9,SILENT,2.9,NaN,1.0,1.3,6.0,82.0,0.6,At-Risk
STU4599,9.84,0.0,0.0,89.4,86.0,93.3,96.2,4.4,WEEKLY,1.0,Keep Away,0.5,2.7,5.0,4.4,7.8,21.0,5.4,Good
STU6857,8.97,0.0,0.0,75.0,93.8,88.0,77.4,5.9,Weekly,1.8,Keep Away,0.3,NaN,6.0,4.6,8.8,26.0,3.1,Good
STU1586,7.76,0.0,0.0,100.3,92.7,99.4,80.6,6.7,Weekly,0.2,Silent,0.6,1.3,5.0,3.0,8.8,2.0,5.2,Good
STU6827,9.88,0.0,0.0,79.2,97.8,73.4,82.2,6.2,Daily,0.7,Silent,NaN,2.0,3.0,6.7,8.4,24.0,6.3,Good
STU0724,3.36,2.0,2.0,45.7,44.0,24.9,17.8,1.6,Never,4.0, Silent ,3.4,0.3,1.0,1.2,5.0,61.0,NaN,At-Risk
STU7195,8.47,0.0,0.0,93.5,96.3,79.9,82.0,6.0,Weekly,1.3,Keep Away,0.2,2.1,4.0,3.4,7.7,9.0,3.8,Good
STU4753,5.85,2.0,1.0,NaN,74.7,NaN,65.1,2.5,Monthly,2.5,Keep Away,0.7,0.6,0.0,3.5,7.6,47.0,2.3,Average
STU3390,5.82,1.0,1.0,70.4,71.0,NaN,67.9,3.7,Weekly,3.2,Silent,NaN,1.1,2.0,3.5,6.8,34.0,1.3,Average
STU2396,6.24,2.0,1.0,64.7,75.3,66.3,51.4,2.0,monthly,3.4,KEEP AWAY,1.1,0.7,1.0,1.4,7.2,32.0,1.9,At-Risk
STU3518,3.45,2.0,2.0,31.6,29.4,35.6,42.4,NaN,Monthly,5.6,Actively Use,2.4,0.7,0.0,2.0,6.2,114.0,NaN,At-Risk
STU6196,8.62,0.0,0.0,98.6,91.7,87.8,73.2,6.8,NaN,0.6,Keep Away,0.6,2.2,4.0,5.8,7.5,2.0,5.8,Good
STU3726,4.73,2.0,1.0,52.3,43.8,39.9,26.8,2.0,Monthly,5.3,ACTIVELY USE,1.6,0.8,1.0,0.7,4.7,61.0,0.5,At-Risk
STU5649,8.94,0.0,0.0,75.5,97.9,89.2,76.0,5.2,Daily,1.1,KEEP AWAY,0.6,2.6,4.0,4.8,8.0,15.0,5.3,Good
STU1936,8.56,0.0,0.0,83.7,85.4,76.6,75.7,8.0,NaN,0.8,Keep Away,0.0,1.3,6.0,3.4,8.3,3.0,3.7,Good
STU6978,8.27,0.0,0.0,90.1,97.5,90.6,84.9,6.9,Weekly,1.5,KEEP AWAY,0.7,2.6,6.0,7.7,7.3,19.0,6.6,Good
STU7120,6.7,1.0,1.0,69.0,74.2,NaN,59.1,2.1,Weekly,2.4,Actively Use,1.9,1.0,0.0,1.4,6.4,25.0,1.1,At-Risk
STU3177,8.16,0.0,0.0,NaN,98.3,78.2,94.2,6.8,Daily,0.7,SILENT,0.8,2.2,6.0,3.0,7.1,1.0,6.0,Good
STU1336,6.48,1.0,1.0,68.8,60.9,56.9,64.8,2.8,Weekly,3.6,Keep Away,1.6,0.8,1.0,3.6,6.8,20.0,1.6,Average
STU2532,9.67,0.0,0.0,89.8,94.7,89.1,74.7,7.1,WEEKLY,0.8,Silent,0.1,1.2,5.0,3.8,8.9,15.0,NaN,Good
STU5301,8.97,0.0,0.0,94.2,94.0,72.1,78.1,8.3, Daily ,1.2,Keep Away,0.7,NaN,5.0,3.6,7.0,26.0,4.8,Good
STU4961,7.7,0.0,0.0,NaN,86.0,72.1,80.2,7.9,Weekly,1.6,Keep Away,0.0,1.6,5.0,NaN,7.6,22.0,5.7,Good
STU4781,9.43,0.0,0.0,78.6,97.6,71.5,84.0,7.0,Weekly,0.6,Keep Away,0.8,1.1,2.0,3.2,7.0,NaN,4.1,Good
STU2375,6.64,1.0,1.0,65.5,84.3,55.4,61.2,2.2,Monthly,3.1,Actively Use,1.6,0.7,2.0,2.8,6.2,47.0,1.3,At-Risk
STU0767,7.37,1.0,1.0,71.4,81.7,53.1,65.3,3.7,MONTHLY,3.5,Actively Use,1.4,NaN,1.0,2.3,7.3,60.0,2.4,At-Risk
STU1747,NaN,3.0,1.0,45.7,41.3,49.5,41.5,1.9,Never,4.6,ACTIVELY USE,2.3,0.9,0.0,NaN,6.6,94.0,1.0,At-Risk
STU3632,3.55,3.0,2.0,NaN,46.5,30.2,37.9,NaN,only before exam,4.1,actively use,2.6,1.0,0.0,0.5,NaN,78.0,0.1,At-Risk
STU1009,7.94,0.0,0.0,95.8,96.7,89.9,NaN,4.8,Daily,1.9,Keep Away,0.8,NaN,6.0,7.2,8.5,9.0,4.2,Good
STU4661,9.18,0.0,0.0,96.5,99.5,87.2,92.3,6.2,Daily,0.1,Silent,0.3,1.6,2.0,6.6,8.2,7.0,5.4,Good
STU0623,3.93,3.0,3.0,38.0,53.4,37.7,38.3,1.0,NEVER,7.2,Silent,1.2,0.9,0.0,1.0,5.2,92.0,1.0,At-Risk
STU6462,9.76,0.0,0.0,72.3,92.1,94.3,96.6,5.5,Daily,1.4,Silent,0.6,1.4,2.0,6.4,7.4,22.0,6.1,Good
STU2162,3.33,3.0,2.0,45.0,44.5,NaN,26.5,NaN,Only Before Exam,5.9,silent,1.7,0.4,NaN,0.9,7.1,97.0,1.7,At-Risk
STU2999,7.61,0.0,0.0,75.0,101.2,NaN,87.0,6.1,Daily,1.4,KEEP AWAY,0.3,2.5,5.0,5.4,8.3,5.0,6.9,Good
STU7015,5.54,2.0,2.0,53.2,62.4,51.5,50.8,3.5,Monthly,2.9,Actively Use,1.1,0.6,1.0,NaN,6.9,35.0,4.0,At-Risk
STU4822,8.88,0.0,0.0,89.9,91.4,75.5,89.8,5.7,NaN,0.9,Silent,0.4,1.0,4.0,7.4,7.3,26.0,5.3,Good
STU5189,5.15,5.0,2.0,45.5,19.2,42.0,45.6,1.5,Never,4.8,SILENT,NaN,0.2,1.0,1.2,5.5,110.0,0.1,At-Risk
STU2971,9.26,0.0,0.0,95.3,94.5,87.5,86.6,4.8, Daily ,0.7,Keep Away,0.6,1.1,2.0,NaN,7.9,5.0,5.1,Good
STU4595,7.58,0.0,0.0,87.3,90.0,78.3,97.4,4.9,Daily,0.8,Keep Away,1.0,1.1,4.0,6.5,7.7,21.0,6.6,Good
STU3409,5.46,3.0,1.0,54.2,56.8,33.3,21.9,1.0,Only Before Exam,3.1,Actively Use,1.8,0.0,0.0,0.4,5.4,57.0,NaN,At-Risk
STU2458,5.61,1.0,1.0,56.1,76.7,66.1,61.3,2.6,Monthly,3.5,ACTIVELY USE,1.6,1.1,1.0,2.0,6.4,58.0,2.3,At-Risk
STU5511,8.08,0.0,0.0,91.2,89.3,76.3,95.1,4.4,Daily,1.6,Keep Away,0.1,2.4,2.0,3.6,8.1,NaN,3.8,Good
STU1719,3.73,5.0,3.0,55.3,37.0,32.9,32.2,1.7,Monthly,6.3,Actively Use,3.8,0.4,0.0,0.1,6.8,48.0,1.9,At-Risk
STU5741,7.24,2.0,2.0,64.8,67.4,52.6,69.3,3.5,MONTHLY,3.3,keep away,1.2,0.6,1.0,3.8,7.4,36.0,1.8,At-Risk
STU3231,9.34,0.0,0.0,77.5,90.8,72.6,93.8,6.8,weekly,0.9,Keep Away,0.8,2.4,2.0,7.6,7.3,16.0,5.0,Good
STU2171,8.27,0.0,0.0,77.0,88.1,90.9,81.5,6.6,Daily,1.1,Keep Away,0.5,1.5,3.0,5.6,NaN,15.0,4.7,Good
STU3439,9.55,0.0,NaN,94.5,91.4,80.9,90.4,7.4,daily,0.6,NaN,0.3,1.7,5.0,5.8,7.0,24.0,6.1,Good
STU7349,7.75,0.0,0.0,91.0,94.2,73.5,70.6,4.7,Weekly,1.7,Silent,0.1,1.9,3.0,3.9,7.5,23.0,6.1,Good
STU2828,8.73,0.0,0.0,92.2,98.4,91.5,101.5,5.9,Weekly,1.0,Silent,0.3,3.0,6.0,3.3,7.8,2.0,4.2,Good
STU6887,5.18,3.0,3.0,27.8,54.9,38.4,33.8,0.3,MONTHLY,4.6,Actively Use,3.8,NaN,1.0,1.0,4.4,51.0,1.0,At-Risk
STU0542,6.32,2.0,1.0,60.8,86.8,54.2,59.2,2.0,Weekly,2.4,Silent,1.7,0.7,1.0,1.2,6.9,32.0,NaN,At-Risk
STU3165,8.77,0.0,0.0,98.8,88.4,79.9,93.8,6.8,Daily,NaN,Keep Away,0.9,NaN,6.0,6.2,7.9,25.0,4.9,Good
STU6983,9.27,0.0,0.0,75.6,88.6,85.0,NaN,6.9,WEEKLY,0.8,Keep Away,NaN,NaN,6.0,7.6,8.2,NaN,4.6,Good
STU0513,9.46,0.0,0.0,80.5,91.2,83.2,87.3,7.7,Daily,1.3,Silent,0.5,1.1,6.0,3.3,7.3,29.0,3.1,Good
STU6591,9.73,0.0,0.0,92.4,97.8,73.1,97.2,6.8,Weekly,1.0,KEEP AWAY,0.1,2.7,5.0,4.7,8.7,1.0,3.7,Good
STU4693,8.3,0.0,0.0,84.1,99.4,73.9,74.3,5.1,Weekly,0.7,Keep Away,0.1,2.9,5.0,5.8,8.3,27.0,6.1,Good
STU1086,4.46,5.0,NaN,NaN,59.5,NaN,34.8,-0.2,Never,3.3,Actively Use,1.8,0.2,1.0,0.5,5.0,53.0,NaN,At-Risk
STU6796,7.2,1.0,1.0,71.7,70.4,61.1,NaN,2.1,Weekly,3.8,Keep Away,1.6,1.4,0.0,3.5,6.9,32.0,NaN,Average
STU3363,8.22,0.0,0.0,80.4,100.8,91.3,77.7,4.5,Daily,1.3,keep away,0.3,1.4,4.0,6.7,8.5,8.0,NaN,Good
STU4062,7.78,0.0,0.0,81.4,92.5,95.0,95.9,5.8,Daily,1.6, Keep Away ,0.8,2.2,4.0,4.1,NaN,10.0,3.7,Good
STU2462,3.76,2.0,2.0,44.4,34.2,44.2,44.3,0.7,Never,6.7,Silent,3.0,0.3,1.0,0.8,NaN,45.0,0.7,At-Risk
STU6897,8.35,0.0,0.0,82.3,85.0,NaN,86.8,5.3,Daily,1.7,Silent,NaN,2.0,6.0,3.1,8.7,18.0,6.8,Good
STU1456,3.36,2.0,1.0,37.1,NaN,19.0,34.1,1.4,Never,5.0,NaN,1.1,1.0,1.0,0.7,6.2,86.0,0.7,At-Risk
STU2630,7.23,2.0,1.0,59.8,83.2,53.3,50.7,3.5,monthly,2.8,Actively Use,1.3,1.2,0.0,1.2,6.5,39.0,2.4,At-Risk
STU7146,7.65,0.0,0.0,91.4,88.8,91.9,94.5,4.1,Daily,0.3,Keep Away,0.3,2.2,3.0,4.7,7.6,5.0,3.6,Good
STU0917,5.12,2.0,1.0,41.4,54.5,28.7,48.9,1.2,never,4.1,Actively Use,3.3,0.5,1.0,0.3,5.7,115.0,0.6,At-Risk
STU2027,8.59,0.0,0.0,81.7,89.9,79.5,89.0,NaN,Weekly,0.5,NaN,0.7,2.1,4.0,5.2,7.2,22.0,4.6,Good
STU4061,7.62,0.0,0.0,99.2,93.2,78.4,90.4,7.4,Weekly,1.7,Keep Away,0.0,2.6,5.0,7.3,8.4,29.0,4.9,Good
STU4649,8.93,0.0,0.0,92.6,96.3,78.4,86.6,5.0,DAILY,1.0,Silent,0.0,1.8,5.0,4.9,7.6,23.0,3.3,Good
STU5178,8.24,0.0,0.0,85.9,99.1,78.9,78.4,6.3,Weekly,1.8,KEEP AWAY,0.6,1.4,5.0,3.4,7.1,19.0,6.8,Good
STU3557,6.01,1.0,1.0,68.7,68.6,59.9,59.6,2.7,Monthly,3.1,Actively Use,1.1,0.7,2.0,2.4,7.3,47.0,3.9,Average
STU3009,3.75,4.0,2.0,41.8,38.3,41.2,31.3,1.3,Monthly,8.0,Actively Use,NaN,0.6,0.0,1.0,6.3,80.0,0.5,At-Risk
STU3352,5.4,NaN,2.0,33.9,42.9,32.8,36.2,0.6,MONTHLY,NaN,Actively Use,NaN,0.1,1.0,NaN,6.1,60.0,1.8,At-Risk
STU3528,3.79,3.0,2.0,34.2,NaN,26.3,NaN,NaN,Only Before Exam,6.5,Silent,3.6,0.3,1.0,1.4,6.0,NaN,0.1,At-Risk
STU6459,5.82,1.0,1.0,69.0,66.5,70.6,53.4,3.0,MONTHLY,2.5,Actively Use,0.5,1.5,0.0,2.7,7.5,40.0,2.9,At-Risk
STU1115,9.53,0.0,0.0,87.6,99.4,77.7,69.1,6.7,Weekly,0.9,NaN,NaN,2.8,3.0,7.8,8.3,14.0,6.1,Good
STU2414,9.73,0.0,0.0,84.5,90.7,75.1,89.5,6.8,Daily,1.4,KEEP AWAY,0.9,1.7,5.0,5.8,8.1,11.0,6.9,Good
STU0799,9.29,0.0,0.0,94.7,83.2,NaN,76.5,6.4,DAILY,0.4,Keep Away,0.1,2.9,5.0,NaN,7.4,16.0,4.6,Good
STU2886,8.32,0.0,0.0,86.7,94.3,96.9,85.1,NaN,Weekly,0.5,Keep Away,0.6,1.8,5.0,3.9,7.0,26.0,NaN,Good
STU3676,9.48,0.0,0.0,98.5,102.2,73.0,82.8,6.6,DAILY,1.7,Keep Away,0.2,2.8,4.0,4.1,NaN,0.0,5.1,Good
STU5533,5.84,1.0,1.0,57.5,71.6,64.8,68.1,3.6,weekly,3.6,Actively Use,0.9,1.2,1.0,3.3,6.9,27.0,3.4,Average
STU4597,6.21,1.0,1.0,63.7,70.2,61.1,65.0,3.3,Monthly,3.7,actively use,1.6,1.2,0.0,2.2,6.2,39.0,1.2,At-Risk
STU3417,7.44,1.0,1.0,61.7,82.7,NaN,47.8,3.2,Monthly,2.4,Silent,0.6,1.4,1.0,3.4,6.1,58.0,3.3,Average
STU2990,7.14,1.0,1.0,70.1,83.4,52.5,68.1,2.9,Weekly,3.1,Keep Away,1.2,1.1,2.0,4.0,NaN,37.0,3.8,Average
STU1756,6.38,NaN,1.0,65.3,67.1,56.3,61.8,3.4,Weekly,3.3, Keep Away ,1.0,0.8,0.0,2.8,6.3,33.0,1.8,At-Risk
STU3063,4.82,NaN,2.0,34.8,28.7,NaN,37.0,2.0,Monthly,3.8,Actively Use,2.4,NaN,1.0,1.8,5.0,81.0,0.7,At-Risk
STU2781,8.36,0.0,0.0,97.6,94.1,97.7,91.9,4.2,Daily,0.5,keep away,0.7,2.1,2.0,3.6,8.2,30.0,6.2,Good
STU1413,7.97,0.0,0.0,76.9,100.9,98.4,73.3,5.4,Weekly,2.2,NaN,NaN,2.3,2.0,NaN,NaN,9.0,4.9,Good
STU4385,3.21,3.0,3.0,37.5,41.3,24.2,24.6,1.8,monthly,6.4,ACTIVELY USE,2.2,0.9,1.0,0.5,5.7,84.0,0.7,At-Risk
STU2384,5.66,1.0,1.0,67.5,78.3,65.8,63.6,2.3,NaN,2.0,Actively Use,1.0,1.4,1.0,3.9,6.5,17.0,NaN,Average
STU5493,9.43,0.0,0.0,97.3,88.4,90.9,NaN,6.5,Daily,0.6,NaN,0.7,1.3,2.0,6.3,8.4,9.0,6.4,Good
STU5228,7.5,0.0,0.0,77.6,88.5,97.9,NaN,6.2,WEEKLY,2.0,Keep Away,0.7,NaN,5.0,4.9,8.2,16.0,4.9,Good
STU5056,5.9,2.0,1.0,74.0,84.6,61.4,58.6,3.8,monthly,3.6,Keep Away,1.6,0.6,0.0,1.0,6.3,56.0,1.6,At-Risk
STU6500,8.59,0.0,0.0,77.2,NaN,76.2,92.3,NaN,Daily,0.3,Keep Away,0.3,2.5,5.0,6.6,7.0,30.0,3.3,Good
STU5466,5.86,2.0,2.0,70.4,63.6,71.6,62.6,NaN,Monthly,3.4,Silent,0.5,1.3,0.0,1.8,6.1,20.0,3.3,At-Risk
STU1311,8.5,0.0,0.0,79.1,91.6,66.8,99.3,4.4,Weekly,NaN, Keep Away ,0.7,NaN,5.0,4.1,8.5,12.0,6.1,Good
STU1675,8.76,0.0,0.0,88.1,95.6,89.3,95.3,5.6,DAILY,1.2,NaN,NaN,1.8,5.0,6.0,8.9,24.0,NaN,Good
STU3862,3.57,5.0,1.0,50.3,58.2,NaN,45.9,1.8,Never,3.7,Silent,1.7,0.5,1.0,1.1,4.8,111.0,0.6,At-Risk
STU5821,8.93,0.0,0.0,76.8,96.0,74.0,96.0,NaN,weekly,0.3, Keep Away ,0.8,NaN,5.0,5.0,8.2,3.0,NaN,Good
STU5341,8.01,0.0,0.0,97.5,97.2,95.4,97.6,7.9,weekly,1.2,Keep Away,0.5,2.7,5.0,4.7,7.0,23.0,4.3,Good
STU0228,8.5,0.0,0.0,80.5,87.2,71.4,78.1,6.1,Daily,NaN,keep away,0.5,1.1,2.0,7.8,8.9,9.0,6.1,Good
STU5651,9.82,0.0,0.0,81.6,92.9,99.5,86.7,5.4,Daily,0.3,Keep Away,0.4,2.3,2.0,3.2,7.2,12.0,3.0,Good
STU3694,3.45,5.0,3.0,50.2,33.3,46.6,44.3,1.3,Only Before Exam,6.6, Actively Use ,1.2,0.6,0.0,NaN,4.2,87.0,0.6,At-Risk
STU1298,3.67,5.0,4.0,37.8,38.9,27.5,25.9,0.9,never,7.3,Actively Use,3.3,0.9,1.0,0.4,4.4,72.0,1.2,At-Risk
STU6766,4.71,2.0,1.0,42.0,39.6,41.9,32.4,0.4,Never,NaN,ACTIVELY USE,4.0,NaN,1.0,1.7,5.8,113.0,1.5,At-Risk
STU7027,6.78,2.0,1.0,71.3,61.4,62.1,48.4,2.0,Weekly,2.7,Actively Use,2.0,1.5,0.0,NaN,6.1,24.0,3.6,Average
STU3909,9.8,0.0,0.0,90.2,98.5,71.6,76.4,8.0,Daily,1.4,Keep Away,0.2,NaN,6.0,4.8,8.0,1.0,6.4,Good
STU4007,9.82,0.0,0.0,80.7,95.0,94.3,NaN,5.0,Weekly,1.0,Keep Away,NaN,2.6,6.0,5.4,7.2,1.0,5.9,Good
STU6822,7.93,0.0,0.0,80.4,99.9,81.5,98.7,7.0,daily,1.7,Keep Away,0.8,1.2,5.0,NaN,7.6,0.0,6.9,Good
STU6982,8.98,NaN,0.0,NaN,87.0,89.7,96.3,5.0,Weekly,NaN,Keep Away,0.5,NaN,6.0,4.5,8.9,12.0,6.4,Good
STU3041,5.33,2.0,2.0,38.7,45.5,34.2,44.0,-0.2, Only Before Exam ,5.9,Silent,4.0,0.5,1.0,0.2,4.7,83.0,1.4,At-Risk
STU2076,9.5,0.0,0.0,94.7,82.5,71.9,95.3,7.3,WEEKLY,2.3,Keep Away,0.3,2.0,4.0,NaN,8.3,10.0,3.5,Good
STU4176,8.5,0.0,0.0,81.4,99.8,73.0,NaN,7.1,Daily,0.7,Keep Away,0.5,2.4,2.0,7.8,7.3,20.0,3.6,Good
STU5095,7.51,0.0,0.0,86.4,88.1,95.5,98.4,7.1,weekly,0.3,keep away,0.1,2.1,2.0,6.6,8.6,9.0,NaN,Good
STU2468,7.21,1.0,1.0,68.8,68.7,66.2,NaN,3.4,Weekly,2.8,KEEP AWAY,1.3,1.1,2.0,3.1,6.6,21.0,2.0,Average
STU7247,5.6,1.0,1.0,62.8,65.2,53.5,52.7,3.9,Monthly,2.1,Silent,0.5,1.1,1.0,1.3,6.7,NaN,1.0,Average
STU3926,7.2,2.0,1.0,56.8,62.8,66.7,57.8,3.7,Weekly,2.1, Keep Away ,NaN,1.1,2.0,1.5,6.2,16.0,NaN,Average
STU4165,3.9,3.0,2.0,45.0,32.5,50.3,33.9,0.2,NEVER,4.0,Actively Use,3.1,0.6,1.0,NaN,5.9,64.0,1.3,At-Risk
STU3020,9.19,0.0,0.0,74.9,100.8,96.3,74.3,4.6, Daily ,1.2,Keep Away,NaN,1.8,4.0,3.7,8.0,26.0,4.4,Good
STU4886,7.03,1.0,1.0,62.6,82.0,59.8,52.1,2.4,Weekly,2.7,Actively Use,1.7,NaN,0.0,3.3,6.6,44.0,3.1,Average
STU4185,9.15,0.0,0.0,89.5,97.3,74.2,76.1,7.3,Daily,1.5,KEEP AWAY,0.2,1.2,2.0,7.3,7.4,7.0,6.5,Good
STU7292,6.28,1.0,1.0,70.0,68.5,59.9,64.2,2.7,weekly,3.3,Actively Use,1.6,1.4,0.0,1.1,6.3,56.0,3.9,At-Risk
STU1390,6.94,2.0,2.0,NaN,74.2,56.6,NaN,3.5,Monthly,3.1,Actively Use,1.1,1.1,2.0,NaN,6.2,35.0,NaN,At-Risk
STU4417,7.51,NaN,0.0,95.4,89.1,96.5,79.0,6.3,Daily,NaN,Keep Away,0.4,2.8,5.0,6.0,8.5,26.0,3.9,Good
STU6567,6.71,1.0,NaN,60.4,66.4,57.5,68.8,2.2,Weekly,4.0,ACTIVELY USE,1.2,1.2,0.0,3.4,6.3,46.0,1.1,At-Risk
STU4978,7.71,0.0,0.0,79.4,NaN,71.8,72.1,NaN,daily,1.1,Keep Away,0.9,1.8,5.0,NaN,7.0,10.0,3.6,Good
STU2327,6.65,1.0,NaN,68.7,NaN,63.8,61.7,3.3,Monthly,3.4,Actively Use,0.7,0.7,2.0,3.1,7.7,28.0,2.2,Average
STU5348,6.36,2.0,1.0,58.9,64.4,55.1,53.6,2.7, Weekly ,NaN, Silent ,1.8,0.8,1.0,NaN,7.8,28.0,1.9,Average
STU5942,6.92,2.0,2.0,60.0,NaN,51.9,NaN,3.2,Monthly,3.4,SILENT,1.1,0.9,2.0,1.8,7.5,20.0,3.3,Average
STU0314,7.96,0.0,0.0,82.6,91.5,94.2,76.7,6.5,Daily,1.0,Silent,0.3,2.0,6.0,4.5,8.1,2.0,4.7,Good
STU6998,6.17,1.0,1.0,68.2,74.5,51.9,53.0,2.9,Weekly,3.9,Keep Away,1.4,1.2,1.0,3.2,6.9,NaN,2.7,Average
STU4148,6.84,1.0,1.0,61.3,75.2,61.9,48.8,3.9,Monthly,3.9,Silent,0.5,1.3,0.0,2.2,7.2,NaN,2.5,Average
STU4875,8.66,0.0,0.0,77.1,95.4,85.3,92.2,7.6,Weekly,0.1,Silent,NaN,1.1,3.0,3.2,7.1,20.0,4.9,Good
STU0756,5.31,3.0,2.0,51.0,52.3,31.4,35.7,0.6,NEVER,4.4,Actively Use,3.0,NaN,1.0,NaN,6.8,57.0,1.5,At-Risk
STU6434,9.15,0.0,0.0,89.6,93.2,87.6,83.3,7.2,Weekly,0.8,SILENT,0.9,1.2,5.0,3.5,8.4,16.0,4.6,Good
STU4952,7.85,0.0,0.0,79.2,98.6,79.6,89.3,7.5,Daily,2.0,Silent,0.2,1.2,3.0,NaN,7.4,16.0,5.3,Good
STU4740,7.53,0.0,0.0,92.8,91.9,71.1,95.4,6.1,Weekly,1.3,Silent,0.9,1.7,4.0,5.8,8.1,27.0,6.9,Good
STU5471,7.28,2.0,2.0,66.0,71.4,67.9,55.6,3.1,Weekly,NaN,ACTIVELY USE,0.6,1.2,2.0,1.6,6.8,40.0,2.2,At-Risk
STU5243,8.3,0.0,0.0,93.7,90.3,77.9,91.5,5.7,Daily,0.4,Keep Away,0.1,2.7,2.0,7.4,7.1,14.0,NaN,Good
STU5662,7.86,NaN,0.0,102.0,93.6,79.9,88.4,5.5,Weekly,0.6,SILENT,0.6,2.5,3.0,7.7,7.7,25.0,5.8,Good
STU6845,5.6,2.0,2.0,65.9,66.6,56.0,54.4,2.3,Weekly,3.0,silent,NaN,1.4,0.0,3.3,6.7,59.0,NaN,At-Risk
STU0127,9.89,0.0,NaN,76.3,87.5,68.2,87.3,7.6,weekly,0.2,Keep Away,0.9,1.1,5.0,NaN,7.8,26.0,3.4,Good
STU3788,3.91,2.0,2.0,56.1,22.4,25.6,38.0,-0.2,Only Before Exam,3.1,Actively Use,4.2,0.2,0.0,1.8,5.2,88.0,1.7,At-Risk
STU4104,6.09,2.0,2.0,70.8,66.3,59.7,59.7,NaN,MONTHLY,3.2,Silent,1.1,1.4,0.0,2.7,7.6,51.0,3.1,At-Risk
STU6393,9.1,0.0,0.0,83.2,93.8,91.0,91.5,5.2,Daily,NaN,Keep Away,0.5,NaN,6.0,7.1,8.1,17.0,3.8,Good
STU4071,8.36,0.0,0.0,93.2,92.8,84.4,84.3,4.7,Weekly,-0.1,Silent,0.3,NaN,3.0,NaN,8.1,16.0,5.0,Good
STU3491,4.24,2.0,2.0,38.5,20.3,47.2,46.1,1.3,Never,6.0,silent,NaN,0.1,0.0,1.9,12.6,97.0,1.3,At-Risk
STU2223,6.34,2.0,2.0,66.8,82.0,62.0,58.5,2.5,Weekly,2.0,Actively Use,0.7,1.5,1.0,3.3,8.0,42.0,1.1,Average
STU3493,4.55,5.0,4.0,50.3,27.9,33.9,31.9,0.8,NaN,7.5,actively use,1.0,0.1,1.0,NaN,4.8,58.0,1.4,At-Risk
STU4069,7.84,0.0,0.0,81.4,NaN,78.3,90.1,5.8,Daily,1.6,Keep Away,NaN,NaN,3.0,4.6,7.7,3.0,4.3,Good
STU6548,5.87,2.0,1.0,67.4,81.9,NaN,63.0,2.4,Monthly,3.8,Silent,1.9,0.6,0.0,1.7,7.8,NaN,2.5,At-Risk
STU1273,4.59,2.0,2.0,37.5,28.6,NaN,26.4,0.5,Monthly,NaN,Actively Use,3.4,0.4,0.0,1.5,5.1,77.0,1.0,At-Risk
STU0286,9.41,0.0,NaN,89.6,99.9,72.3,90.7,6.6,Weekly,1.2,Keep Away,0.6,2.7,5.0,5.9,8.2,27.0,7.0,Good
STU2144,8.02,0.0,0.0,88.1,88.1,98.2,71.5,4.8,Daily,0.3,KEEP AWAY,1.0,2.1,4.0,3.7,7.5,16.0,NaN,Good
STU1229,7.65,0.0,0.0,98.2,99.8,80.4,95.2,6.4,Weekly,1.6,Keep Away,0.4,1.2,6.0,5.2,8.0,2.0,5.2,Good
STU3954,9.71,0.0,0.0,82.7,85.3,99.9,81.4,6.5,Daily,1.0,Keep Away,0.2,2.3,5.0,3.2,7.5,6.0,6.8,Good
STU3770,4.85,5.0,2.0,33.9,52.1,40.8,35.3,0.7,NaN,3.7,Actively Use,NaN,0.1,0.0,0.9,4.7,94.0,2.0,At-Risk
STU4087,8.68,0.0,0.0,92.4,93.9,85.2,NaN,3.9,daily,1.4,Keep Away,0.1,NaN,3.0,6.1,8.0,30.0,NaN,Good
STU4841,5.65,2.0,2.0,71.4,61.6,53.6,67.5,2.8,Weekly,3.6,ACTIVELY USE,0.9,1.4,2.0,3.5,6.9,34.0,3.1,Average
STU2013,3.4,5.0,5.0,39.3,52.3,20.5,22.4,0.4,Only Before Exam,5.7, Actively Use ,NaN,0.2,0.0,1.2,6.4,81.0,0.7,At-Risk
STU3649,8.76,0.0,0.0,82.7,96.7,80.6,90.7,7.7,Daily,1.7,Keep Away,0.4,NaN,2.0,7.0,7.7,28.0,5.8,Good
STU2902,3.74,2.0,2.0,56.5,48.5,32.3,NaN,1.0,Never,7.2,Actively Use,2.1,0.2,1.0,0.5,5.7,58.0,0.6,At-Risk
STU0172,NaN,0.0,0.0,97.0,97.3,NaN,83.4,5.6,Weekly,1.0,Silent,0.5,NaN,5.0,5.6,8.7,29.0,4.8,Good
STU3733,9.37,0.0,0.0,95.0,92.6,84.4,88.3,NaN,Daily,1.7,keep away,0.5,2.9,5.0,6.2,7.2,30.0,4.9,Good
STU7012,9.95,0.0,0.0,NaN,97.2,98.0,81.0,5.7,Daily,1.5,keep away,1.0,2.9,5.0,3.3,NaN,20.0,5.3,Good
STU5862,9.22,0.0,0.0,82.2,NaN,92.4,88.5,7.5,NaN,1.0,Keep Away,0.0,1.1,2.0,7.0,7.8,4.0,6.9,Good
STU5981,7.75,0.0,0.0,90.7,93.0,98.9,99.6,4.9,Daily,1.7,Keep Away,0.4,2.6,2.0,3.8,7.9,27.0,3.3,Good
STU7202,9.32,0.0,0.0,81.3,99.5,94.8,93.1,5.6,Daily,1.8,Silent,0.1,1.7,5.0,6.8,8.5,19.0,4.3,Good
STU4383,9.7,0.0,0.0,82.9,96.2,98.8,102.2,5.8,daily,2.1,Silent,NaN,1.3,3.0,NaN,7.9,NaN,3.6,Good
STU4298,8.24,0.0,0.0,81.0,95.3,NaN,90.3,7.3,DAILY,0.9,Silent,NaN,1.5,3.0,6.5,7.5,21.0,3.2,Good
STU0251,6.85,2.0,2.0,74.2,65.3,63.8,62.5,3.6,NaN,3.7,Keep Away,0.5,1.2,2.0,1.2,7.1,22.0,1.9,Average
STU1668,8.71,0.0,0.0,93.3,101.3,73.7,NaN,4.6,Daily,0.9,keep away,0.0,1.3,4.0,4.6,7.8,11.0,6.6,Good
STU7198,6.71,1.0,1.0,57.8,62.8,52.2,64.4,3.2,Weekly,2.8,SILENT,1.8,0.7,1.0,1.8,7.6,16.0,1.1,Average
STU2090,5.14,5.0,3.0,44.1,30.4,24.7,46.4,0.2,Never,7.0, Silent ,2.5,1.0,0.0,0.7,5.2,59.0,1.3,At-Risk
STU0049,7.87,0.0,0.0,95.2,90.4,77.6,84.4,7.9,Daily,1.0,KEEP AWAY,0.3,2.3,3.0,4.2,7.3,5.0,3.5,Good
STU0112,5.96,2.0,1.0,71.9,82.4,60.4,52.2,3.4,Monthly,2.3,Keep Away,0.5,NaN,2.0,2.4,7.6,49.0,3.2,Average
STU3835,7.79,0.0,0.0,NaN,99.6,92.5,69.3,4.3,WEEKLY,1.4,Silent,0.4,2.4,NaN,5.0,9.0,21.0,NaN,Good
STU5839,8.36,0.0,0.0,95.4,98.8,92.2,72.6,5.1,Daily,1.3,Silent,1.0,NaN,4.0,7.5,8.6,5.0,6.9,Good
STU5011,6.57,1.0,1.0,60.3,69.3,61.7,50.4,2.4,MONTHLY,3.0,Keep Away,0.5,1.1,2.0,2.0,7.7,49.0,2.8,Average
STU1465,7.07,1.0,NaN,70.1,82.4,72.9,61.3,2.0,Weekly,2.7,SILENT,1.7,0.5,1.0,1.2,6.1,59.0,3.2,At-Risk
STU4017,4.93,2.0,2.0,36.1,38.3,23.2,35.4,1.1,Monthly,6.9,actively use,NaN,0.6,0.0,NaN,NaN,56.0,0.0,At-Risk
STU0613,8.78,0.0,0.0,84.6,92.9,82.1,91.8,7.5,Daily,0.7,KEEP AWAY,0.0,NaN,5.0,5.7,7.3,20.0,6.0,Good
STU3508,9.71,0.0,0.0,86.0,95.1,94.9,78.4,7.9,Daily,1.6,Keep Away,1.0,NaN,2.0,NaN,9.0,17.0,NaN,Good
STU2115,4.61,4.0,2.0,49.5,41.6,43.3,32.4,1.1,Only Before Exam,3.6,Silent,4.9,0.8,1.0,NaN,6.0,NaN,NaN,At-Risk
STU4416,3.7,5.0,2.0,40.0,19.5,37.8,23.4,-0.0,Only Before Exam,6.1,Silent,1.1,0.6,0.0,1.3,6.4,94.0,0.1,At-Risk
STU3641,8.13,0.0,0.0,100.3,91.2,92.7,98.4,7.2,daily,1.3,Keep Away,0.2,1.3,5.0,5.5,8.9,19.0,6.6,Good
STU0673,9.91,0.0,NaN,75.9,90.7,81.5,86.9,NaN,Daily,1.0,KEEP AWAY,0.4,2.5,2.0,6.4,8.7,5.0,4.0,Good
STU0882,8.24,0.0,0.0,83.3,NaN,97.4,97.4,7.8,Weekly,0.4,Keep Away,0.8,1.8,4.0,8.0,7.9,28.0,5.2,Good
STU6337,9.84,NaN,0.0,96.1,NaN,76.0,80.6,7.6,Daily,0.1,Keep Away,0.8,1.8,6.0,7.0,8.2,25.0,5.1,Good
STU3507,4.82,4.0,2.0,47.5,21.9,25.9,40.2,0.6,never,7.1,Actively Use,1.1,0.2,1.0,0.6,6.6,92.0,1.6,At-Risk
STU5174,6.82,1.0,1.0,73.8,75.6,58.2,61.2,3.5,Weekly,1.9,Silent,0.8,0.5,1.0,NaN,7.4,36.0,1.0,Average
STU1233,8.61,0.0,0.0,94.7,96.4,87.0,72.9,7.7,Weekly,0.9,Keep Away,NaN,2.3,5.0,6.4,7.5,5.0,6.3,Good
STU3775,8.28,0.0,0.0,94.6,97.7,81.6,69.4,4.7,Weekly,1.8,silent,0.9,1.9,3.0,4.5,7.8,3.0,6.6,Good
STU4397,8.94,0.0,0.0,90.6,93.5,68.6,76.8,NaN,Weekly,0.8,Keep Away,0.9,1.8,5.0,6.9,7.7,30.0,6.4,Good
STU4484,6.16,1.0,1.0,66.4,78.5,66.6,54.5,2.2,Weekly,2.6,Silent,0.7,1.3,2.0,2.5,7.1,55.0,1.5,Average
STU3567,9.83,0.0,0.0,76.1,86.6,98.1,97.9,NaN,Daily,1.0,silent,0.5,1.5,4.0,5.2,7.9,28.0,3.1,Good
STU2085,8.34,0.0,0.0,76.2,97.1,85.4,89.8,4.3,daily,0.1,keep away,0.6,2.8,3.0,5.6,8.8,3.0,6.2,Good
STU1309,9.63,0.0,0.0,91.9,94.8,84.8,79.9,4.4,Daily,0.7,Silent,0.0,NaN,4.0,5.2,NaN,NaN,3.2,Good
STU1603,6.09,1.0,1.0,58.4,72.6,59.5,54.3,3.3,MONTHLY,3.0,Keep Away,0.8,0.8,1.0,2.7,7.4,42.0,2.4,Average
STU4773,7.67,0.0,0.0,94.0,88.5,90.0,98.2,6.9,Daily,1.6,Keep Away,0.1,2.0,4.0,5.8,8.5,26.0,3.5,Good
STU5667,8.31,0.0,0.0,86.8,93.1,90.1,84.2,NaN,Daily,0.5,SILENT,0.3,2.3,5.0,5.2,7.2,21.0,3.0,Good
STU4907,7.32,2.0,2.0,68.9,81.0,56.7,50.5,2.3,Monthly,3.8,Silent,0.5,1.1,0.0,2.2,7.1,27.0,2.2,At-Risk
STU6243,6.23,2.0,1.0,62.8,57.7,60.6,53.3,2.8,Monthly,2.7,Actively Use,1.1,NaN,1.0,2.9,NaN,59.0,2.8,At-Risk
STU5652,8.05,0.0,0.0,81.5,98.4,77.6,NaN,4.6,Daily,0.9,Keep Away,0.4,1.8,2.0,7.3,7.4,0.0,5.4,Good
STU6051,5.55,2.0,2.0,74.0,73.6,63.7,64.3,NaN,Monthly,1.9, Actively Use ,1.3,0.8,0.0,2.6,6.6,60.0,1.6,At-Risk
STU3208,5.1,3.0,1.0,NaN,32.9,47.0,38.4,2.0,only before exam,4.0,Silent,2.1,0.7,1.0,1.9,6.3,105.0,1.5,At-Risk
STU2289,6.51,2.0,1.0,64.9,69.0,62.5,57.8,1.8,Monthly,2.5,Silent,1.6,1.2,2.0,1.6,6.2,37.0,3.0,Average
STU1441,8.45,NaN,NaN,83.3,92.5,93.4,79.4,5.8,DAILY,1.2,keep away,0.2,2.4,5.0,5.7,7.9,29.0,6.2,Good
STU1338,6.22,2.0,2.0,68.3,80.2,53.3,63.5,3.3,Monthly,NaN,Actively Use,1.3,NaN,0.0,3.3,7.7,28.0,3.3,At-Risk
STU6397,9.99,0.0,0.0,83.4,98.3,79.5,71.8,4.7,NaN,1.0, Silent ,NaN,1.1,2.0,7.2,8.4,2.0,3.1,Good
STU0960,3.85,3.0,2.0,36.6,19.1,38.5,45.2,0.7,Monthly,6.5,Silent,3.5,0.4,1.0,0.3,6.0,83.0,1.7,At-Risk
STU7044,6.43,1.0,1.0,NaN,67.5,49.9,67.4,2.6,Monthly,3.8,Keep Away,1.9,1.4,0.0,1.7,6.6,42.0,3.4,Average
STU6758,7.84,0.0,0.0,101.2,90.5,81.7,72.7,6.9,Weekly,1.4,Silent,0.8,2.9,6.0,5.1,7.7,14.0,5.6,Good
STU2732,7.77,0.0,0.0,97.6,94.4,94.7,96.8,6.1,DAILY,1.2,Keep Away,1.0,1.9,4.0,6.2,7.7,0.0,5.5,Good
STU3748,8.09,0.0,0.0,81.5,91.6,79.1,86.7,5.2,Daily,1.6,Keep Away,1.0,1.8,5.0,3.2,NaN,11.0,3.4,Good
STU0883,NaN,3.0,1.0,39.2,23.9,47.3,44.4,0.4,Monthly,NaN, Silent ,NaN,0.4,0.0,0.5,NaN,120.0,1.4,At-Risk
STU0568,4.08,2.0,2.0,49.0,49.3,33.5,27.4,0.7,Monthly,6.9,Actively Use,1.2,0.0,0.0,1.6,5.5,110.0,0.3,At-Risk
STU7289,7.87,0.0,0.0,96.6,93.8,NaN,86.3,5.9,Weekly,0.1,Keep Away,0.1,2.6,4.0,NaN,8.2,16.0,5.5,Good
STU4508,8.2,0.0,0.0,96.4,87.7,85.3,75.9,NaN,Weekly,1.6,Keep Away,0.6,2.5,6.0,7.6,8.9,17.0,6.1,Good
STU7269,9.67,0.0,0.0,100.3,93.0,98.2,95.7,4.9,Daily,0.6, Keep Away ,0.6,1.3,4.0,4.6,8.4,4.0,4.4,Good
STU3314,NaN,2.0,1.0,67.0,70.9,52.4,49.4,2.7,Weekly,2.1,Silent,1.2,1.3,2.0,1.9,7.6,37.0,3.1,Average
STU0503,5.68,2.0,NaN,61.3,83.9,51.1,63.4,NaN,Weekly,2.9,Actively Use,1.0,1.3,1.0,NaN,7.3,35.0,NaN,At-Risk
STU0345,6.09,2.0,1.0,55.5,66.3,55.5,64.6,3.1,Weekly,3.1,Silent,0.5,1.2,1.0,2.0,7.3,17.0,2.7,Average
STU2558,6.13,2.0,1.0,73.0,83.9,60.1,50.4,3.3,Weekly,NaN,Silent,1.1,0.7,0.0,2.6,7.5,44.0,1.8,At-Risk
STU5075,8.58,0.0,0.0,75.1,NaN,82.8,87.0,7.1,Daily,0.5,Keep Away,1.0,2.5,6.0,7.1,7.6,30.0,NaN,Good
STU6537,9.79,0.0,0.0,82.2,95.2,80.5,89.3,4.5,WEEKLY,0.9,KEEP AWAY,0.1,2.9,2.0,4.1,9.0,21.0,4.7,Good
STU0573,4.33,3.0,2.0,38.9,37.8,26.7,35.4,2.1,Never,5.4,Silent,1.3,0.6,0.0,NaN,6.6,108.0,0.9,At-Risk
STU4299,3.71,5.0,2.0,NaN,53.7,NaN,26.9,2.0,Monthly,4.3,Silent,4.9,0.9,0.0,1.1,4.4,60.0,1.4,At-Risk
STU3654,7.33,1.0,1.0,70.9,62.5,54.1,69.9,3.4,MONTHLY,3.3,Keep Away,1.3,0.9,1.0,2.8,7.5,56.0,NaN,At-Risk
STU3420,NaN,0.0,0.0,76.3,92.3,78.4,69.9,7.6,Weekly,1.0,Keep Away,0.8,1.5,5.0,6.8,8.7,16.0,NaN,Good
STU5995,9.26,0.0,0.0,87.0,90.5,89.4,73.2,7.3,Daily,0.5,Keep Away,0.5,2.0,6.0,6.9,7.4,18.0,4.2,Good
STU2467,6.18,2.0,1.0,70.6,82.2,56.5,50.9,2.4,MONTHLY,3.3,Silent,0.7,0.8,1.0,1.6,6.8,28.0,1.2,At-Risk
STU2729,6.25,1.0,NaN,62.5,80.0,54.2,60.6,2.6,Monthly,NaN,Keep Away,1.1,0.7,1.0,3.1,6.3,35.0,3.8,Average
STU1988,6.14,1.0,1.0,59.1,65.9,64.3,NaN,2.6,Weekly,3.3,actively use,0.7,1.0,0.0,NaN,6.3,20.0,3.8,Average
STU6333,8.88,0.0,0.0,87.1,94.6,77.4,73.1,7.3,weekly,1.7,Keep Away,0.5,NaN,2.0,5.8,8.9,12.0,5.0,Good
STU5731,9.99,0.0,0.0,95.8,89.3,90.0,91.8,7.7,weekly,1.5,Keep Away,0.3,3.0,2.0,4.5,NaN,0.0,5.8,Good
STU6619,8.48,0.0,NaN,98.0,90.5,99.3,81.6,4.3,NaN,1.3,Keep Away,0.8,1.8,5.0,3.9,8.5,16.0,4.1,Good
STU7303,9.28,0.0,0.0,96.7,87.3,85.3,78.8,4.2,Weekly,0.7,Silent,0.1,2.7,2.0,6.6,7.7,30.0,4.3,Good
STU6678,3.57,5.0,3.0,51.5,42.5,40.1,45.3,NaN,Only Before Exam,4.9,actively use,2.7,NaN,1.0,1.7,4.2,71.0,0.5,At-Risk
STU4408,9.43,0.0,0.0,75.2,91.4,80.9,89.5,4.9,Weekly,1.5,Keep Away,0.6,NaN,6.0,NaN,8.9,27.0,5.4,Good
STU6336,6.43,1.0,1.0,55.3,63.4,62.6,56.5,3.2,WEEKLY,3.8,keep away,1.7,NaN,0.0,1.9,7.7,29.0,2.2,Average
STU4871,8.07,0.0,0.0,91.1,88.9,81.4,93.6,4.2,Daily,0.7,Keep Away,0.5,2.3,4.0,3.1,7.8,1.0,4.4,Good
STU3769,6.04,2.0,1.0,72.0,74.8,54.9,NaN,3.8, Weekly ,3.1,NaN,1.4,1.3,1.0,1.2,7.4,34.0,1.5,Average
STU0930,5.16,5.0,3.0,47.7,20.9,35.7,32.9,0.6,NaN,7.0,Actively Use,NaN,0.9,0.0,0.4,6.0,104.0,1.3,At-Risk
STU6753,7.01,1.0,1.0,71.2,69.4,59.9,68.1,3.9,Weekly,3.4,Silent,0.6,1.5,2.0,1.7,6.7,50.0,1.4,Average
STU0749,3.82,4.0,1.0,46.6,43.0,30.1,NaN,1.4,Never,6.3,Actively Use,3.2,0.0,1.0,1.4,NaN,87.0,1.9,At-Risk
STU1789,3.33,2.0,2.0,44.2,44.7,43.2,45.1,1.6,never,6.8,Silent,3.3,0.3,1.0,1.8,4.1,41.0,0.7,At-Risk
STU7057,5.69,2.0,1.0,74.8,74.1,63.5,NaN,2.0,Weekly,2.9,Actively Use,1.3,0.5,1.0,NaN,7.7,56.0,1.2,At-Risk
STU6136,5.8,2.0,1.0,54.0,79.7,63.2,68.3,3.6,Weekly,3.0,Actively Use,0.8,NaN,2.0,2.3,6.5,33.0,3.4,Average
STU3683,3.08,3.0,NaN,31.4,47.2,34.0,22.5,1.7,Only Before Exam,3.9,Actively Use,2.3,0.2,1.0,1.9,6.2,109.0,1.4,At-Risk
STU5099,6.98,2.0,1.0,64.1,63.8,69.1,NaN,2.6, Monthly ,NaN, Silent ,1.3,0.6,0.0,2.2,6.3,33.0,3.4,At-Risk
STU2216,6.97,NaN,NaN,56.6,64.6,49.8,68.0,NaN,Monthly,3.3,SILENT,1.7,1.4,0.0,1.3,7.8,20.0,1.6,Average
STU1065,6.1,2.0,1.0,63.8,78.5,61.8,55.0,2.5,Weekly,3.1,Actively Use,1.1,0.7,1.0,3.8,7.4,35.0,2.4,At-Risk
STU1382,5.24,5.0,5.0,47.5,23.3,NaN,37.7,1.6,NaN,3.3,Silent,3.0,0.7,1.0,1.1,5.9,108.0,1.6,At-Risk
STU5078,6.34,NaN,1.0,64.7,61.6,NaN,70.2,2.4,Monthly,2.6,Actively Use,1.4,0.6,2.0,3.9,7.0,24.0,1.3,At-Risk
STU0518,3.23,5.0,NaN,55.1,33.8,28.5,31.6,-0.0,Monthly,5.6,Actively Use,1.5,0.4,0.0,NaN,6.3,78.0,NaN,At-Risk
STU3469,6.91,2.0,1.0,72.8,73.8,60.3,68.8,1.7,Monthly,2.5,KEEP AWAY,0.9,0.9,0.0,NaN,6.5,40.0,1.8,At-Risk
STU6858,8.15,0.0,0.0,79.7,98.1,NaN,84.5,4.8,Weekly,0.7,Silent,0.6,1.6,2.0,7.6,8.0,4.0,NaN,Good
STU2702,4.04,2.0,1.0,49.6,59.0,22.9,37.3,1.7,Only Before Exam,5.5,ACTIVELY USE,2.6,0.7,1.0,0.5,5.0,115.0,2.0,At-Risk
STU0230,9.53,0.0,0.0,90.6,93.1,90.7,75.2,5.7,Weekly,1.7,Keep Away,0.3,1.9,6.0,7.5,8.6,13.0,3.2,Good
STU3364,5.36,NaN,3.0,46.7,57.9,23.7,29.2,NaN,ONLY BEFORE EXAM,4.6,Actively Use,4.9,1.0,0.0,1.5,5.5,59.0,1.6,At-Risk
STU2176,8.32,0.0,NaN,94.6,94.9,79.0,87.0,4.5,Weekly,0.1, Keep Away ,0.3,2.2,3.0,6.6,8.7,21.0,6.7,Good
STU6142,8.52,0.0,0.0,90.3,96.9,74.7,83.2,6.1,Weekly,1.1,Keep Away,0.7,1.5,6.0,6.2,7.4,8.0,3.5,Good
STU3327,9.14,0.0,0.0,77.0,87.2,72.4,95.1,6.5,WEEKLY,1.0,Keep Away,0.8,2.3,2.0,6.1,8.1,9.0,3.0,Good
STU3939,8.87,0.0,0.0,101.1,89.3,77.1,95.4,4.4,Daily,1.8,Keep Away,0.8,1.8,3.0,3.4,7.1,13.0,4.5,Good
STU7045,8.62,0.0,0.0,84.4,88.6,87.4,96.0,6.8,Weekly,1.4,Keep Away,0.7,2.5,2.0,7.5,7.2,9.0,NaN,Good
STU3815,9.1,0.0,0.0,93.2,97.0,85.4,79.0,4.1,Weekly,1.5,silent,0.8,1.8,3.0,5.7,7.6,11.0,4.8,Good
STU2078,7.56,0.0,0.0,88.3,88.2,85.8,85.0,4.9,Weekly,0.8,Silent,0.8,1.5,6.0,4.9,7.5,3.0,6.3,Good
STU4314,9.44,0.0,0.0,102.6,95.8,80.5,95.3,6.3,Daily,1.4,Keep Away,0.7,2.5,5.0,6.3,7.3,8.0,4.9,Good
STU3941,6.52,2.0,1.0,61.3,71.0,NaN,55.8,2.7,Weekly,3.6,ACTIVELY USE,0.8,0.8,1.0,3.6,6.7,55.0,3.9,Average
STU3841,7.21,2.0,1.0,75.6,NaN,64.2,49.3,1.8,Weekly,2.6,Keep Away,1.8,1.2,2.0,2.3,6.9,21.0,2.4,Average
STU7398,9.65,NaN,0.0,94.0,100.5,83.0,77.5,7.0, Weekly ,1.8,Keep Away,NaN,1.7,6.0,NaN,8.4,1.0,6.0,Good
STU5323,8.07,0.0,0.0,86.3,84.8,77.0,75.0,4.0,Daily,1.3,Keep Away,0.2,3.0,3.0,5.6,7.6,NaN,6.7,Good
STU7400,9.76,0.0,0.0,87.6,86.6,79.4,73.1,7.5,DAILY,1.0,Silent,NaN,1.7,NaN,5.6,7.3,9.0,NaN,Good
STU5560,9.41,0.0,0.0,78.5,92.2,92.1,NaN,3.8,Daily,0.9,Silent,0.8,1.2,5.0,3.1,8.5,18.0,4.1,Good
STU7139,7.87,0.0,0.0,NaN,97.8,96.9,80.4,4.1,Weekly,1.2,Keep Away,1.0,1.3,2.0,7.1,7.8,30.0,3.5,Good
STU1363,3.86,5.0,1.0,44.3,35.0,19.0,33.8,0.2,Only Before Exam,3.5,Actively Use,NaN,0.0,0.0,1.9,5.6,115.0,2.0,At-Risk
STU6046,8.23,0.0,0.0,84.2,90.5,84.2,90.2,5.4,Weekly,1.0,Keep Away,1.0,1.4,5.0,3.8,8.6,13.0,4.6,Good
STU1255,6.21,1.0,1.0,66.2,79.0,64.1,48.8,4.0,Monthly,3.1,keep away,1.6,0.6,0.0,3.0,6.4,50.0,2.3,At-Risk
STU5357,7.5,1.0,1.0,NaN,60.8,NaN,65.1,2.6,Weekly,3.5,Silent,1.2,0.8,2.0,3.3,6.7,25.0,3.2,Average
STU3790,5.26,4.0,2.0,46.1,55.0,48.2,20.8,1.8,Never,3.1,ACTIVELY USE,4.7,NaN,1.0,NaN,5.9,62.0,1.8,At-Risk
STU2593,8.94,NaN,0.0,99.3,101.5,79.8,87.0,7.4,Weekly,0.4,Keep Away,0.9,2.2,NaN,6.6,7.2,10.0,6.1,Good
STU0007,7.51,0.0,0.0,93.9,96.6,90.3,93.3,4.2,Weekly,0.7,Keep Away,0.1,2.7,3.0,6.1,7.5,30.0,3.3,Good
STU6648,6.66,2.0,2.0,51.9,69.4,48.6,62.0,3.0,Monthly,3.3,SILENT,0.7,1.4,0.0,2.6,7.2,29.0,2.6,At-Risk
STU4923,6.69,1.0,1.0,71.2,63.0,62.1,58.7,NaN,Weekly,2.3,Keep Away,NaN,0.8,1.0,2.0,7.5,15.0,3.8,Average
STU6074,8.88,0.0,0.0,97.4,93.1,72.0,81.4,7.6,WEEKLY,0.7,Silent,0.4,NaN,3.0,NaN,7.7,NaN,6.3,Good
STU1581,9.09,0.0,0.0,76.6,95.2,76.9,83.7,NaN,Weekly,-0.0,Keep Away,0.2,2.1,4.0,5.4,8.0,20.0,4.0,Good
STU6267,9.83,0.0,NaN,89.0,86.6,93.4,94.3,5.1,Daily,1.6,Keep Away,0.5,NaN,3.0,4.2,8.7,25.0,5.8,Good
STU4663,9.09,0.0,0.0,77.0,98.5,84.3,76.1,6.4,Daily,0.4,Keep Away,1.0,2.7,3.0,4.3,7.7,14.0,4.6,Good
STU3151,5.76,2.0,2.0,56.6,84.4,59.5,57.7,2.0,weekly,3.5,Silent,1.1,0.6,2.0,NaN,7.6,16.0,3.2,Average
STU0281,9.49,0.0,0.0,84.2,93.9,78.0,96.3,6.5,Daily,0.5, Keep Away ,0.3,NaN,2.0,6.5,NaN,14.0,5.4,Good
STU3842,6.12,1.0,1.0,69.6,76.6,60.1,60.6,3.7,Monthly,3.3,KEEP AWAY,0.7,0.9,1.0,1.9,7.9,NaN,2.2,Average
STU4221,3.66,5.0,3.0,36.4,43.6,42.3,44.3,1.8,Never,NaN,ACTIVELY USE,3.6,0.4,1.0,1.4,NaN,64.0,0.4,At-Risk
STU4587,7.36,1.0,1.0,70.6,74.7,68.4,54.6,2.2,Monthly,3.0,Keep Away,0.8,0.8,1.0,2.8,6.8,21.0,3.6,Average
STU1130,9.65,0.0,0.0,76.3,89.5,85.9,92.0,4.8,daily,1.4,Keep Away,0.4,1.4,3.0,6.8,7.1,16.0,NaN,Good
STU5293,8.1,0.0,0.0,93.2,95.3,78.4,81.1,4.4,Daily,0.8,Silent,0.4,1.3,6.0,7.2,8.7,15.0,3.4,Good
STU6030,6.09,1.0,1.0,56.0,73.6,67.8,61.1,2.2,Monthly,2.9,Silent,1.2,1.4,0.0,2.1,7.5,34.0,NaN,At-Risk
STU2218,5.07,4.0,4.0,31.1,NaN,22.3,29.0,1.6,Only Before Exam,6.3,Actively Use,1.2,0.5,1.0,1.1,4.1,64.0,NaN,At-Risk
STU2514,8.75,0.0,0.0,78.7,89.8,82.4,71.4,6.3,daily,1.8,KEEP AWAY,0.2,2.1,2.0,7.8,8.6,10.0,6.4,Good
STU1703,5.32,2.0,1.0,46.8,41.5,22.1,21.0,0.1,only before exam,7.5,Actively Use,NaN,0.5,0.0,1.7,6.0,NaN,1.2,At-Risk
STU3919,6.39,1.0,1.0,70.6,65.4,69.9,51.9,1.7,Weekly,2.0,Actively Use,0.7,1.0,1.0,3.4,6.6,35.0,3.2,Average
STU4697,6.05,2.0,2.0,64.2,77.5,55.2,69.9,3.6,Weekly,3.8,Silent,1.2,1.1,2.0,1.8,7.4,46.0,3.9,Average
STU0181,9.13,0.0,0.0,87.2,91.0,95.6,83.9,8.1,WEEKLY,1.3,silent,0.1,2.4,5.0,NaN,8.5,3.0,3.3,Good
STU3810,5.26,2.0,2.0,NaN,45.7,49.0,31.1,0.2,Monthly,3.5,ACTIVELY USE,4.9,0.8,1.0,1.8,6.0,73.0,0.7,At-Risk
STU5238,8.48,0.0,0.0,77.3,94.8,97.6,66.8,6.1,Daily,1.9, Silent ,NaN,NaN,5.0,5.8,8.0,25.0,5.7,Good
STU3711,NaN,0.0,0.0,89.7,92.4,98.5,74.1,NaN,Daily,1.9,Silent,0.4,1.8,5.0,6.3,8.4,5.0,3.1,Good
STU2843,7.7,0.0,0.0,99.6,102.8,91.8,74.3,7.3,Daily,1.1,keep away,0.8,2.6,4.0,3.4,8.1,2.0,4.9,Good
STU4129,7.87,0.0,0.0,97.4,89.4,90.6,78.3,6.0,WEEKLY,1.2,Keep Away,0.2,1.6,5.0,3.5,7.1,9.0,4.0,Good
STU1783,4.38,4.0,2.0,39.0,52.1,20.3,35.2,0.5,Never,6.8,Actively Use,1.2,0.8,0.0,1.7,6.5,109.0,0.3,At-Risk
STU0432,7.55,0.0,0.0,77.9,93.0,93.2,99.2,4.4,NaN,1.2,KEEP AWAY,0.9,NaN,4.0,NaN,7.3,30.0,NaN,Good
STU6992,7.18,2.0,1.0,NaN,86.1,57.6,66.6,4.0,Monthly,4.2,SILENT,0.9,1.0,0.0,1.2,7.2,46.0,3.2,Average
STU0570,9.19,0.0,0.0,85.7,100.9,71.6,81.3,7.9,weekly,1.9,Keep Away,0.2,1.7,5.0,6.1,7.2,20.0,6.9,Good
STU6984,9.8,0.0,0.0,97.6,92.8,92.8,79.3,5.0,Weekly,1.0,Keep Away,0.8,2.2,6.0,5.3,8.3,21.0,6.2,Good
STU0088,9.71,0.0,0.0,90.1,87.7,72.5,95.3,4.2,Daily,1.8, Silent ,0.5,2.9,4.0,7.0,9.0,16.0,4.4,Good
STU4548,9.05,0.0,0.0,87.4,88.1,75.3,91.0,4.1,Weekly,0.7,Keep Away,0.4,2.0,6.0,4.8,7.8,12.0,5.2,Good
STU3677,8.79,0.0,0.0,84.3,86.9,80.3,81.7,6.0,WEEKLY,1.4,Silent,0.4,1.8,6.0,7.5,8.5,4.0,3.1,Good
STU4167,6.62,2.0,NaN,60.0,69.5,65.8,55.6,3.8,Weekly,2.9,Keep Away,1.8,1.3,0.0,2.5,6.4,49.0,3.2,Average
STU6786,9.97,NaN,0.0,NaN,88.3,80.6,80.5,7.6,weekly,1.0,Keep Away,0.1,2.0,5.0,4.4,7.7,3.0,3.5,Good
STU6212,8.48,0.0,0.0,88.3,90.4,77.9,77.6,7.5,Daily,0.2,Keep Away,0.4,1.9,5.0,4.0,7.9,30.0,4.7,Good
STU4028,4.88,3.0,2.0,38.2,46.7,43.9,28.2,0.8,Monthly,5.4,Silent,4.5,0.0,0.0,0.6,6.7,49.0,0.5,At-Risk
STU1950,8.72,0.0,0.0,81.5,98.6,78.1,92.1,7.1,Weekly,1.8,Keep Away,0.3,1.8,6.0,NaN,8.0,4.0,3.7,Good
STU1826,8.87,0.0,0.0,80.8,98.3,80.8,91.6,6.6,Daily,0.4,Keep Away,0.2,1.7,2.0,7.0,8.2,NaN,4.0,Good
STU5587,8.06,0.0,0.0,86.9,90.6,82.3,85.8,5.2,Weekly,NaN,NaN,NaN,2.2,4.0,7.2,7.1,24.0,3.0,Good
STU4127,6.45,1.0,1.0,75.5,79.4,56.6,68.7,3.5,Weekly,2.7,Silent,1.4,0.9,2.0,1.3,7.6,44.0,1.6,Average
STU3074,6.5,2.0,2.0,61.6,79.1,67.1,52.4,2.5,Weekly,2.8,Actively Use,1.3,1.4,2.0,3.7,7.3,45.0,1.8,Average
STU3334,4.91,2.0,1.0,34.9,38.5,NaN,29.2,0.4,Monthly,3.9,Actively Use,1.7,0.2,0.0,0.5,4.9,100.0,0.9,At-Risk
STU4399,8.23,0.0,0.0,NaN,94.7,69.7,91.7,4.7,weekly,1.4,KEEP AWAY,0.6,1.7,3.0,6.6,7.5,17.0,3.9,Good
STU3136,8.96,0.0,0.0,91.8,87.8,93.2,83.5,8.3,Weekly,-0.3,keep away,0.4,1.4,5.0,NaN,7.6,0.0,5.9,Good
STU5927,9.69,0.0,0.0,86.4,99.6,77.3,95.9,5.1,NaN,1.2,keep away,0.8,2.6,4.0,4.4,9.1,29.0,3.3,Good
STU1700,5.3,2.0,2.0,32.1,31.6,20.3,27.8,2.0,Never,NaN,Actively Use,2.7,0.1,1.0,0.8,6.5,84.0,1.2,At-Risk
STU3859,4.24,2.0,2.0,48.8,58.6,NaN,24.9,1.1,Never,3.1,Actively Use,NaN,0.2,1.0,1.1,4.3,45.0,1.1,At-Risk
STU5412,6.67,2.0,1.0,75.7,81.9,57.0,58.3,3.8,Monthly,2.9,Keep Away,0.7,0.8,1.0,3.0,NaN,50.0,3.1,Average
STU4637,5.96,1.0,1.0,70.7,78.2,67.1,56.4,2.4,Monthly,2.3,Keep Away,1.5,1.0,1.0,2.8,6.0,47.0,2.2,At-Risk
STU4986,6.61,1.0,1.0,56.3,74.8,48.2,56.2,2.9,Weekly,3.5,Keep Away,1.6,1.4,0.0,1.4,7.0,27.0,1.1,Average
STU2773,6.2,1.0,NaN,60.4,71.0,68.5,52.1,2.2,monthly,2.9,Keep Away,0.6,1.2,1.0,NaN,7.6,34.0,3.2,Average
STU6850,9.84,0.0,0.0,NaN,84.3,84.3,77.3,6.0,Daily,0.9,Silent,0.3,2.3,3.0,4.6,8.7,NaN,4.3,Good
STU1784,6.76,2.0,1.0,56.7,81.6,67.0,63.5,3.6,MONTHLY,2.3,SILENT,1.3,0.8,NaN,3.9,7.8,40.0,3.2,Average
STU2907,9.72,0.0,0.0,96.6,97.0,85.1,71.0,NaN,weekly,0.6,Keep Away,0.2,2.7,4.0,7.9,8.7,16.0,5.9,Good
STU0856,4.7,NaN,NaN,47.6,46.2,48.0,44.9,0.1,Only Before Exam,5.4,Actively Use,2.6,NaN,0.0,0.9,5.2,NaN,0.9,At-Risk
STU0265,9.41,0.0,0.0,84.6,94.4,78.0,73.0,4.6,Daily,-0.0,Silent,0.2,2.3,5.0,7.4,8.7,2.0,5.7,Good
STU5948,NaN,2.0,2.0,59.6,79.4,67.1,60.3,2.7,weekly,2.2,Silent,0.8,1.3,1.0,2.8,6.9,20.0,1.7,Average
STU6666,7.94,0.0,0.0,95.0,87.6,91.2,79.2,NaN,DAILY,1.7,Silent,0.3,1.8,5.0,3.2,8.5,26.0,5.7,Good
STU4275,6.77,1.0,1.0,54.7,64.5,53.7,64.1,2.7,Monthly,3.1,Actively Use,NaN,0.8,2.0,1.4,7.8,59.0,NaN,Average
STU6070,7.34,1.0,1.0,61.5,73.8,56.7,53.7,3.0, Weekly ,3.7,Actively Use,1.0,1.3,2.0,1.1,6.5,27.0,1.4,Average
STU0487,5.04,5.0,3.0,NaN,50.5,33.6,46.9,0.4, Monthly ,5.9,Actively Use,3.5,0.4,0.0,0.3,4.3,120.0,NaN,At-Risk
STU4201,9.31,0.0,0.0,90.5,89.8,93.3,NaN,7.0,Daily,1.3,Keep Away,0.6,1.1,NaN,6.1,8.0,12.0,NaN,Good
STU7125,5.65,1.0,1.0,59.2,NaN,66.2,57.2,3.5,Monthly,2.1,Actively Use,1.5,1.3,2.0,2.6,7.6,36.0,NaN,Average
STU5129,9.54,0.0,NaN,81.2,84.9,94.3,85.8,6.4, Weekly ,1.1,Keep Away,0.1,1.7,2.0,NaN,7.6,1.0,5.0,Good
STU1585,7.84,0.0,0.0,80.7,96.2,88.9,80.2,NaN,weekly,-0.1,Keep Away,NaN,1.0,6.0,4.2,7.7,NaN,3.5,Good
STU1375,5.47,5.0,2.0,37.5,21.6,25.9,29.4,0.8,Never,3.3,Silent,NaN,0.3,1.0,0.2,NaN,47.0,1.8,At-Risk
STU2925,9.77,0.0,0.0,NaN,92.1,69.0,92.0,5.8,WEEKLY,1.5,Keep Away,0.8,2.0,4.0,NaN,7.4,10.0,3.6,Good
STU2475,8.78,0.0,0.0,90.7,NaN,92.8,89.1,7.1, Weekly ,0.5,Keep Away,0.6,2.7,4.0,4.5,NaN,13.0,5.5,Good
STU2429,5.07,5.0,3.0,32.8,34.8,40.9,47.2,1.0,Only Before Exam,7.2,Silent,2.9,0.7,1.0,2.0,4.5,52.0,1.9,At-Risk
STU7041,9.38,0.0,0.0,85.1,93.4,78.6,76.3,6.3,Daily,-0.0,silent,0.0,3.0,6.0,NaN,8.7,27.0,NaN,Good
STU3803,8.57,0.0,0.0,86.0,96.8,94.0,77.2,NaN,Weekly,NaN,Keep Away,0.4,2.4,4.0,NaN,7.3,19.0,3.7,Good
STU3740,4.15,3.0,2.0,37.1,53.6,19.7,45.6,1.4,never,3.9,Silent,3.0,0.8,1.0,0.9,4.3,116.0,0.1,At-Risk
STU5766,5.96,1.0,1.0,66.7,84.3,63.2,57.8,3.1,Monthly,2.5,Silent,1.4,0.8,0.0,1.3,6.9,57.0,1.1,At-Risk
STU3476,8.14,0.0,0.0,96.7,93.8,75.0,73.3,7.6, Weekly ,1.8,keep away,0.7,1.4,5.0,5.4,8.2,13.0,6.7,Good
STU2355,4.34,4.0,3.0,31.1,27.0,48.3,33.5,0.7,Monthly,4.1,actively use,2.1,0.5,0.0,0.7,5.3,57.0,0.3,At-Risk
STU6486,9.08,0.0,0.0,96.2,94.6,96.5,93.8,4.7,weekly,1.2,NaN,0.6,1.5,3.0,3.6,8.6,28.0,6.9,Good
STU0842,6.24,NaN,1.0,73.3,81.3,61.5,61.8,NaN,Monthly,NaN,Silent,0.8,1.5,2.0,2.9,8.1,54.0,2.0,Average
STU7351,8.97,0.0,0.0,91.3,84.3,72.6,94.5,5.4,Daily,0.1,Silent,0.1,1.5,5.0,4.5,9.0,16.0,6.3,Good
STU1904,7.61,0.0,0.0,78.0,93.8,72.8,99.8,7.4,Daily,1.2,Keep Away,0.8,2.8,5.0,4.3,9.0,22.0,NaN,Good
STU7022,7.07,1.0,1.0,69.7,83.6,58.6,66.9,1.9,Weekly,4.1, Silent ,1.9,1.3,2.0,2.8,6.9,NaN,1.5,Average
STU2180,8.31,0.0,0.0,87.0,98.5,80.7,79.3,5.0,weekly,0.2,silent,0.2,2.5,4.0,3.3,9.1,NaN,5.1,Good
STU4542,6.03,1.0,1.0,NaN,63.9,67.2,63.7,2.4,Weekly,3.3,Keep Away,1.3,0.8,1.0,3.7,6.2,46.0,2.4,Average
STU4092,3.55,3.0,1.0,49.7,41.9,39.9,34.3,1.4,Only Before Exam,NaN,Silent,1.2,0.9,1.0,1.5,NaN,71.0,0.9,At-Risk
STU5107,9.04,0.0,0.0,83.9,99.2,75.4,82.3,NaN,Weekly,1.7,Keep Away,0.4,1.4,4.0,6.6,8.5,5.0,4.8,Good
STU1638,9.22,0.0,0.0,97.9,88.7,93.4,85.9,4.7,WEEKLY,NaN,Keep Away,0.5,2.4,5.0,4.2,8.1,1.0,5.7,Good
STU2294,8.16,0.0,0.0,97.3,84.7,83.8,81.8,7.4,Weekly,0.5,Keep Away,0.6,1.3,2.0,7.8,8.3,1.0,5.5,Good
STU2225,NaN,0.0,0.0,96.5,NaN,70.4,94.4,4.5,daily,0.4,Silent,0.1,NaN,4.0,3.1,7.2,18.0,4.8,Good
STU5541,9.5,0.0,0.0,77.2,87.9,72.2,80.7,4.6,Daily,1.9,Silent,0.5,1.5,5.0,6.0,6.9,13.0,5.9,Good
STU2748,5.48,2.0,1.0,50.2,47.2,47.9,49.3,1.7,Never,5.9,Actively Use,3.1,0.3,1.0,0.5,5.7,87.0,1.2,At-Risk
STU2361,NaN,2.0,2.0,74.4,NaN,47.8,69.6,3.4,Monthly,3.8,Keep Away,0.7,0.8,0.0,1.4,7.8,18.0,3.6,Average
STU3731,8.62,0.0,0.0,89.2,99.9,76.6,91.5,4.9, Weekly ,0.1,Keep Away,0.9,1.3,6.0,NaN,7.2,30.0,4.9,Good
STU1768,5.93,NaN,1.0,54.8,76.8,65.7,53.0,2.1,Weekly,2.8,Keep Away,1.4,1.2,2.0,3.4,7.1,39.0,1.3,Average
STU1292,8.88,0.0,0.0,87.3,91.6,NaN,82.5,3.6,Daily,0.0,Keep Away,0.9,2.9,6.0,6.4,7.6,0.0,6.8,Good
STU4208,9.93,0.0,0.0,76.6,93.7,80.3,70.6,NaN,daily,0.4,KEEP AWAY,0.2,1.7,2.0,6.9,8.2,4.0,4.1,Good
STU5332,7.34,2.0,1.0,66.3,61.1,49.5,NaN,2.0,Monthly,3.3,Silent,1.0,1.0,NaN,1.5,6.6,57.0,2.3,At-Risk
STU1991,9.04,0.0,NaN,90.5,91.1,98.0,75.0,NaN,Daily,0.8,keep away,0.1,2.2,5.0,4.9,8.4,16.0,4.7,Good
STU0566,8.39,0.0,0.0,85.9,94.0,78.6,90.0,7.7,Weekly,2.0,Silent,NaN,2.7,5.0,5.8,8.8,10.0,4.2,Good
STU6357,7.9,0.0,0.0,93.4,96.9,77.4,71.2,6.1,Weekly,0.6,Keep Away,0.0,1.5,5.0,NaN,8.3,14.0,6.4,Good
STU4460,9.64,NaN,0.0,94.3,85.8,87.8,95.8,6.5,daily,NaN,KEEP AWAY,1.0,1.0,3.0,3.1,8.8,24.0,3.2,Good
STU1678,9.02,0.0,0.0,80.6,95.0,72.0,78.4,6.7,NaN,0.4, Silent ,0.0,2.7,2.0,4.6,7.1,27.0,3.3,Good
STU3555,6.7,1.0,1.0,67.7,74.8,66.7,54.0,3.7,MONTHLY,2.1,Actively Use,1.5,1.1,2.0,1.6,6.2,60.0,1.4,At-Risk
STU0119,7.6,0.0,0.0,NaN,90.9,100.4,79.1,5.8,Daily,-0.1,Keep Away,0.1,3.0,3.0,7.8,7.0,6.0,6.8,Good
STU7083,6.83,2.0,2.0,75.3,77.8,NaN,70.8,3.1,MONTHLY,2.5,Keep Away,0.9,0.7,0.0,3.9,6.8,31.0,2.5,At-Risk
STU3753,8.77,0.0,0.0,94.6,84.3,90.5,76.3,8.1,Weekly,1.8,Silent,0.9,NaN,5.0,5.4,7.4,0.0,5.4,Good
STU4362,9.93,0.0,0.0,80.7,88.6,88.5,NaN,5.0,Weekly,1.8,NaN,0.8,2.8,4.0,5.4,8.1,12.0,6.1,Good
STU5542,6.5,2.0,NaN,56.4,67.9,66.9,50.3,3.7,MONTHLY,3.6,Keep Away,1.7,0.6,2.0,2.1,6.6,23.0,NaN,Average
STU5027,8.54,0.0,0.0,94.1,98.6,97.0,87.9,7.0,Daily,0.6,Keep Away,0.1,NaN,4.0,3.1,7.8,24.0,3.4,Good
STU3886,7.65,0.0,0.0,95.3,97.9,95.1,93.1,5.1,Weekly,0.8,KEEP AWAY,0.9,2.5,6.0,NaN,7.8,5.0,3.0,Good
STU4493,8.97,0.0,0.0,98.0,86.1,94.0,NaN,6.9,Weekly,1.1,Keep Away,0.9,2.0,3.0,7.2,7.0,24.0,4.7,Good
STU6213,8.06,0.0,0.0,86.3,85.8,73.6,90.7,6.7,Daily,0.4,Keep Away,0.7,1.9,2.0,NaN,7.6,11.0,6.9,Good
STU4178,6.22,2.0,2.0,61.5,69.6,66.5,68.5,3.2,WEEKLY,3.2,Keep Away,0.6,1.2,1.0,2.8,NaN,28.0,NaN,Average
STU1852,3.34,4.0,3.0,49.5,56.1,48.6,20.7,1.6,Monthly,6.8,SILENT,NaN,0.3,1.0,1.5,4.2,62.0,1.3,At-Risk
STU0589,9.51,0.0,0.0,85.0,98.7,96.9,98.1,6.3,WEEKLY,1.5,Keep Away,0.8,NaN,6.0,6.0,7.1,9.0,5.0,Good
STU3385,5.89,1.0,1.0,56.8,62.6,51.2,NaN,2.6,Monthly,NaN,Keep Away,1.0,NaN,0.0,3.2,7.1,25.0,1.2,Average
STU4530,8.12,0.0,0.0,93.6,93.0,88.6,91.9,5.6,Weekly,0.3,Silent,0.9,1.2,3.0,7.1,8.9,7.0,5.3,Good
STU2531,9.28,0.0,0.0,80.4,85.0,75.8,82.0,4.1,NaN,0.3,Silent,0.8,2.5,2.0,7.1,8.7,27.0,4.7,Good
STU1611,4.19,2.0,2.0,53.4,39.3,20.5,27.8,1.8,Only Before Exam,3.2, Actively Use ,3.2,0.1,0.0,0.6,4.4,74.0,NaN,At-Risk
STU1630,5.21,2.0,2.0,48.0,46.0,22.3,46.2,1.0,Only Before Exam,7.8,silent,3.0,0.7,0.0,0.1,6.1,100.0,0.7,At-Risk
STU7291,3.6,5.0,1.0,47.3,56.4,30.7,37.8,-0.0,ONLY BEFORE EXAM,4.6,Actively Use,3.7,0.9,0.0,1.2,5.2,48.0,0.6,At-Risk
STU0682,8.72,0.0,0.0,81.4,94.8,78.9,78.6,7.0,Daily,0.1,Keep Away,0.1,1.0,2.0,3.8,7.0,25.0,7.0,Good
STU0709,9.99,0.0,0.0,90.0,89.5,NaN,85.6,5.0,WEEKLY,0.7,Silent,1.0,1.3,5.0,6.7,7.0,20.0,5.4,Good
STU3324,3.01,5.0,1.0,45.8,52.7,46.3,25.2,1.4,Monthly,3.6,Silent,2.4,NaN,1.0,0.7,NaN,57.0,0.2,At-Risk
STU6161,9.82,0.0,NaN,75.6,99.4,75.3,81.6,8.0,Weekly,1.0,Keep Away,0.5,1.1,4.0,4.4,7.0,10.0,6.5,Good
STU4332,4.56,4.0,3.0,33.3,38.8,40.2,36.8,1.2, Only Before Exam ,4.4,Silent,1.2,0.1,1.0,0.5,5.2,54.0,1.1,At-Risk
STU2461,4.45,4.0,NaN,46.9,52.8,40.8,27.5,0.9,Only Before Exam,7.8,Actively Use,3.2,0.9,1.0,1.6,5.9,NaN,0.7,At-Risk
STU2503,9.42,0.0,0.0,85.9,88.9,92.5,81.3,4.5,Daily,1.3,Keep Away,0.1,NaN,6.0,6.2,9.1,14.0,4.4,Good
STU1707,3.5,4.0,2.0,33.1,39.2,43.0,37.5,1.2,Never,4.0,ACTIVELY USE,2.4,0.8,0.0,0.2,NaN,57.0,1.0,At-Risk
STU4847,7.62,0.0,0.0,78.7,99.6,93.6,79.4,NaN,Daily,1.4,Keep Away,0.4,1.1,3.0,6.7,7.8,18.0,4.2,Good
STU0978,8.92,0.0,0.0,84.6,89.1,93.2,74.3,4.3,daily,1.4,Keep Away,0.2,1.6,3.0,5.4,8.0,21.0,5.8,Good
STU4234,8.13,0.0,0.0,79.6,88.9,103.6,90.5,7.0,Weekly,1.4,Silent,0.7,2.4,2.0,6.2,8.3,4.0,6.7,Good
STU1547,6.51,2.0,2.0,63.7,NaN,73.2,54.9,3.4,MONTHLY,3.4,Keep Away,1.9,1.3,0.0,2.9,6.1,60.0,2.1,At-Risk
STU7395,9.27,NaN,0.0,79.3,89.5,96.5,79.1,5.2,Weekly,0.8,Silent,0.5,1.4,2.0,5.8,8.4,30.0,4.9,Good
STU5256,7.67,0.0,0.0,98.4,100.9,NaN,89.5,6.8,Daily,1.8,keep away,0.3,1.7,5.0,7.0,8.3,14.0,5.1,Good
STU4225,9.06,NaN,0.0,113.0,84.4,73.2,82.8,7.4,Weekly,1.3,Silent,0.5,2.4,6.0,5.9,7.1,18.0,5.2,Good
STU7381,7.53,0.0,0.0,91.1,98.7,98.7,88.9,7.2,weekly,0.7,Keep Away,NaN,2.5,4.0,4.5,8.3,22.0,NaN,Good
STU5600,9.69,0.0,0.0,78.4,94.3,89.5,87.3,6.3,Daily,0.7,Keep Away,0.7,2.5,5.0,5.9,8.0,16.0,3.9,Good
STU4899,7.39,2.0,2.0,68.0,60.2,52.7,56.8,4.1,NaN,2.2,ACTIVELY USE,1.7,0.7,1.0,2.5,7.7,17.0,3.1,At-Risk
STU4567,8.73,0.0,0.0,97.8,91.8,96.4,74.7,6.7,Daily,2.0,Keep Away,0.4,NaN,3.0,3.3,8.5,2.0,5.0,Good
STU4106,9.72,0.0,0.0,81.2,86.3,77.0,NaN,7.1,Daily,1.2,SILENT,0.5,2.5,4.0,6.2,8.4,NaN,3.8,Good
STU6693,8.11,0.0,0.0,101.8,100.7,81.1,99.7,NaN, Daily ,1.5,SILENT,0.1,1.0,4.0,5.6,7.2,15.0,6.6,Good
STU5163,7.85,0.0,0.0,92.0,99.0,96.5,84.2,4.9,Daily,1.2,Keep Away,NaN,3.0,2.0,5.8,7.4,16.0,NaN,Good
STU3967,4.88,NaN,2.0,43.8,55.7,45.8,43.5,1.4,Only Before Exam,7.0,Silent,2.4,0.2,0.0,1.8,6.1,70.0,0.2,At-Risk
STU1144,8.89,0.0,0.0,95.4,88.2,NaN,83.6,7.2,Weekly,0.4,keep away,0.2,2.9,5.0,7.8,8.9,23.0,6.2,Good
STU2537,5.9,1.0,1.0,55.6,83.2,68.3,52.9,3.7,weekly,2.3, Actively Use ,0.9,1.1,1.0,3.3,6.0,27.0,2.0,Average
STU4457,6.34,1.0,1.0,69.3,74.5,69.5,67.5,3.1,Weekly,3.0,Actively Use,1.1,0.9,0.0,4.0,6.1,50.0,2.2,At-Risk
STU2666,4.84,4.0,4.0,41.6,61.6,39.9,46.8,1.6,Only Before Exam,7.8,Actively Use,4.3,0.5,0.0,0.7,5.9,107.0,1.2,At-Risk
STU4259,9.25,0.0,0.0,79.0,89.0,84.9,87.6,5.8,Daily,0.8,Keep Away,NaN,NaN,6.0,7.6,7.0,0.0,4.1,Good
STU0357,7.88,0.0,0.0,87.5,94.0,91.1,81.6,5.4, Weekly ,0.4,Keep Away,0.4,NaN,6.0,6.7,7.4,8.0,3.2,Good
STU4680,9.39,0.0,0.0,90.5,86.0,77.3,78.8,5.8,Weekly,1.0,Keep Away,0.0,2.9,4.0,5.7,6.9,29.0,5.8,Good
STU1324,7.92,0.0,0.0,74.0,86.7,77.6,NaN,6.1,weekly,0.8,Silent,NaN,2.5,6.0,4.0,8.5,NaN,NaN,Good
STU6823,7.2,1.0,1.0,75.9,83.9,60.0,65.7,2.8,Weekly,NaN,Keep Away,1.7,NaN,0.0,1.6,NaN,18.0,1.3,Average
STU4116,6.32,2.0,1.0,66.4,67.1,48.6,64.2,3.8,Weekly,3.0,Actively Use,1.0,NaN,0.0,2.1,NaN,23.0,3.6,Average
STU1833,8.23,0.0,0.0,101.7,99.5,81.4,81.1,6.5,DAILY,1.5, Keep Away ,0.4,1.8,4.0,4.7,7.5,20.0,4.8,Good
STU2863,9.36,0.0,0.0,79.9,88.4,91.6,85.4,5.2, Weekly ,1.1,Silent,0.5,2.4,3.0,3.0,8.1,28.0,5.4,Good
STU1460,3.43,4.0,1.0,48.8,NaN,32.6,NaN,1.5,Monthly,6.3,Actively Use,NaN,0.7,1.0,1.1,6.9,54.0,1.0,At-Risk
STU7363,6.22,1.0,1.0,58.4,83.2,NaN,59.8,3.2,Monthly,3.5,Keep Away,0.5,NaN,1.0,3.7,7.1,22.0,3.1,Average
STU4524,5.9,2.0,1.0,65.2,83.8,66.5,51.3,2.0,Weekly,2.5,Silent,0.6,0.8,1.0,1.8,6.3,16.0,2.2,Average
STU1816,6.21,1.0,1.0,74.3,85.9,69.7,64.5,3.1,Monthly,3.2,Keep Away,1.3,1.2,2.0,2.3,7.3,23.0,1.4,Average
STU4293,9.2,0.0,0.0,79.0,93.7,94.3,68.2,5.4,Weekly,1.6,Keep Away,0.9,2.6,4.0,NaN,8.1,NaN,6.0,Good
STU4323,3.13,NaN,2.0,NaN,22.8,30.5,32.1,1.7, Never ,5.5,Actively Use,2.5,0.7,1.0,1.2,4.3,61.0,0.6,At-Risk
STU3388,8.79,0.0,0.0,89.8,87.3,100.6,80.4,7.0,Daily,1.6,Keep Away,0.5,2.0,5.0,3.6,7.8,1.0,6.4,Good
STU4450,8.19,0.0,0.0,94.2,NaN,79.8,98.2,NaN,weekly,0.9,SILENT,0.6,2.6,2.0,5.0,8.2,0.0,7.0,Good
STU5469,8.81,0.0,0.0,89.8,92.7,84.8,93.5,5.8,Daily,1.6,KEEP AWAY,0.5,1.1,4.0,7.8,7.4,7.0,6.1,Good
STU6487,6.98,2.0,2.0,72.3,65.5,58.6,63.2,2.3, Monthly ,3.3,NaN,0.7,0.9,0.0,2.0,NaN,20.0,NaN,At-Risk
STU4218,8.41,0.0,0.0,75.0,87.9,83.4,97.5,5.7,Daily,1.4,Keep Away,0.4,NaN,6.0,7.1,7.6,14.0,6.7,Good
STU0400,4.23,3.0,3.0,39.5,22.2,50.6,21.1,0.4,Only Before Exam,4.4,Actively Use,2.3,0.2,1.0,1.6,4.5,103.0,1.3,At-Risk
STU0639,9.29,0.0,0.0,92.5,92.2,88.5,67.7,6.3,Daily,1.4,Keep Away,NaN,NaN,2.0,4.4,8.3,9.0,5.8,Good
STU2119,8.54,0.0,0.0,97.9,92.7,95.2,97.1,7.7,DAILY,1.7,Keep Away,0.0,2.9,4.0,3.7,7.1,20.0,3.2,Good
STU6020,8.29,0.0,0.0,89.5,99.2,77.7,81.8,NaN, Daily ,0.3,Silent,0.7,1.8,6.0,5.9,8.2,28.0,3.1,Good
STU4687,7.39,2.0,2.0,64.3,69.1,54.8,63.1,4.3,Weekly,3.7,actively use,0.8,1.4,2.0,NaN,6.3,29.0,3.1,Average
STU1262,5.28,5.0,4.0,31.8,49.2,23.3,20.7,0.5,Only Before Exam,4.4,Silent,4.3,0.7,0.0,2.0,6.1,94.0,0.8,At-Risk
STU0581,4.33,3.0,3.0,39.4,54.5,NaN,27.5,0.2,NaN,7.0,Actively Use,2.4,0.7,0.0,0.9,4.6,111.0,1.2,At-Risk
STU2633,NaN,0.0,0.0,74.9,94.0,97.6,90.2,7.1,Daily,1.6,Keep Away,0.8,2.4,6.0,7.8,8.7,8.0,6.3,Good
STU2646,3.95,2.0,2.0,35.2,39.2,45.4,27.0,1.5,NaN,5.1,Actively Use,1.5,0.8,NaN,1.9,5.2,117.0,0.6,At-Risk
STU0918,3.13,3.0,2.0,51.7,44.4,48.7,42.7,NaN,NaN,5.8,Actively Use,3.7,1.0,1.0,0.5,6.5,59.0,1.8,At-Risk
STU4304,4.73,5.0,1.0,46.3,41.1,21.9,20.7,1.9,never,4.3,ACTIVELY USE,NaN,NaN,1.0,0.3,6.8,70.0,NaN,At-Risk
STU6191,9.37,0.0,0.0,85.2,91.0,70.1,78.6,7.1,daily,0.2,Keep Away,0.1,1.4,3.0,5.0,7.4,12.0,6.6,Good
STU0888,8.04,0.0,0.0,77.3,100.8,96.5,104.0,6.6,DAILY,1.9,Keep Away,0.8,2.7,2.0,5.8,7.8,5.0,6.7,Good
STU2055,9.06,0.0,0.0,79.3,88.4,75.6,75.0,6.8,Weekly,1.1,Keep Away,0.2,3.0,2.0,5.1,7.0,26.0,3.5,Good
STU5475,NaN,0.0,0.0,95.0,NaN,76.6,75.1,5.5,Daily,0.2,keep away,0.7,2.4,3.0,NaN,8.2,28.0,3.1,Good
STU4689,9.81,0.0,0.0,88.8,88.4,77.6,72.3,5.3,Daily,1.5,Keep Away,0.1,1.6,3.0,5.6,8.8,17.0,4.0,Good
STU0268,9.19,0.0,0.0,NaN,97.5,91.7,83.8,6.0, Weekly ,0.3,Keep Away,0.7,1.4,4.0,6.5,7.6,9.0,3.5,Good
STU1500,9.27,0.0,NaN,74.5,90.3,95.5,72.1,6.2,Weekly,1.4,NaN,NaN,2.5,5.0,6.6,8.6,20.0,6.3,Good
STU1314,4.66,4.0,3.0,36.1,25.9,20.4,24.1,0.6,Only Before Exam,5.9,Silent,NaN,0.1,0.0,NaN,5.9,86.0,1.2,At-Risk
STU2372,8.97,0.0,0.0,76.9,NaN,97.0,72.7,4.2,Daily,1.1,Silent,0.3,1.8,2.0,5.0,7.3,2.0,3.0,Good
STU0301,7.85,0.0,0.0,90.3,88.7,79.1,77.3,5.0,Weekly,1.7,Keep Away,0.3,2.9,2.0,7.8,8.1,19.0,3.6,Good
STU5492,7.65,0.0,0.0,77.6,89.4,98.5,93.7,5.1,Weekly,0.5,keep away,0.6,NaN,3.0,4.6,7.9,19.0,6.6,Good
STU7379,8.81,0.0,0.0,76.1,100.3,80.3,75.3,7.8,NaN,0.7,Keep Away,0.7,1.3,5.0,6.6,8.9,2.0,6.9,Good
STU5753,9.34,0.0,0.0,76.2,85.6,88.9,89.0,5.2,Weekly,1.2,Silent,0.6,1.9,6.0,5.9,NaN,6.0,4.0,Good
STU3222,4.1,3.0,3.0,52.3,53.2,38.1,33.7,0.8,Monthly,5.4,NaN,2.2,0.9,0.0,1.6,6.5,NaN,0.9,At-Risk
STU1748,5.32,4.0,1.0,39.2,47.3,NaN,40.2,1.1,Never,7.9,Silent,3.8,0.3,0.0,1.8,4.9,83.0,0.7,At-Risk
STU2701,4.2,3.0,3.0,47.1,29.1,21.3,38.2,1.9,Never,5.8,Actively Use,3.8,0.6,1.0,1.6,6.9,53.0,1.1,At-Risk
STU2567,8.76,0.0,0.0,79.8,95.4,98.6,NaN,NaN,Weekly,1.0,Silent,0.8,2.4,5.0,3.1,7.4,15.0,4.9,Good
STU7409,7.98,0.0,0.0,91.3,NaN,91.9,86.8,7.7,Daily,0.3,Keep Away,0.8,2.1,4.0,NaN,7.3,22.0,3.9,Good
STU7369,8.65,0.0,0.0,93.6,93.2,76.4,75.2,NaN, Daily ,1.3,Keep Away,0.9,2.8,5.0,4.5,7.1,12.0,4.4,Good
STU0793,8.44,0.0,0.0,83.3,NaN,88.2,NaN,4.5,Weekly,1.2, Silent ,0.5,1.2,5.0,6.5,8.2,12.0,NaN,Good
STU2566,7.95,0.0,0.0,92.2,89.9,69.4,90.0,4.8,Weekly,0.3,Silent,1.0,1.6,NaN,7.5,7.4,22.0,6.3,Good
STU6956,8.08,0.0,0.0,78.5,100.9,79.6,89.7,5.7,Daily,1.1,Silent,0.3,2.5,6.0,NaN,8.0,9.0,6.4,Good
STU1374,7.71,0.0,0.0,85.6,91.9,90.5,84.2,7.3,NaN,-0.0,Silent,0.4,1.8,2.0,NaN,8.9,9.0,5.0,Good
STU4556,6.7,2.0,2.0,53.7,68.9,55.3,NaN,3.8,Monthly,4.2,ACTIVELY USE,1.0,0.8,0.0,2.5,7.2,NaN,3.2,At-Risk
STU5540,9.6,0.0,0.0,87.2,99.5,82.4,87.2,4.0,Weekly,1.6,Keep Away,0.7,2.7,5.0,6.9,NaN,21.0,4.1,Good
STU0645,5.33,4.0,2.0,44.3,41.1,22.5,17.1,1.7,Monthly,3.5,Actively Use,3.5,0.9,1.0,0.4,6.0,55.0,0.2,At-Risk
STU7033,7.04,1.0,1.0,65.8,71.5,48.2,66.1,2.9,Weekly,2.8,Silent,1.1,1.2,0.0,2.2,6.4,22.0,NaN,Average
STU6520,6.17,1.0,1.0,53.6,77.1,54.7,51.5,NaN,Monthly,3.3,keep away,NaN,1.2,1.0,1.9,6.9,41.0,NaN,At-Risk
STU2282,5.79,1.0,1.0,62.4,58.9,55.3,49.2,2.9,Monthly,3.9,Keep Away,1.1,1.3,2.0,3.0,7.1,24.0,1.7,Average
STU5121,8.16,0.0,0.0,76.5,90.9,86.0,100.8,6.8,Daily,1.0,Keep Away,NaN,1.7,2.0,3.8,8.1,12.0,4.1,Good
STU0052,6.76,1.0,1.0,56.0,83.1,70.0,53.4,2.6,MONTHLY,3.7,Silent,1.6,0.7,1.0,NaN,6.7,42.0,2.5,At-Risk
STU2411,4.12,2.0,2.0,41.6,41.6,45.8,39.6,1.4,Never,NaN, Actively Use ,2.4,0.9,1.0,0.1,4.5,80.0,0.8,At-Risk
STU5142,9.97,0.0,0.0,97.0,96.3,95.2,99.0,6.6,WEEKLY,1.3,Silent,0.6,2.0,2.0,7.4,8.4,17.0,6.4,Good
STU1896,6.84,2.0,1.0,55.4,74.7,62.6,60.3,2.9,Monthly,3.7,silent,0.9,0.9,2.0,NaN,7.5,54.0,3.7,Average
STU2560,4.39,3.0,2.0,40.5,60.0,19.4,37.0,0.2,ONLY BEFORE EXAM,5.7,Actively Use,NaN,0.2,1.0,0.8,7.0,87.0,1.5,At-Risk
STU3228,6.97,2.0,2.0,72.7,60.0,49.2,60.5,2.9,MONTHLY,2.5,keep away,NaN,NaN,1.0,2.9,7.0,NaN,3.5,Average
STU6257,8.26,0.0,0.0,80.7,95.1,78.6,95.9,8.0,Weekly,0.6,Keep Away,NaN,1.6,4.0,4.8,NaN,16.0,4.5,Good
STU1779,9.22,0.0,0.0,74.1,84.8,82.2,76.0,6.4, Daily ,1.1,keep away,0.6,NaN,6.0,6.2,8.7,16.0,7.0,Good
STU2056,8.96,0.0,0.0,99.5,91.7,97.0,84.0,5.3,weekly,1.2,Keep Away,0.7,1.7,4.0,7.3,7.1,5.0,4.8,Good
STU0675,7.63,0.0,0.0,98.5,98.0,80.9,88.1,8.0,DAILY,1.1,Silent,0.9,1.2,4.0,4.0,7.8,30.0,5.3,Good
STU5591,9.64,0.0,0.0,94.6,83.8,95.7,NaN,5.2,Daily,0.9,Silent,NaN,1.9,2.0,NaN,7.6,6.0,4.2,Good
STU5658,9.82,0.0,0.0,96.6,86.7,85.1,98.2,4.1,Daily,0.1,SILENT,0.6,1.2,3.0,5.2,7.9,3.0,6.4,Good
STU2699,3.6,3.0,3.0,42.1,41.9,28.8,39.1,0.7,Only Before Exam,6.5,SILENT,2.8,0.7,1.0,1.0,6.9,94.0,0.7,At-Risk
STU4846,8.77,0.0,0.0,79.5,89.7,88.8,76.0,6.6,Daily,2.1,Keep Away,0.4,1.1,2.0,6.2,7.0,24.0,3.8,Good
STU0213,7.72,0.0,NaN,88.7,86.4,81.5,NaN,4.8,Weekly,0.8,Keep Away,0.1,2.6,5.0,7.7,7.0,8.0,6.8,Good
STU3691,8.39,0.0,0.0,88.6,87.2,83.7,93.9,6.0,Daily,1.5,Keep Away,0.7,2.7,4.0,3.0,7.4,8.0,NaN,Good
STU2837,3.71,2.0,2.0,29.0,31.5,26.3,22.4,1.2,Never,4.9,Silent,1.2,0.7,0.0,1.5,6.5,52.0,1.0,At-Risk
STU1628,4.84,2.0,2.0,50.7,45.0,26.6,48.1,1.1,monthly,7.2,Actively Use,1.9,0.3,1.0,1.7,4.0,96.0,NaN,At-Risk
STU3623,8.51,0.0,0.0,NaN,98.0,NaN,NaN,4.4,Weekly,0.4,Keep Away,0.3,1.5,4.0,5.7,7.7,23.0,4.6,Good
STU2227,8.79,0.0,0.0,91.2,84.5,91.5,75.5,6.2,Weekly,0.9,Keep Away,NaN,2.8,3.0,NaN,7.4,11.0,4.0,Good
STU2109,7.13,2.0,1.0,61.1,67.4,67.4,61.1,2.6,NaN,3.9,Silent,0.8,1.2,2.0,1.5,7.1,23.0,3.6,Average
STU6590,6.19,2.0,1.0,71.9,81.5,70.6,63.6,3.2,Monthly,2.2,Actively Use,NaN,0.7,2.0,1.9,7.2,15.0,3.6,Average
STU5875,7.15,2.0,2.0,59.4,86.3,56.7,54.6,2.7,Monthly,3.0,actively use,0.7,1.2,2.0,2.1,7.2,45.0,3.2,Average
STU0397,9.19,0.0,0.0,87.1,101.1,94.3,71.1,7.3,Daily,1.0,keep away,1.0,2.0,5.0,7.9,8.6,7.0,4.0,Good
STU0279,7.32,1.0,1.0,66.4,74.7,66.2,70.5,3.4,Weekly,3.4,Actively Use,0.7,1.0,2.0,3.1,NaN,57.0,1.6,Average
STU6371,8.41,0.0,0.0,97.5,91.9,92.3,72.7,6.9,Weekly,0.5,keep away,0.7,1.9,3.0,4.1,7.9,16.0,6.4,Good
STU4811,6.69,2.0,1.0,72.3,60.1,56.1,55.8,3.7,weekly,2.9,SILENT,1.0,0.7,2.0,3.4,6.0,32.0,2.0,Average
STU6829,8.92,0.0,0.0,87.3,88.9,79.5,80.6,6.2,Daily,1.1,Keep Away,0.0,NaN,2.0,4.5,NaN,27.0,4.9,Good
STU6008,9.29,0.0,0.0,89.3,86.4,72.1,79.0,7.6,Weekly,NaN,Keep Away,0.9,1.2,3.0,6.6,NaN,12.0,5.1,Good
STU4324,5.45,2.0,2.0,39.8,38.0,24.8,42.8,0.3,Monthly,3.2,Actively Use,2.8,0.4,0.0,2.0,4.3,102.0,1.0,At-Risk
STU3360,7.4,1.0,1.0,76.5,75.3,68.3,NaN,2.7,Monthly,2.8,Actively Use,1.3,NaN,1.0,2.3,7.8,48.0,2.3,At-Risk
STU0423,4.84,4.0,NaN,30.8,36.4,31.1,49.9,0.2,ONLY BEFORE EXAM,5.9,NaN,4.0,0.5,0.0,NaN,6.9,92.0,1.0,At-Risk
STU1061,4.4,3.0,1.0,32.4,56.1,45.3,38.4,2.3,Only Before Exam,7.2,Silent,4.3,0.6,1.0,0.6,4.6,111.0,0.7,At-Risk
STU7387,7.66,0.0,0.0,87.5,86.8,77.3,80.5,4.4,Daily,0.1,Keep Away,0.8,1.7,2.0,3.9,7.5,23.0,6.9,Good
STU0662,6.69,2.0,1.0,63.0,65.4,52.1,62.5,2.9,Weekly,2.7,Actively Use,NaN,0.9,NaN,2.9,7.8,55.0,1.5,At-Risk
STU6773,8.88,0.0,0.0,97.1,86.8,NaN,80.2,5.6,WEEKLY,2.1,Keep Away,0.8,2.6,5.0,4.4,7.7,18.0,4.0,Good
STU4866,7.78,NaN,NaN,93.4,96.6,77.0,99.0,NaN,Weekly,1.6,Silent,0.9,1.3,3.0,7.4,8.4,21.0,3.7,Good
STU4769,8.7,0.0,0.0,87.4,86.0,74.5,96.7,5.2,Daily,0.6,keep away,0.6,NaN,3.0,4.0,7.9,19.0,3.2,Good
STU0063,5.96,1.0,1.0,75.5,70.5,62.1,66.7,3.3,Monthly,2.3,Keep Away,1.9,1.1,1.0,2.0,6.3,19.0,3.4,Average
STU7025,4.77,3.0,3.0,42.3,51.5,29.9,46.3,1.7,Never,6.0,Actively Use,2.4,0.6,0.0,1.8,6.0,43.0,1.7,At-Risk
STU2658,7.29,2.0,2.0,70.2,62.0,58.7,57.9,3.4,monthly,2.3,Actively Use,1.4,0.9,0.0,3.8,7.9,23.0,2.7,At-Risk
STU1272,7.99,0.0,0.0,92.2,94.6,93.6,92.5,5.0,Weekly,1.5,Silent,0.6,2.3,6.0,7.2,8.1,8.0,4.9,Good
STU5793,5.87,1.0,1.0,73.2,80.5,57.0,68.1,3.2,weekly,3.0,Keep Away,1.8,1.2,NaN,3.5,NaN,54.0,3.4,Average
STU0078,8.56,0.0,0.0,75.2,88.1,88.0,88.6,4.9,Daily,0.4,Keep Away,0.8,3.0,3.0,5.6,7.5,6.0,NaN,Good
STU6140,5.84,2.0,2.0,66.1,66.4,55.9,56.2,2.3,Weekly,2.9,Actively Use,1.3,1.0,0.0,3.4,6.6,51.0,1.8,At-Risk
STU1257,9.04,NaN,0.0,72.8,99.3,83.6,69.1,5.3,Daily,-0.1,Keep Away,0.4,2.3,2.0,5.3,NaN,4.0,NaN,Good
STU1047,3.72,5.0,2.0,43.1,45.6,35.1,37.6,1.1,Monthly,7.5,SILENT,3.3,0.8,1.0,NaN,6.1,88.0,1.8,At-Risk
STU0824,7.65,0.0,0.0,NaN,NaN,85.5,80.9,6.6,WEEKLY,0.7,Keep Away,0.9,1.1,5.0,6.4,8.8,30.0,6.2,Good
STU2744,7.66,0.0,0.0,92.2,90.0,72.8,91.3,NaN,Weekly,0.7,keep away,0.2,1.3,2.0,5.3,8.8,NaN,3.8,Good
STU3960,9.97,0.0,0.0,84.6,88.6,94.9,86.3,6.8,Daily,0.7,Silent,0.9,2.8,2.0,5.2,7.6,20.0,5.6,Good
STU6471,8.36,0.0,0.0,97.6,95.7,NaN,92.4,6.3,Daily,0.1, Keep Away ,0.8,2.7,NaN,4.2,8.3,21.0,4.5,Good
STU2235,5.62,2.0,1.0,68.0,73.3,53.6,64.2,2.3,Weekly,3.5,Silent,0.5,NaN,0.0,1.2,6.7,53.0,3.2,Average
STU3169,3.99,5.0,1.0,31.8,21.6,41.7,29.4,NaN,Monthly,5.0,Silent,1.7,0.5,1.0,0.9,5.8,103.0,0.5,At-Risk
STU3185,9.06,0.0,0.0,85.5,97.6,88.8,87.8,6.7,Daily,NaN,keep away,0.1,2.6,3.0,4.4,8.8,8.0,5.4,Good
STU0547,6.67,1.0,1.0,54.0,77.1,64.6,57.7,2.3,Monthly,3.4,Actively Use,1.9,0.7,1.0,2.0,6.4,36.0,2.7,At-Risk
STU4895,9.02,NaN,0.0,97.5,89.0,86.1,72.6,6.3,Daily,0.1,Keep Away,0.6,2.0,3.0,3.2,8.5,NaN,5.3,Good
STU4427,6.22,1.0,1.0,61.1,73.6,50.8,59.9,4.1,Weekly,2.9,Actively Use,NaN,0.8,0.0,3.6,7.9,29.0,3.7,Average
STU6596,3.35,5.0,3.0,41.6,28.4,18.5,37.3,1.1,only before exam,5.2,NaN,1.3,0.6,0.0,NaN,4.1,98.0,0.8,At-Risk
STU2736,7.61,0.0,0.0,80.1,93.4,74.1,95.6,6.6,Daily,1.6,Keep Away,0.5,1.5,3.0,5.9,8.5,16.0,4.5,Good
STU3940,9.26,0.0,0.0,87.7,98.7,89.7,86.8,7.7,Daily,1.8,Silent,0.9,1.5,6.0,6.6,8.2,22.0,6.7,Good
STU4483,7.27,2.0,1.0,56.9,81.7,NaN,64.8,2.1,Weekly,3.8,Silent,1.4,NaN,NaN,2.0,6.4,17.0,2.3,At-Risk
STU0768,9.83,0.0,0.0,78.1,91.8,NaN,92.3,6.1,WEEKLY,1.7,Keep Away,0.9,1.1,5.0,5.0,7.0,27.0,4.3,Good
STU6840,5.16,2.0,2.0,51.2,53.6,47.8,39.6,2.0,Only Before Exam,6.7, Actively Use ,2.2,NaN,1.0,NaN,4.2,86.0,1.6,At-Risk
STU5848,9.58,0.0,0.0,91.9,89.6,70.2,88.1,6.9,Daily,1.9,NaN,0.8,2.8,5.0,4.2,7.3,29.0,NaN,Good
STU7346,4.2,4.0,2.0,45.3,22.4,29.4,49.9,0.5,Never,NaN, Silent ,4.3,0.4,0.0,1.3,4.9,59.0,0.4,At-Risk
STU2894,4.17,3.0,NaN,48.0,32.2,38.1,36.4,0.3,MONTHLY,6.2,Silent,2.8,0.8,1.0,1.4,4.2,48.0,1.0,At-Risk
STU3067,NaN,0.0,0.0,84.1,90.6,95.3,83.0,6.1,daily,-0.0,Keep Away,0.0,1.2,4.0,6.5,8.0,29.0,3.8,Good
STU3682,7.01,2.0,1.0,56.4,71.0,57.1,67.1,NaN,WEEKLY,2.1,Keep Away,1.1,NaN,1.0,NaN,7.7,22.0,1.2,Average
STU3450,9.4,0.0,0.0,78.7,NaN,85.6,68.7,7.1,Daily,0.3, Keep Away ,NaN,2.5,6.0,4.2,7.1,26.0,3.7,Good
STU0952,3.18,5.0,2.0,32.0,38.3,25.7,49.0,0.8,Monthly,NaN,Actively Use,3.1,0.7,0.0,0.5,6.7,113.0,1.1,At-Risk
STU2766,8.09,0.0,0.0,83.1,NaN,84.2,78.9,NaN,WEEKLY,1.0,KEEP AWAY,0.6,1.4,4.0,5.0,7.2,NaN,6.1,Good
STU5486,7.6,0.0,0.0,NaN,95.2,83.1,82.9,4.4,Weekly,0.6,keep away,0.1,2.6,3.0,NaN,7.4,29.0,3.1,Good
STU1013,8.68,0.0,0.0,90.0,82.0,69.6,72.6,5.3,WEEKLY,0.8,Keep Away,0.5,1.3,4.0,6.4,8.3,10.0,NaN,Good
STU5572,8.31,0.0,0.0,87.9,88.4,82.8,73.8,7.2,Weekly,1.1,Keep Away,0.1,NaN,2.0,3.1,8.1,22.0,5.8,Good
STU4043,9.81,0.0,0.0,88.3,NaN,76.5,87.1,7.8,Weekly,NaN,Keep Away,0.2,1.7,3.0,5.6,NaN,11.0,4.7,Good
STU7350,9.63,0.0,0.0,90.3,95.2,95.4,76.1,6.7,Daily,1.3,Keep Away,0.6,2.6,2.0,NaN,7.5,8.0,5.7,Good
STU5723,7.02,1.0,1.0,67.3,65.1,53.9,63.6,2.6,Monthly,2.6,Silent,1.9,1.5,2.0,1.0,7.7,44.0,3.8,Average
STU0361,8.95,0.0,0.0,96.3,95.1,84.7,NaN,7.5,Weekly,0.1,Keep Away,1.0,1.2,5.0,7.1,7.5,1.0,3.5,Good
STU1558,5.73,2.0,1.0,56.3,76.9,NaN,56.7,2.6,Weekly,3.2,Silent,1.6,1.2,2.0,2.5,6.8,54.0,2.2,Average
STU0585,8.1,0.0,0.0,79.5,NaN,90.8,78.5,4.7,weekly,0.9,Silent,0.9,1.5,6.0,3.4,7.6,20.0,6.0,Good
STU1906,8.63,0.0,0.0,79.7,89.1,81.6,70.3,6.3,Weekly,1.2,Keep Away,0.6,2.7,3.0,3.6,7.7,23.0,NaN,Good
STU4002,4.15,3.0,1.0,37.6,49.5,21.1,29.4,0.5,Only Before Exam,3.9,Actively Use,1.7,0.7,NaN,1.9,4.9,96.0,0.1,At-Risk
STU4345,3.29,NaN,1.0,43.1,52.9,34.0,25.5,0.7,Never,7.9,actively use,5.0,0.7,0.0,1.8,4.1,111.0,0.6,At-Risk
STU4005,9.13,NaN,0.0,87.2,93.9,84.6,76.0,6.1,Daily,1.5,Keep Away,0.2,1.4,2.0,6.5,7.4,20.0,3.7,Good
STU6332,8.1,0.0,0.0,85.6,88.7,95.1,89.3,7.0,Weekly,1.0,KEEP AWAY,0.6,2.2,5.0,6.9,7.5,27.0,5.7,Good
STU3257,7.95,0.0,0.0,91.1,94.4,73.8,79.4,6.3,Weekly,0.6,Keep Away,0.9,1.3,NaN,NaN,7.3,18.0,3.5,Good
STU6467,3.69,4.0,2.0,51.0,41.8,29.5,22.1,NaN,Monthly,5.7,Actively Use,4.2,0.4,0.0,1.7,4.6,55.0,0.5,At-Risk
STU0668,8.92,0.0,0.0,84.8,94.4,72.3,89.0,4.1,Weekly,1.8,Silent,0.4,2.3,NaN,4.1,8.5,18.0,6.1,Good
STU6240,5.55,2.0,1.0,74.4,75.7,65.8,56.4,2.3,Weekly,2.9,KEEP AWAY,2.0,1.4,1.0,1.2,6.7,37.0,1.9,Average
STU4636,9.19,0.0,0.0,95.3,84.6,68.9,NaN,5.9,Weekly,1.0,keep away,0.1,1.1,6.0,7.1,7.7,0.0,7.0,Good
STU5586,8.23,0.0,0.0,87.3,91.3,80.2,84.8,4.7,Daily,1.6,keep away,0.2,2.8,3.0,NaN,8.2,4.0,4.0,Good
STU3055,8.75,0.0,0.0,78.2,89.2,95.5,92.2,8.0,Weekly,0.2, Silent ,0.5,1.6,5.0,5.5,8.0,5.0,3.1,Good
STU4315,3.14,4.0,4.0,40.9,47.2,33.4,18.9,NaN,ONLY BEFORE EXAM,3.2,Actively Use,4.1,0.8,0.0,1.6,4.3,78.0,0.1,At-Risk
STU5419,9.07,0.0,0.0,98.6,92.9,96.0,74.7,5.4,Daily,0.6,keep away,0.9,1.9,2.0,NaN,7.7,11.0,6.2,Good
STU5550,7.96,0.0,0.0,96.6,85.0,73.3,98.2,6.7,Weekly,1.0,KEEP AWAY,NaN,2.6,6.0,5.5,7.7,14.0,4.4,Good
STU0424,9.04,0.0,0.0,79.3,92.2,84.5,71.9,4.8,weekly,1.5,Silent,0.2,1.4,2.0,NaN,NaN,22.0,3.2,Good
STU7416,9.54,0.0,NaN,75.9,88.6,70.1,82.2,7.0,Weekly,NaN,Silent,0.3,1.2,4.0,5.1,8.8,18.0,4.7,Good
STU0140,7.79,0.0,0.0,92.1,88.9,97.5,NaN,7.1,Weekly,NaN,SILENT,0.3,NaN,3.0,5.0,7.3,9.0,5.8,Good
STU5659,9.89,0.0,0.0,89.9,97.7,92.1,75.0,7.8,Weekly,0.2,Silent,0.0,2.3,5.0,4.7,7.8,15.0,3.9,Good
STU0415,9.89,0.0,0.0,86.1,NaN,95.4,82.0,7.1,weekly,0.3,Silent,NaN,1.2,4.0,4.0,7.0,18.0,3.2,Good
STU4180,8.48,0.0,0.0,75.5,83.3,74.0,84.3,5.2,WEEKLY,-0.2,Keep Away,0.2,1.2,3.0,7.7,7.5,5.0,3.1,Good
STU1424,7.86,0.0,0.0,85.3,92.1,96.3,86.4,6.8,Daily,0.3,Keep Away,0.9,2.1,3.0,6.9,8.5,8.0,4.0,Good
STU3709,3.32,4.0,4.0,45.4,45.0,25.4,NaN,0.7,NEVER,7.2,Actively Use,4.8,0.9,1.0,1.5,4.8,103.0,0.2,At-Risk
STU3358,4.42,5.0,3.0,39.9,55.1,35.6,38.3,1.8,Monthly,7.1,ACTIVELY USE,2.8,0.5,0.0,1.3,4.6,96.0,0.2,At-Risk
STU5141,9.8,0.0,0.0,78.4,94.0,97.0,81.2,4.9,WEEKLY,1.8, Keep Away ,0.1,2.9,3.0,3.8,7.9,1.0,6.9,Good
STU6621,8.5,0.0,0.0,76.6,95.0,74.5,78.3,6.2,Weekly,2.0,Keep Away,0.5,1.4,2.0,7.7,7.1,8.0,5.6,Good
STU2300,5.29,4.0,3.0,52.4,59.8,29.6,30.5,1.5,only before exam,6.7,Actively Use,3.1,0.1,1.0,1.7,6.8,114.0,NaN,At-Risk
STU6657,7.96,0.0,0.0,99.3,93.8,83.0,76.7,6.7,Daily,1.6,Keep Away,0.1,NaN,2.0,7.4,8.8,27.0,NaN,Good
STU4859,6.78,1.0,1.0,62.8,78.0,71.3,66.8,2.7,NaN,2.2,ACTIVELY USE,2.0,1.1,1.0,1.5,7.2,NaN,1.1,At-Risk
STU7367,9.81,0.0,0.0,88.9,88.5,93.6,88.2,4.5,Weekly,1.0,Keep Away,0.7,1.6,6.0,7.6,8.9,23.0,5.3,Good
STU6832,9.16,0.0,0.0,88.5,90.8,85.2,73.9,7.5,Weekly,2.0,Keep Away,0.8,1.9,2.0,7.9,NaN,28.0,6.1,Good
STU4340,9.0,0.0,0.0,NaN,93.8,101.6,NaN,NaN,Weekly,1.7,Silent,0.5,1.8,6.0,6.7,8.5,14.0,5.7,Good
STU0157,8.76,0.0,0.0,95.8,97.6,87.5,90.0,6.1,Daily,0.5,Silent,0.6,2.4,2.0,7.4,8.3,30.0,6.0,Good
STU4942,8.55,0.0,0.0,97.7,87.7,85.1,87.1,5.3,weekly,1.5,silent,0.5,2.2,4.0,NaN,8.9,NaN,3.4,Good
STU7230,7.64,0.0,0.0,80.1,99.3,82.4,83.2,7.8,Daily,1.9,keep away,0.8,1.5,5.0,4.2,7.5,0.0,3.6,Good
STU7371,9.59,0.0,0.0,75.5,99.0,86.6,91.6,5.8,Weekly,0.8,SILENT,0.9,1.8,2.0,3.5,8.3,17.0,5.0,Good
STU2541,4.89,2.0,1.0,34.9,53.7,43.9,32.4,NaN,Never,6.6,Silent,3.7,0.0,1.0,0.2,4.3,50.0,1.5,At-Risk
STU6523,6.08,1.0,1.0,62.0,63.9,NaN,64.4,2.9,Monthly,3.9,Actively Use,1.2,0.8,1.0,1.8,6.5,48.0,1.9,At-Risk
STU3400,7.87,0.0,0.0,NaN,91.3,74.3,95.0,5.6,Daily,1.9,NaN,0.4,1.3,2.0,6.8,NaN,6.0,4.5,Good
STU3030,7.91,0.0,0.0,92.2,88.5,77.4,89.4,7.1,WEEKLY,1.5,Keep Away,0.5,1.9,2.0,6.9,7.2,29.0,3.6,Good
STU2770,4.1,5.0,1.0,36.2,23.2,40.7,NaN,2.0,NEVER,5.6,Actively Use,NaN,0.3,1.0,0.3,5.8,48.0,1.2,At-Risk
STU6747,9.7,0.0,0.0,95.6,88.3,NaN,97.5,7.2,Daily,0.0,Keep Away,0.2,2.2,2.0,4.2,8.1,8.0,5.2,Good
STU1125,8.09,0.0,0.0,85.3,100.6,76.0,83.1,5.6,Daily,1.1,Keep Away,0.4,2.9,2.0,3.5,7.8,2.0,5.8,Good
STU6420,7.96,0.0,0.0,83.4,86.0,78.8,NaN,4.5,Daily,0.7,NaN,0.6,1.3,5.0,8.0,7.5,26.0,NaN,Good
STU2321,5.0,3.0,3.0,53.4,33.8,41.1,23.7,1.2,Only Before Exam,3.1,actively use,1.6,0.7,0.0,NaN,6.1,115.0,1.0,At-Risk
STU2117,8.59,0.0,0.0,99.6,90.6,81.1,93.2,6.0,Weekly,2.0,Keep Away,0.9,2.0,6.0,6.2,7.0,19.0,NaN,Good
STU0941,8.16,0.0,0.0,80.2,101.0,70.3,94.5,4.7,Daily,1.7,SILENT,0.3,1.9,6.0,6.5,8.2,8.0,4.3,Good
STU7219,8.16,0.0,0.0,95.3,99.9,91.9,88.4,7.5,Weekly,1.7,Keep Away,0.7,NaN,3.0,NaN,8.6,18.0,3.8,Good
STU4541,9.45,0.0,0.0,96.6,83.5,89.2,88.6,6.9,weekly,NaN,keep away,NaN,1.2,2.0,NaN,NaN,NaN,6.4,Good
STU5283,9.69,0.0,0.0,82.7,96.0,80.0,NaN,5.3,Weekly,1.0,Keep Away,0.8,2.5,2.0,5.2,7.6,NaN,6.4,Good
STU5468,7.25,1.0,NaN,61.8,66.5,58.6,66.9,2.9,weekly,2.0,Silent,NaN,0.6,2.0,3.2,7.8,50.0,1.1,Average
STU2562,9.32,0.0,0.0,85.6,96.8,91.4,90.7,4.9,Daily,0.5,Keep Away,0.6,1.4,2.0,7.1,7.8,20.0,3.9,Good
STU6549,7.92,0.0,0.0,90.5,93.4,101.1,NaN,NaN,Daily,0.5,Keep Away,NaN,1.5,3.0,NaN,7.5,25.0,5.8,Good
STU6399,7.97,0.0,0.0,76.5,NaN,89.2,70.8,5.8,Weekly,0.8,Keep Away,0.4,2.9,5.0,4.7,9.0,NaN,5.2,Good
STU0669,4.18,2.0,2.0,45.6,36.7,45.2,36.3,1.8,only before exam,7.2,SILENT,2.6,0.2,0.0,0.8,6.7,95.0,0.5,At-Risk
STU6647,9.36,0.0,0.0,97.4,NaN,78.3,90.8,7.1,Weekly,0.4,keep away,NaN,NaN,2.0,5.8,7.7,30.0,4.4,Good
STU2609,7.69,0.0,0.0,77.2,89.2,80.8,72.4,7.5,Daily,1.3,Keep Away,0.8,NaN,6.0,5.1,7.7,23.0,4.8,Good
STU4339,6.98,2.0,1.0,59.8,78.2,63.0,65.4,3.9,Monthly,2.6,Keep Away,1.5,0.8,1.0,2.0,NaN,52.0,2.3,At-Risk
STU1910,9.47,0.0,0.0,78.4,91.5,79.2,93.1,5.6,Daily,1.3,Silent,0.6,3.0,4.0,7.7,NaN,12.0,5.9,Good
STU1112,8.77,0.0,0.0,94.8,NaN,94.3,97.1,5.3,Weekly,1.0,KEEP AWAY,0.4,2.7,6.0,NaN,7.7,2.0,5.7,Good
STU7256,6.67,2.0,2.0,76.0,80.7,70.1,67.3,3.1,Weekly,4.0,keep away,1.2,0.9,0.0,1.6,6.7,21.0,1.0,At-Risk
STU1877,5.46,3.0,1.0,50.9,41.8,47.9,NaN,1.6,MONTHLY,3.9, Silent ,4.1,0.5,1.0,NaN,NaN,107.0,0.8,At-Risk
STU4987,9.56,0.0,0.0,82.2,84.8,76.4,76.3,7.0,daily,0.4,KEEP AWAY,0.6,2.6,5.0,6.7,8.9,3.0,3.0,Good
STU6917,9.94,0.0,0.0,78.0,87.8,72.6,96.3,NaN,Daily,0.2,Keep Away,0.7,NaN,3.0,4.7,7.4,15.0,6.9,Good
STU2452,3.18,3.0,2.0,49.0,NaN,37.1,29.8,1.5,NaN,3.0,Actively Use,2.3,0.7,1.0,1.8,4.8,102.0,1.1,At-Risk
STU5778,6.44,1.0,NaN,70.7,71.1,64.9,51.8,2.6,Monthly,3.3,Keep Away,1.0,1.3,2.0,3.9,6.2,27.0,NaN,Average
STU4039,8.24,0.0,0.0,98.6,88.9,71.5,97.2,4.7,DAILY,2.1,KEEP AWAY,0.8,1.2,NaN,5.2,7.2,4.0,4.3,Good
STU0076,3.52,3.0,1.0,31.0,24.8,38.5,32.2,1.9,monthly,7.2,Actively Use,2.4,0.3,NaN,0.8,5.8,62.0,0.5,At-Risk
STU2450,4.35,3.0,1.0,55.1,28.3,29.3,29.3,1.8,Only Before Exam,3.6,Actively Use,2.8,0.4,1.0,0.1,5.3,118.0,1.0,At-Risk
STU7262,6.52,2.0,2.0,72.5,75.5,67.1,72.2,2.5,Monthly,3.3,Silent,1.1,0.7,1.0,1.7,6.5,52.0,NaN,At-Risk
STU6571,8.9,0.0,0.0,83.5,86.8,72.6,77.3,6.7,Daily,1.7,Keep Away,0.6,1.7,5.0,5.2,8.4,19.0,5.6,Good
STU1494,8.43,0.0,0.0,96.4,91.0,97.2,74.6,7.8,WEEKLY,1.3,Keep Away,0.7,1.7,5.0,NaN,7.4,21.0,NaN,Good
STU5229,9.26,0.0,0.0,89.9,93.6,101.3,96.0,6.2,Daily,0.9,Keep Away,0.7,NaN,4.0,NaN,8.5,18.0,3.5,Good
STU3235,7.81,0.0,0.0,86.7,89.9,85.5,91.6,6.2,Weekly,0.4,Keep Away,0.9,NaN,6.0,7.3,7.7,1.0,5.5,Good
STU3351,7.08,2.0,1.0,65.2,84.2,59.9,61.1,NaN,Weekly,2.3,Silent,1.8,1.5,1.0,2.2,7.5,32.0,2.9,Average
STU1646,4.03,4.0,2.0,39.4,NaN,29.7,45.7,1.4,NEVER,7.7,Actively Use,3.8,NaN,1.0,1.3,6.8,67.0,0.3,At-Risk
STU3630,7.89,0.0,0.0,84.4,89.4,82.5,NaN,6.7,Weekly,0.3,Keep Away,0.8,2.3,3.0,5.1,8.5,4.0,3.7,Good
STU1880,9.14,0.0,NaN,84.3,88.3,84.0,92.7,6.0,Daily,1.3,keep away,0.7,1.0,3.0,6.2,NaN,1.0,4.8,Good
STU0599,9.98,0.0,0.0,94.0,87.7,NaN,73.9,5.5,Weekly,1.8,Keep Away,0.8,1.5,4.0,7.6,8.2,27.0,4.5,Good
STU4668,6.38,1.0,1.0,72.6,79.6,64.3,53.7,3.0,Monthly,2.5,Keep Away,1.5,1.1,2.0,1.3,7.2,49.0,2.4,Average
STU1259,8.26,0.0,0.0,NaN,94.9,70.7,85.5,4.0,Daily,0.2,Keep Away,0.6,2.7,5.0,NaN,7.2,27.0,4.7,Good
STU4422,4.61,5.0,4.0,44.1,28.9,24.8,35.3,1.7,Only Before Exam,7.6,Silent,1.3,0.9,1.0,1.9,3.9,52.0,1.0,At-Risk
STU4893,6.83,1.0,1.0,69.9,69.2,63.5,66.8,2.6,Weekly,2.4,Actively Use,1.2,0.9,1.0,2.4,6.3,28.0,2.0,At-Risk
STU4292,8.31,0.0,0.0,77.5,90.2,95.6,80.2,6.0,Weekly,2.0,Silent,0.3,2.5,6.0,5.4,7.4,NaN,NaN,Good
STU5552,5.83,1.0,1.0,69.9,87.2,55.2,62.0,2.0,Monthly,3.5,NaN,1.3,1.2,1.0,NaN,7.7,22.0,1.8,Average
STU5167,7.42,2.0,1.0,58.7,65.9,57.3,72.1,2.7,Monthly,2.9,Actively Use,1.8,1.4,2.0,3.8,7.0,NaN,3.0,Average
STU6594,8.73,NaN,0.0,87.8,93.2,89.5,92.3,6.3,Weekly,1.9,silent,0.7,2.9,6.0,NaN,8.4,14.0,6.4,Good
STU2020,8.22,0.0,0.0,76.0,89.3,82.6,77.0,4.7,Daily,0.8,Silent,1.0,2.5,5.0,4.6,8.8,NaN,5.6,Good
STU6730,8.83,0.0,0.0,81.5,NaN,68.7,91.9,5.2,Weekly,0.4,KEEP AWAY,0.9,2.7,4.0,5.3,7.6,17.0,NaN,Good
STU4403,5.7,1.0,1.0,57.8,83.6,68.0,57.1,2.8,Monthly,3.3,silent,1.4,0.8,2.0,2.2,7.2,28.0,1.6,Average
STU4550,5.81,1.0,1.0,62.8,71.1,67.0,49.2,3.9,Weekly,3.9,Actively Use,NaN,1.2,1.0,3.8,6.6,41.0,1.9,Average
STU0790,8.78,0.0,0.0,81.6,91.8,91.1,99.7,NaN,WEEKLY,1.6,Keep Away,0.8,3.0,NaN,NaN,7.5,10.0,3.4,Good
STU4215,9.14,0.0,0.0,92.1,83.6,83.1,96.7,6.7,Daily,NaN,Silent,NaN,1.5,6.0,NaN,8.8,19.0,3.4,Good
STU6154,6.19,1.0,1.0,68.3,77.1,57.1,55.3,4.0,Weekly,2.6,Silent,0.9,1.2,2.0,1.5,7.7,27.0,2.5,Average
STU5158,5.61,2.0,1.0,54.9,74.8,62.2,51.2,3.3,weekly,3.0, Keep Away ,0.8,0.5,0.0,1.5,7.1,51.0,3.0,Average
STU0295,5.42,5.0,5.0,NaN,32.6,47.2,31.6,0.7,Never,4.1,ACTIVELY USE,1.5,0.3,1.0,0.7,6.1,120.0,0.1,At-Risk
STU2958,8.19,0.0,0.0,98.6,87.0,76.6,103.9,4.4,Daily,1.9,keep away,0.7,1.1,5.0,5.4,7.9,6.0,6.7,Good
STU5473,7.93,0.0,0.0,85.3,96.2,87.8,90.6,6.3,Weekly,1.1,Keep Away,0.2,NaN,4.0,NaN,8.8,25.0,4.2,Good
STU1633,7.72,0.0,0.0,92.2,93.1,95.2,85.4,6.8,Daily,1.5,keep away,NaN,1.3,6.0,3.4,7.7,13.0,4.9,Good
STU2676,6.65,2.0,2.0,70.3,72.7,54.1,50.7,2.4,Weekly,2.1,Actively Use,2.0,0.8,0.0,1.9,6.1,19.0,2.9,At-Risk
STU4900,9.44,0.0,0.0,97.2,87.7,81.9,92.7,3.9,Weekly,0.8,Keep Away,0.9,2.8,3.0,7.0,6.9,22.0,6.6,Good
STU2474,3.5,2.0,NaN,40.9,53.9,37.8,25.5,0.7,Only Before Exam,5.8,Silent,3.3,NaN,0.0,0.2,6.4,73.0,1.8,At-Risk
STU4475,9.68,0.0,0.0,83.4,85.4,99.3,71.1,4.6,Daily,0.6,keep away,0.5,2.7,5.0,5.2,8.2,17.0,3.8,Good
STU5840,5.69,1.0,1.0,62.6,75.4,63.8,61.3,3.8,NaN,3.6,Keep Away,0.6,1.0,2.0,2.2,8.0,57.0,2.3,Average
STU0937,NaN,3.0,1.0,46.5,31.0,NaN,36.9,NaN,never,5.3,Actively Use,2.1,0.2,0.0,1.7,4.5,113.0,0.9,At-Risk
STU1352,8.74,0.0,0.0,84.7,90.3,89.7,73.8,6.9,Weekly,2.1,Silent,0.8,2.7,6.0,4.8,7.7,10.0,5.1,Good
STU5670,9.35,0.0,0.0,88.8,91.7,84.3,85.1,7.6,Weekly,0.2,silent,0.6,1.2,2.0,5.8,8.8,2.0,3.2,Good
STU5259,5.95,2.0,1.0,66.3,79.4,70.4,NaN,3.0,Monthly,3.9,KEEP AWAY,NaN,0.7,0.0,NaN,7.6,23.0,3.5,Average
STU3774,4.35,3.0,1.0,33.0,40.8,42.1,45.1,1.0,Never,3.9,ACTIVELY USE,4.7,0.8,0.0,0.5,6.4,91.0,NaN,At-Risk
STU6988,6.67,1.0,1.0,65.0,65.4,63.9,49.9,3.0,Monthly,4.0,SILENT,1.1,1.3,2.0,3.4,5.8,44.0,3.7,Average
STU2121,4.18,4.0,1.0,39.9,33.3,31.1,46.5,0.4,Monthly,7.1,NaN,3.8,NaN,0.0,2.0,6.3,109.0,1.4,At-Risk
STU3735,5.04,4.0,1.0,NaN,50.9,26.1,23.5,1.1,Monthly,5.3,Actively Use,3.7,NaN,1.0,NaN,5.0,106.0,0.5,At-Risk
STU4755,6.99,1.0,1.0,71.6,68.2,51.7,57.8,3.3,Monthly,3.7,keep away,1.5,NaN,2.0,1.8,6.9,35.0,3.7,Average
STU5455,9.44,0.0,0.0,88.3,87.3,79.6,87.9,5.4,Weekly,1.2,Silent,0.3,2.2,2.0,6.3,8.7,21.0,5.4,Good
STU1146,8.18,0.0,0.0,74.1,95.0,88.5,75.3,5.3,Daily,2.1,Silent,0.7,2.5,6.0,4.1,7.4,8.0,4.1,Good
STU1961,8.68,0.0,0.0,95.4,NaN,70.7,75.3,6.1,Daily,1.1,Keep Away,0.4,1.7,3.0,6.2,6.9,9.0,6.9,Good
STU6528,8.68,0.0,0.0,97.0,NaN,92.2,91.2,5.6,Weekly,1.0,Keep Away,0.1,1.7,4.0,5.5,7.4,2.0,4.4,Good
STU5297,8.63,0.0,0.0,88.2,90.7,98.3,87.9,NaN,DAILY,0.7,Keep Away,1.0,2.9,5.0,5.7,8.1,25.0,6.6,Good
STU0003,4.14,2.0,1.0,48.1,28.8,37.1,39.1,0.2,Monthly,5.9,Actively Use,1.7,0.1,0.0,1.9,6.9,111.0,1.6,At-Risk
STU7122,8.15,0.0,0.0,98.0,87.1,75.2,78.0,6.6,Weekly,1.0,Silent,NaN,1.5,2.0,NaN,8.2,21.0,4.1,Good
STU0965,7.75,0.0,0.0,95.1,87.4,81.9,72.9,5.0,Weekly,1.7,NaN,0.2,2.3,6.0,7.6,8.3,1.0,6.2,Good
STU6503,7.88,0.0,0.0,93.9,NaN,76.7,90.8,NaN,Weekly,NaN,Silent,0.7,1.5,4.0,4.9,7.6,21.0,5.5,Good
STU6763,9.92,0.0,0.0,98.4,100.5,99.5,90.1,4.8,DAILY,1.7,KEEP AWAY,0.7,NaN,5.0,7.0,8.1,13.0,5.3,Good
STU5183,5.69,2.0,2.0,63.4,66.4,60.9,58.5,2.8,Monthly,2.7,SILENT,1.6,1.0,NaN,1.6,NaN,27.0,2.8,At-Risk
STU0654,9.01,0.0,0.0,91.3,90.0,94.4,88.8,5.7,Weekly,-0.0,Keep Away,0.5,2.6,5.0,6.1,8.7,29.0,5.0,Good
STU3839,5.46,3.0,1.0,48.2,44.0,33.5,38.3,1.4,Never,4.3,Actively Use,3.7,0.2,1.0,1.0,4.8,72.0,0.6,At-Risk
STU4360,7.76,0.0,0.0,84.4,89.9,80.7,83.0,NaN, Daily ,NaN,Silent,0.8,2.7,2.0,5.5,7.1,17.0,5.3,Good
STU2380,9.45,0.0,0.0,96.1,97.4,88.9,71.1,4.7,Weekly,1.2,Keep Away,NaN,2.1,6.0,5.5,8.3,12.0,3.1,Good
STU4817,7.03,1.0,1.0,72.9,79.3,54.7,57.9,3.6,NaN,3.2,Silent,1.5,0.7,0.0,NaN,7.8,44.0,3.5,At-Risk
STU2888,9.86,0.0,0.0,84.0,99.4,81.2,101.5,4.3,Daily,0.3,Keep Away,0.7,1.3,6.0,NaN,8.2,7.0,6.3,Good
STU4579,8.71,0.0,NaN,100.9,94.0,84.8,NaN,4.9,Weekly,0.2,Keep Away,0.8,2.7,4.0,3.4,8.5,21.0,4.7,Good
STU7267,5.53,2.0,1.0,64.4,61.3,50.5,55.8,3.9,Weekly,3.7,Keep Away,0.8,0.6,1.0,2.5,6.2,22.0,2.2,Average
STU0745,7.81,0.0,0.0,100.2,88.9,NaN,75.5,6.7,Daily,1.3,Keep Away,0.6,1.2,6.0,7.5,7.8,24.0,4.3,Good
STU0260,4.47,4.0,1.0,43.1,47.7,23.5,41.8,-0.0,monthly,4.0,actively use,4.5,0.7,NaN,0.0,4.9,68.0,0.4,At-Risk
STU2590,6.26,1.0,1.0,66.8,68.2,55.1,NaN,2.8, Weekly ,2.8,Silent,0.8,1.0,1.0,3.9,7.5,39.0,2.4,Average
STU7356,6.39,2.0,1.0,57.3,75.7,64.7,59.4,2.2,Weekly,2.8,Actively Use,1.9,1.0,0.0,2.2,7.3,17.0,1.2,Average
STU2937,3.8,2.0,1.0,43.1,21.4,33.1,43.1,0.3,Only Before Exam,3.1,silent,4.3,0.6,1.0,0.4,6.5,85.0,1.3,At-Risk
STU0534,4.25,3.0,3.0,41.5,NaN,45.3,41.8,2.0,Only Before Exam,4.3,Silent,4.5,0.1,0.0,1.8,4.9,40.0,0.6,At-Risk
STU2617,4.67,3.0,2.0,52.6,47.1,45.5,32.0,-0.0,Never,3.8,Silent,4.9,0.5,1.0,0.0,6.9,74.0,1.0,At-Risk
STU0634,8.02,0.0,0.0,74.6,100.1,79.1,93.9,4.5,Daily,1.3,NaN,0.9,1.6,2.0,6.4,7.2,0.0,5.5,Good
STU0557,5.99,1.0,1.0,57.2,62.2,66.5,61.0,2.7,Weekly,3.1,Actively Use,1.3,1.2,2.0,NaN,7.7,17.0,1.9,Average
STU2969,8.27,0.0,0.0,82.3,97.7,71.3,86.3,7.4, Weekly ,0.7,Silent,0.0,1.4,4.0,7.6,7.1,NaN,4.6,Good
STU5640,9.68,0.0,0.0,92.0,97.0,95.8,NaN,5.3,Weekly,1.6,keep away,0.3,NaN,4.0,NaN,7.9,1.0,5.8,Good
STU0591,8.34,0.0,0.0,93.5,89.9,83.8,90.9,NaN, Weekly ,1.2,Silent,NaN,1.6,6.0,3.4,7.2,3.0,6.7,Good
STU6720,9.42,0.0,0.0,74.2,90.6,89.7,89.9,NaN,Daily,0.2,Keep Away,NaN,2.6,2.0,NaN,8.1,4.0,5.8,Good
STU0887,8.05,0.0,0.0,84.1,89.0,99.6,85.2,7.0,Weekly,1.6,Silent,0.3,2.1,4.0,7.5,8.1,1.0,6.8,Good
STU5042,6.78,1.0,1.0,65.2,72.2,67.2,54.2,3.3,Monthly,3.0,Silent,1.5,0.7,0.0,3.1,7.5,28.0,1.5,At-Risk
STU5440,8.98,0.0,0.0,79.9,86.1,88.7,95.6,4.3,Daily,1.2,KEEP AWAY,0.1,2.7,2.0,5.7,8.9,22.0,NaN,Good
STU0496,4.03,2.0,NaN,NaN,19.3,45.5,46.5,NaN,Never,NaN,Actively Use,1.0,0.7,NaN,1.7,4.4,49.0,NaN,At-Risk
STU6834,9.48,0.0,0.0,77.2,87.7,85.7,79.1,7.5,Weekly,1.1,Keep Away,NaN,NaN,5.0,7.3,8.1,24.0,5.1,Good
STU0363,6.68,2.0,1.0,61.9,78.8,63.2,63.7,3.2,Weekly,3.4,Keep Away,1.4,0.9,2.0,3.9,6.9,58.0,2.8,Average
STU2028,7.08,2.0,1.0,69.9,76.8,50.8,61.8,2.8,Monthly,2.5,KEEP AWAY,0.8,1.3,NaN,2.9,7.2,17.0,3.0,Average
STU5683,9.48,0.0,0.0,86.9,87.5,73.3,76.0,6.6,Weekly,2.1,Silent,0.5,2.5,6.0,6.2,7.9,24.0,3.9,Good
STU1151,9.74,0.0,0.0,75.4,97.9,82.1,94.5,4.5,Daily,0.8,Keep Away,0.3,1.6,2.0,3.6,8.3,29.0,3.0,Good
STU0829,8.68,NaN,0.0,91.6,96.8,93.8,96.9,4.6, Daily ,-0.2, Keep Away ,NaN,1.6,2.0,4.3,7.8,13.0,4.1,Good
STU3166,8.52,0.0,0.0,91.2,91.0,74.2,73.5,7.8,Weekly,0.2,Keep Away,0.1,1.9,5.0,4.3,NaN,11.0,3.5,Good
STU0644,5.95,1.0,1.0,72.9,72.0,69.6,62.5,3.8,Weekly,2.0,Silent,1.6,1.4,1.0,1.4,6.3,48.0,2.3,At-Risk
STU4072,4.36,5.0,3.0,40.7,24.6,30.2,26.6,1.0,monthly,7.0,Actively Use,3.3,0.2,NaN,0.4,4.0,113.0,0.9,At-Risk
STU1017,5.35,4.0,1.0,43.9,32.4,33.0,43.8,NaN,Monthly,4.5,ACTIVELY USE,3.7,0.3,0.0,1.6,4.4,52.0,1.5,At-Risk
STU0663,8.45,0.0,0.0,78.3,95.0,92.6,98.3,5.0,Daily,1.8,Keep Away,0.1,2.2,2.0,3.3,8.8,24.0,5.1,Good
STU0994,9.69,0.0,0.0,101.2,87.6,97.1,94.9,4.6,Weekly,NaN,keep away,NaN,1.6,6.0,7.4,6.8,10.0,3.1,Good
STU0649,8.35,0.0,0.0,94.5,99.4,86.8,85.7,3.8,Weekly,1.8,keep away,0.0,2.9,4.0,5.4,7.5,24.0,6.7,Good
STU2083,8.34,0.0,0.0,95.3,95.5,85.3,90.8,7.8,Weekly,1.2,Keep Away,0.2,2.8,4.0,NaN,NaN,20.0,4.3,Good
STU2168,8.53,0.0,0.0,96.7,81.9,88.3,68.6,4.5,Daily,0.7,Silent,0.8,1.3,6.0,5.8,8.3,6.0,3.9,Good
STU1713,4.47,5.0,NaN,51.2,48.9,21.2,43.2,1.6, Only Before Exam ,5.9,Silent,2.9,0.0,0.0,1.1,5.4,42.0,1.5,At-Risk
STU0071,5.53,1.0,1.0,68.8,67.6,NaN,NaN,2.7,Monthly,2.1,Actively Use,2.0,1.0,0.0,NaN,6.2,22.0,3.2,At-Risk
STU5973,6.52,2.0,1.0,60.0,80.2,56.7,52.8,3.4,Monthly,2.7,ACTIVELY USE,1.4,1.4,0.0,1.4,7.0,45.0,2.7,At-Risk
STU4632,8.34,0.0,0.0,82.2,96.5,85.5,93.5,6.9,Daily,1.4,Keep Away,0.9,2.0,3.0,6.8,8.6,1.0,6.8,Good
STU6852,6.37,2.0,2.0,58.1,64.2,67.0,59.0,2.1, Weekly ,NaN,Silent,0.8,NaN,0.0,3.9,6.4,15.0,3.9,Average
STU2627,8.5,0.0,0.0,92.2,96.9,69.6,92.2,4.4,Weekly,0.7,Keep Away,0.6,2.4,4.0,5.1,8.5,NaN,3.5,Good
STU4517,7.11,1.0,1.0,53.4,68.5,53.3,56.0,2.0,Weekly,3.9,Keep Away,1.8,0.9,2.0,2.3,7.0,29.0,2.4,Average
STU1687,9.57,0.0,0.0,93.6,91.8,69.5,76.1,7.5,Weekly,1.6,keep away,NaN,1.6,3.0,NaN,8.9,8.0,6.1,Good
STU3229,8.03,0.0,0.0,83.7,94.2,86.0,96.3,5.1,weekly,0.0,Keep Away,0.9,1.4,3.0,4.9,8.1,9.0,6.9,Good
STU1313,8.68,0.0,0.0,94.0,92.6,72.9,74.7,4.3,Weekly,0.9,Silent,NaN,1.6,5.0,4.9,NaN,3.0,NaN,Good
STU4189,9.98,0.0,0.0,77.8,101.2,75.1,83.8,5.9,Weekly,0.5,keep away,0.6,2.7,3.0,4.5,7.0,28.0,5.5,Good
STU6432,5.91,1.0,1.0,72.4,64.6,63.1,62.7,3.8,MONTHLY,NaN,Silent,0.9,NaN,0.0,2.9,7.8,31.0,1.5,Average
STU6328,9.85,0.0,0.0,80.0,86.1,71.5,79.9,7.3,Weekly,0.8, Keep Away ,0.7,2.9,4.0,7.5,7.6,2.0,4.4,Good
STU2222,8.0,0.0,0.0,97.4,96.2,76.1,89.9,6.8,Weekly,NaN,Keep Away,0.2,3.0,5.0,3.8,8.0,13.0,5.6,Good
STU3819,3.94,4.0,4.0,54.3,53.2,44.2,52.1,1.9,ONLY BEFORE EXAM,4.4,Actively Use,1.5,0.7,NaN,1.1,5.2,65.0,1.4,At-Risk
STU0907,4.46,4.0,2.0,36.2,59.4,28.9,NaN,1.0,never,3.4,Actively Use,4.7,0.4,0.0,NaN,5.3,52.0,1.2,At-Risk
STU6718,6.58,2.0,1.0,67.5,74.8,53.1,65.6,2.4,Weekly,2.6,Actively Use,0.9,1.1,0.0,3.9,6.8,15.0,NaN,Average
STU2290,4.69,4.0,1.0,40.4,51.1,47.1,24.9,1.0,Only Before Exam,3.3,Actively Use,3.9,0.4,0.0,0.4,6.3,99.0,1.6,At-Risk
STU4130,NaN,0.0,0.0,93.0,97.8,75.4,77.5,7.4,Weekly,0.9,Silent,0.2,1.8,5.0,4.4,7.2,29.0,6.1,Good
STU7061,8.52,0.0,0.0,85.0,92.2,94.2,81.0,6.6, Daily ,1.1,Keep Away,0.9,1.9,6.0,7.1,8.5,19.0,4.9,Good
STU7339,8.28,NaN,0.0,76.5,86.6,81.2,74.0,4.7,weekly,1.4,Silent,0.2,1.2,5.0,3.4,9.1,26.0,3.3,Good
STU4415,9.09,0.0,0.0,93.5,96.6,86.9,88.5,4.3,Weekly,0.3,silent,0.5,2.5,5.0,7.0,NaN,4.0,4.9,Good
STU3140,6.83,2.0,1.0,69.3,78.7,51.4,70.3,3.1,Monthly,3.3,Keep Away,0.6,1.5,1.0,2.7,7.2,28.0,NaN,Average
STU7271,8.44,0.0,0.0,81.9,93.6,92.6,72.9,NaN,Weekly,0.1,Keep Away,NaN,2.2,2.0,3.6,7.0,24.0,6.5,Good
STU7286,9.15,0.0,0.0,86.0,87.9,92.7,79.8,5.9,Weekly,0.2,KEEP AWAY,NaN,2.5,3.0,7.4,7.5,1.0,4.6,Good
STU5255,9.29,0.0,0.0,73.3,94.9,88.7,83.7,4.5,Daily,1.7,Keep Away,0.1,2.8,NaN,6.9,8.6,28.0,6.0,Good
STU5328,5.86,2.0,2.0,70.9,62.9,58.3,66.6,3.1,Monthly,3.3,actively use,0.6,1.2,1.0,1.5,7.6,42.0,2.7,At-Risk
STU6362,7.22,2.0,NaN,72.8,68.0,60.4,67.8,2.1,Weekly,3.9,actively use,0.7,NaN,2.0,3.4,7.9,41.0,1.1,Average
STU5559,8.49,0.0,0.0,92.5,NaN,85.6,70.8,5.3,Daily,1.2,NaN,0.7,NaN,4.0,7.0,8.9,22.0,4.1,Good
STU2444,8.42,0.0,0.0,NaN,85.0,84.8,89.6,6.9,DAILY,-0.0,keep away,1.0,NaN,2.0,4.8,7.5,29.0,5.3,Good
STU6054,7.11,2.0,1.0,71.2,76.0,67.1,68.4,4.0,Weekly,3.2,Silent,1.3,NaN,2.0,2.4,7.0,25.0,3.2,Average
STU0010,3.57,2.0,1.0,32.5,31.9,24.8,47.1,1.5,Never,6.4,Actively Use,4.5,0.8,1.0,0.4,6.7,113.0,1.1,At-Risk
STU6076,6.85,1.0,1.0,63.5,68.1,60.7,66.0,2.4,Weekly,3.2,Keep Away,1.5,0.5,2.0,NaN,7.8,39.0,2.8,Average
STU2454,6.81,2.0,2.0,58.4,74.0,58.2,56.8,3.0,Weekly,3.0,NaN,1.5,1.3,0.0,2.0,7.8,33.0,3.8,Average
STU0874,6.09,2.0,1.0,57.7,71.9,57.1,53.9,3.5,Monthly,3.5,Actively Use,0.9,NaN,0.0,3.5,6.1,26.0,3.8,Average
STU4624,7.9,0.0,0.0,100.5,98.0,90.0,76.2,5.0,weekly,0.4,Silent,0.6,1.8,5.0,3.2,7.7,16.0,6.4,Good
STU4962,9.4,0.0,0.0,95.7,98.1,80.5,93.4,7.0,Daily,1.1, Silent ,1.0,2.9,3.0,7.5,7.3,27.0,3.8,Good
STU3066,3.34,4.0,1.0,43.2,44.0,23.5,22.5,0.6,Never,5.2,Silent,4.6,0.5,0.0,1.5,4.6,43.0,0.2,At-Risk
STU4554,7.51,0.0,0.0,91.3,96.4,87.9,90.0,4.3,Weekly,1.2,Keep Away,NaN,1.7,3.0,6.4,8.3,4.0,5.4,Good
STU5746,9.63,0.0,0.0,91.3,89.5,77.9,91.4,7.1,Weekly,0.5,Silent,NaN,NaN,6.0,4.7,7.0,30.0,6.5,Good
STU3461,9.8,0.0,0.0,93.9,90.2,75.1,94.6,7.4,Weekly,0.3,Keep Away,0.1,2.4,5.0,6.6,7.6,3.0,5.7,Good
STU7257,6.82,2.0,2.0,65.9,69.7,NaN,NaN,2.3,Weekly,NaN,Keep Away,1.3,1.0,2.0,1.8,6.6,NaN,1.9,Average
STU6841,9.68,0.0,0.0,89.7,90.3,81.8,93.7,4.7,Weekly,1.3,KEEP AWAY,0.3,1.5,4.0,7.0,7.3,15.0,6.5,Good
STU7054,5.81,2.0,1.0,64.5,78.8,NaN,NaN,2.7,monthly,3.5,Actively Use,1.7,0.8,1.0,1.1,6.5,40.0,2.5,At-Risk
STU6759,9.17,0.0,0.0,88.2,99.5,70.2,96.2,NaN,Daily,NaN,NaN,0.9,1.7,NaN,7.5,8.0,21.0,5.8,Good
STU5856,8.31,0.0,0.0,86.7,91.1,76.2,81.4,6.2,weekly,0.8,Keep Away,0.5,2.6,6.0,3.3,8.6,15.0,3.9,Good
STU6426,9.32,0.0,0.0,76.4,97.9,NaN,90.2,4.4,Daily,0.9,KEEP AWAY,0.4,1.6,5.0,NaN,7.7,10.0,5.2,Good
STU6449,7.72,0.0,0.0,92.8,92.7,94.6,97.1,7.0,Weekly,1.6,NaN,0.9,2.6,3.0,5.6,7.5,12.0,6.1,Good
STU2731,8.0,0.0,0.0,89.8,85.6,91.3,81.7,4.5,weekly,2.0,Keep Away,0.9,2.8,5.0,NaN,8.5,8.0,5.6,Good
STU4565,8.06,0.0,0.0,97.5,96.4,87.0,96.7,4.3,daily,1.2,Keep Away,0.4,2.9,5.0,7.0,8.6,8.0,3.8,Good
STU5844,NaN,1.0,1.0,72.8,68.5,61.2,49.6,2.9,weekly,NaN,Actively Use,0.7,0.9,1.0,2.6,6.3,53.0,3.2,Average
STU3580,8.3,0.0,0.0,93.5,89.0,77.6,NaN,4.7,Daily,1.6,Silent,0.7,1.6,3.0,5.3,7.4,10.0,NaN,Good
STU0285,8.1,0.0,0.0,NaN,92.4,NaN,69.6,NaN,Weekly,1.5,Keep Away,0.6,1.6,6.0,6.3,7.5,NaN,3.1,Good
STU2037,3.4,2.0,2.0,44.1,30.3,NaN,33.6,1.1,Only Before Exam,3.0,Actively Use,2.6,0.3,NaN,NaN,4.5,NaN,0.3,At-Risk
STU0821,9.65,0.0,0.0,102.5,89.1,NaN,73.2,NaN,DAILY,1.5,keep away,NaN,2.2,4.0,5.5,8.4,25.0,6.9,Good
STU4056,NaN,3.0,3.0,40.7,47.7,25.0,25.3,0.3,Never,4.8,Silent,1.8,0.9,1.0,1.4,6.7,83.0,1.7,At-Risk
STU7170,8.21,0.0,0.0,98.6,88.3,NaN,81.5,6.8,Weekly,1.3,Silent,0.5,1.0,4.0,6.0,8.2,11.0,3.7,Good
STU1898,5.36,2.0,2.0,43.7,18.9,19.3,36.4,0.8,Never,5.2, Silent ,2.6,0.9,0.0,NaN,6.3,106.0,1.8,At-Risk
STU3306,9.88,0.0,0.0,79.1,92.7,98.8,80.1,7.8,Daily,0.7,Keep Away,1.0,2.9,4.0,3.9,8.7,17.0,NaN,Good
STU0327,7.52,0.0,0.0,99.0,95.7,79.3,91.6,5.1,Weekly,1.5,Keep Away,0.8,2.9,5.0,5.0,8.5,27.0,4.1,Good
STU3506,5.38,3.0,3.0,45.0,36.8,27.9,27.2,1.1,Only Before Exam,7.3,actively use,2.6,0.6,0.0,1.4,4.1,95.0,NaN,At-Risk
STU7101,NaN,2.0,1.0,29.6,56.5,29.5,20.7,1.9, Never ,3.0,ACTIVELY USE,3.8,0.9,0.0,0.8,4.3,59.0,0.4,At-Risk
STU4767,6.06,1.0,1.0,56.2,60.1,66.6,54.8,2.7,monthly,3.9,Keep Away,1.1,0.6,2.0,3.1,7.7,38.0,1.8,Average
STU3744,5.82,2.0,1.0,69.3,81.3,53.6,51.3,NaN,NaN,2.2,Keep Away,0.9,1.4,2.0,3.4,6.7,37.0,3.9,Average
STU2197,6.28,1.0,1.0,69.5,84.7,NaN,52.3,2.3,Weekly,NaN,Actively Use,1.0,NaN,0.0,2.5,7.6,55.0,2.2,At-Risk
STU2943,8.02,0.0,0.0,92.7,98.0,NaN,71.9,6.3,Daily,0.4,KEEP AWAY,0.0,1.7,3.0,NaN,8.6,29.0,4.5,Good
STU2957,3.27,2.0,1.0,35.6,52.3,29.4,NaN,1.8,monthly,6.3,Actively Use,1.5,0.1,0.0,0.5,NaN,113.0,NaN,At-Risk
STU2311,8.82,0.0,0.0,90.2,94.4,79.0,95.5,4.2,Weekly,0.6,Keep Away,0.0,NaN,2.0,4.8,7.3,NaN,4.1,Good
STU0499,7.62,0.0,0.0,80.1,95.8,84.5,93.3,4.3,Weekly,2.0,keep away,0.0,1.3,6.0,3.1,8.1,22.0,6.7,Good
STU2547,8.85,0.0,0.0,93.9,NaN,89.3,93.1,7.2,Daily,0.4, Keep Away ,0.4,NaN,2.0,3.5,7.9,6.0,6.2,Good
STU2783,6.66,2.0,1.0,59.4,83.7,65.7,49.6,3.0,Monthly,NaN,Keep Away,1.6,1.2,0.0,1.5,6.6,31.0,3.5,Average
STU2406,8.21,0.0,0.0,76.4,87.7,NaN,85.0,7.0,Weekly,1.2,silent,0.9,2.7,4.0,7.9,8.7,15.0,5.5,Good
STU4310,9.06,0.0,0.0,76.8,94.7,98.4,94.6,5.8,Weekly,1.1,KEEP AWAY,0.2,1.6,5.0,5.3,8.6,28.0,3.1,Good
STU6485,3.78,4.0,4.0,44.2,23.2,42.2,NaN,NaN,Monthly,7.8,Actively Use,3.0,0.0,1.0,1.9,4.1,46.0,1.1,At-Risk
STU6814,9.69,0.0,0.0,80.3,92.8,82.3,73.7,6.0,WEEKLY,2.0,Keep Away,NaN,2.0,3.0,4.5,8.9,20.0,3.9,Good
STU0380,6.84,2.0,1.0,69.4,82.9,48.1,50.4,3.6,Monthly,2.9,Silent,1.3,1.2,2.0,3.0,8.0,48.0,4.0,Average
STU3049,8.29,0.0,0.0,85.3,90.6,99.2,79.7,5.8,Weekly,2.0,Silent,0.5,2.7,5.0,NaN,NaN,0.0,3.8,Good
STU6604,9.86,NaN,0.0,82.2,92.5,86.0,89.5,5.7,Daily,NaN, Keep Away ,0.9,2.4,5.0,5.6,8.7,24.0,6.9,Good
STU5337,5.97,2.0,1.0,60.5,71.0,48.1,71.0,2.0, Monthly ,3.8,silent,1.3,1.1,1.0,NaN,6.5,25.0,3.3,Average
STU3465,9.8,0.0,0.0,95.1,94.6,88.3,77.8,5.8,Weekly,0.7,silent,0.4,2.3,5.0,3.7,NaN,8.0,4.6,Good
STU4975,6.01,2.0,2.0,66.1,65.4,58.4,55.0,3.3,Weekly,2.7,Actively Use,1.2,1.3,2.0,3.0,6.7,17.0,1.2,Average
STU1053,3.77,2.0,2.0,37.3,34.8,48.2,35.0,1.4,Only Before Exam,5.5,actively use,1.1,0.1,1.0,1.1,6.3,65.0,0.4,At-Risk
STU0191,8.14,0.0,0.0,83.2,92.6,68.5,72.9,5.0,Weekly,2.0,Silent,0.3,2.0,5.0,NaN,8.0,22.0,4.1,Good
STU2789,3.28,3.0,NaN,50.3,NaN,23.5,25.5,1.2,Monthly,7.5,Actively Use,2.7,0.5,1.0,0.3,4.8,81.0,0.3,At-Risk
STU6879,9.01,0.0,0.0,96.8,98.2,94.3,82.6,7.1,Daily,1.0,Keep Away,0.9,NaN,2.0,3.8,7.2,0.0,5.2,Good
STU2388,9.36,0.0,0.0,86.9,98.7,87.1,94.3,4.3,Weekly,1.5,Silent,0.6,2.2,5.0,6.5,8.9,13.0,NaN,Good
STU1721,8.34,0.0,0.0,84.8,83.7,74.5,77.3,7.6,Weekly,0.3,keep away,0.3,1.0,2.0,6.5,8.2,22.0,5.6,Good
STU4052,9.97,0.0,0.0,88.5,98.0,75.5,94.5,6.6,Weekly,2.0,Keep Away,0.9,1.4,6.0,5.3,8.9,8.0,5.6,Good
STU6943,9.31,0.0,0.0,82.2,99.1,93.6,86.7,6.6,Daily,1.5,Keep Away,0.5,1.8,3.0,3.6,7.9,20.0,5.2,Good
STU0021,9.85,0.0,0.0,100.4,98.4,79.6,NaN,7.7,Weekly,1.3,Silent,1.0,2.9,6.0,NaN,7.4,13.0,4.5,Good
STU7251,9.03,0.0,0.0,93.4,83.5,80.8,78.5,3.8,DAILY,1.7,SILENT,0.1,1.6,5.0,7.3,8.4,16.0,5.3,Good
STU5678,5.82,1.0,1.0,NaN,61.2,56.9,59.7,2.1,Weekly,2.6,actively use,1.7,0.6,0.0,4.0,6.2,48.0,1.9,At-Risk
STU2535,9.0,0.0,0.0,92.0,90.4,75.8,95.0,7.8,Daily,0.3,Silent,0.1,2.3,3.0,7.0,8.4,27.0,5.9,Good
STU2867,3.26,3.0,1.0,41.8,27.7,40.9,48.0,1.3,NaN,3.0,SILENT,2.3,0.0,0.0,0.1,4.1,118.0,0.6,At-Risk
STU6496,9.38,0.0,0.0,79.5,92.5,73.2,NaN,7.2,daily,1.5,Keep Away,0.7,1.3,2.0,7.1,7.8,23.0,6.3,Good
STU7188,6.55,2.0,1.0,64.1,81.5,NaN,70.9,3.6,monthly,4.1,Keep Away,0.9,NaN,0.0,2.3,6.8,29.0,1.2,Average
STU4539,7.08,2.0,2.0,71.1,67.4,55.3,50.6,3.4,Weekly,NaN,Silent,0.6,0.8,2.0,2.3,7.2,26.0,2.6,Average
STU2021,4.14,5.0,1.0,43.0,35.4,28.5,33.3,1.3,MONTHLY,5.5,Actively Use,4.0,0.4,0.0,1.4,5.8,69.0,1.9,At-Risk
STU7197,8.85,0.0,0.0,94.6,88.8,87.2,87.0,5.6,Weekly,0.7,Keep Away,0.2,2.3,6.0,3.6,8.7,25.0,4.8,Good
STU4504,NaN,NaN,2.0,67.6,72.0,65.2,63.1,2.9,Weekly,4.3,Actively Use,0.9,1.4,1.0,1.7,7.0,45.0,2.4,At-Risk
STU5462,7.89,0.0,0.0,87.5,98.5,83.7,80.8,6.5,NaN,1.1,Silent,0.1,1.5,2.0,5.5,7.7,22.0,4.3,Good
STU5536,7.8,0.0,0.0,88.5,89.4,70.6,95.5,6.0,DAILY,-0.2,Keep Away,0.9,2.1,2.0,6.7,7.9,6.0,NaN,Good
STU0209,NaN,0.0,0.0,95.8,101.6,83.8,96.6,6.8,Weekly,1.2,silent,1.0,1.4,4.0,3.5,8.7,20.0,4.8,Good
STU5938,7.36,1.0,1.0,60.4,77.2,65.1,71.3,3.6,WEEKLY,3.6,actively use,1.5,0.7,1.0,NaN,6.7,33.0,2.3,At-Risk
STU5207,7.3,2.0,2.0,72.5,73.7,60.5,62.7,2.7,Monthly,3.4,keep away,1.6,1.3,1.0,2.6,NaN,43.0,1.5,At-Risk
STU0190,8.09,0.0,0.0,89.7,89.2,78.0,85.4,6.7,Weekly,1.9,Keep Away,0.6,2.5,NaN,5.5,8.2,1.0,3.3,Good
STU5193,7.01,1.0,1.0,64.3,66.2,62.1,NaN,2.3,weekly,3.5,Actively Use,NaN,1.1,2.0,NaN,6.1,53.0,1.7,Average
STU5278,7.74,0.0,0.0,85.3,85.4,91.6,NaN,5.3,Weekly,1.3,Keep Away,0.3,1.8,3.0,5.4,8.5,26.0,3.6,Good
STU0151,7.41,NaN,1.0,68.2,69.0,NaN,57.9,3.3,Monthly,3.3,Silent,0.8,0.7,1.0,1.3,7.2,36.0,3.3,Average
STU0023,9.69,0.0,0.0,93.5,97.0,93.5,84.1,5.2,Daily,1.6,Keep Away,0.8,2.7,2.0,7.6,8.0,4.0,5.0,Good
STU5773,7.23,1.0,1.0,64.9,72.9,54.2,59.3,3.0,WEEKLY,2.3,Actively Use,1.1,1.1,1.0,3.4,7.1,51.0,3.8,Average
STU4079,7.57,0.0,0.0,81.7,97.0,76.5,92.9,6.0,Daily,0.2,Silent,0.6,2.9,4.0,7.4,8.4,1.0,5.0,Good
STU7123,8.33,0.0,0.0,75.2,NaN,91.6,97.4,4.6, Daily ,2.0,Keep Away,0.4,2.6,2.0,NaN,9.0,14.0,4.3,Good
STU1332,9.83,0.0,0.0,91.0,98.6,99.4,85.0,7.0,NaN,0.5,KEEP AWAY,0.2,2.3,3.0,NaN,8.7,24.0,5.6,Good
STU3857,8.28,0.0,NaN,87.0,89.3,81.8,94.4,6.0,DAILY,1.6,Silent,0.6,2.3,3.0,3.2,8.5,9.0,6.9,Good
STU0443,8.58,0.0,0.0,88.9,92.3,83.6,96.4,8.0,DAILY,0.5,KEEP AWAY,0.6,2.9,5.0,NaN,NaN,5.0,4.8,Good
STU0658,7.76,0.0,0.0,94.4,89.1,82.1,77.5,5.7,Weekly,0.4,Keep Away,0.5,2.6,6.0,NaN,8.0,14.0,6.4,Good
STU5801,7.8,0.0,NaN,93.4,91.5,73.0,95.0,6.1,daily,1.3,Keep Away,0.7,NaN,3.0,6.5,6.9,11.0,4.4,Good
STU4523,7.93,0.0,NaN,73.7,96.7,88.1,88.9,6.6,Weekly,1.3,Silent,0.6,2.7,3.0,5.2,8.5,13.0,6.1,Good
STU1383,8.44,0.0,0.0,94.4,88.5,76.5,71.7,5.5,Weekly,0.7,Keep Away,0.8,2.3,6.0,5.2,8.3,11.0,3.2,Good
STU1808,3.45,5.0,4.0,37.1,NaN,48.1,40.2,0.7,Never,7.7,Silent,4.0,0.3,0.0,0.8,4.7,90.0,1.9,At-Risk
STU4244,7.41,1.0,1.0,68.5,66.5,55.5,68.0,3.2,WEEKLY,4.0,Keep Away,1.2,1.4,0.0,1.1,6.9,26.0,3.1,Average
STU2799,9.2,0.0,0.0,90.4,NaN,88.8,77.9,6.2,Weekly,1.7,Silent,NaN,2.0,4.0,6.1,7.6,28.0,NaN,Good
STU1963,9.73,0.0,0.0,85.8,95.4,98.4,100.3,5.9,Daily,1.7,Silent,0.3,1.7,6.0,3.8,7.4,13.0,5.6,Good
STU7260,6.69,2.0,2.0,72.1,69.3,55.4,66.4,3.1,Monthly,3.2,Keep Away,1.5,1.3,1.0,3.5,7.8,52.0,2.8,At-Risk
STU3442,6.14,2.0,1.0,66.4,81.5,64.6,62.5,NaN,Monthly,1.8,Silent,0.7,1.1,1.0,2.6,7.9,17.0,3.1,Average
STU0551,4.33,5.0,2.0,44.3,34.8,44.5,36.2,0.6,Only Before Exam,NaN,Actively Use,3.1,0.9,1.0,0.6,6.7,86.0,1.5,At-Risk
STU3415,9.82,0.0,0.0,76.7,90.1,73.7,85.4,7.5,Daily,NaN,KEEP AWAY,0.4,2.6,3.0,NaN,7.1,15.0,6.4,Good
STU6293,9.21,0.0,0.0,76.5,94.7,77.1,79.0,6.9,Weekly,0.5,SILENT,0.5,2.2,6.0,3.8,NaN,27.0,5.4,Good
STU5681,8.99,0.0,0.0,86.0,95.0,95.6,83.1,7.5,Weekly,0.4,Silent,0.1,1.5,2.0,NaN,9.2,5.0,4.5,Good
STU7220,7.99,0.0,0.0,97.3,95.6,82.3,82.3,7.5, Weekly ,1.7,Keep Away,0.5,2.1,6.0,NaN,8.5,19.0,6.5,Good
STU5430,9.72,0.0,0.0,100.2,90.8,95.1,NaN,8.0,Weekly,0.6,Keep Away,0.0,1.4,2.0,3.6,8.0,0.0,3.3,Good
STU4206,9.51,0.0,0.0,84.3,81.6,94.8,81.4,7.3,Daily,1.6,NaN,0.5,3.0,5.0,5.3,8.4,7.0,5.7,Good
STU0940,5.33,5.0,2.0,34.9,29.3,24.1,35.0,NaN,Monthly,3.8,ACTIVELY USE,2.2,0.3,0.0,NaN,6.6,114.0,1.5,At-Risk
STU2470,3.7,3.0,1.0,49.3,55.2,39.6,42.8,1.5,Only Before Exam,5.7,Actively Use,NaN,0.3,0.0,NaN,5.0,88.0,1.2,At-Risk
STU2818,NaN,1.0,1.0,65.3,71.6,59.7,61.7,2.7,Monthly,3.5,Actively Use,1.6,1.0,2.0,3.6,7.7,29.0,2.6,Average
STU5043,8.62,0.0,0.0,NaN,99.1,70.2,71.0,4.3,Daily,2.2,Silent,0.8,NaN,4.0,3.7,7.7,9.0,5.9,Good
STU4609,5.81,2.0,1.0,74.4,87.3,65.7,67.4,2.2,WEEKLY,2.2,Keep Away,1.9,0.7,0.0,2.0,6.3,34.0,2.9,At-Risk
STU4190,9.38,0.0,0.0,NaN,87.6,98.2,85.3,4.9,Daily,1.6,Keep Away,0.2,2.5,4.0,NaN,8.0,20.0,5.8,Good
STU5063,8.33,0.0,0.0,96.2,98.1,68.4,88.8,5.1,Weekly,1.7,Keep Away,0.8,2.5,6.0,5.2,7.4,27.0,5.3,Good
STU6199,8.44,0.0,0.0,99.2,89.5,95.3,90.6,5.7,weekly,0.8,Keep Away,0.9,NaN,2.0,6.4,8.5,25.0,6.6,Good
STU2899,8.21,0.0,0.0,92.8,91.2,NaN,80.6,7.7,Weekly,0.5,KEEP AWAY,0.0,NaN,3.0,5.6,7.1,16.0,3.9,Good
STU2104,4.59,3.0,1.0,44.8,22.9,35.0,40.1,2.1,Monthly,3.6,NaN,2.6,0.1,0.0,0.5,5.1,88.0,1.1,At-Risk
STU1528,8.14,0.0,0.0,83.4,93.1,75.6,76.1,6.7,Daily,1.6,Keep Away,0.5,1.7,6.0,5.2,7.8,12.0,6.8,Good
STU0341,6.88,2.0,2.0,58.5,74.4,67.4,52.3,2.3,Weekly,2.7, Keep Away ,NaN,1.3,1.0,1.1,7.5,53.0,2.0,Average
STU2415,8.28,0.0,0.0,98.1,NaN,93.5,85.7,7.5,Daily,0.0,Keep Away,0.1,1.1,6.0,6.0,NaN,16.0,6.6,Good
STU4398,6.34,1.0,1.0,63.5,77.6,58.1,57.6,2.1,Weekly,2.4,SILENT,1.7,1.4,1.0,1.5,7.1,26.0,1.1,Average
STU6238,8.19,0.0,0.0,76.6,86.1,NaN,102.6,4.4,Weekly,1.8,Keep Away,0.2,1.7,2.0,3.6,7.2,14.0,3.4,Good
STU0421,9.41,0.0,0.0,91.4,85.1,92.7,91.1,6.4,Weekly,1.2,Keep Away,0.5,1.7,3.0,NaN,7.3,1.0,NaN,Good
STU0762,6.54,1.0,1.0,59.7,81.3,61.6,61.7,2.8,Monthly,2.9,Silent,NaN,0.9,0.0,1.6,8.0,31.0,2.5,At-Risk
STU2390,3.5,2.0,2.0,45.3,21.9,NaN,43.7,0.5,MONTHLY,7.7,Silent,3.0,0.5,1.0,0.1,6.9,83.0,0.3,At-Risk
STU3660,6.7,2.0,1.0,59.7,69.1,65.4,NaN,2.6,Weekly,2.4,Silent,1.4,1.3,0.0,2.4,NaN,45.0,3.5,Average
STU5155,7.58,0.0,0.0,83.3,94.0,81.6,89.4,5.0,daily,0.2,KEEP AWAY,0.3,1.2,6.0,4.2,7.1,19.0,4.6,Good
STU0865,4.5,5.0,3.0,43.8,33.8,44.0,37.0,1.1,never,7.8,Silent,3.0,0.2,0.0,1.0,6.6,72.0,1.6,At-Risk
STU1869,9.98,0.0,0.0,91.4,96.2,85.6,68.4,8.0,Weekly,1.1,Silent,0.1,1.0,5.0,3.3,NaN,30.0,5.5,Good
STU2389,3.55,4.0,2.0,50.9,23.7,38.4,43.2,-0.1,Only Before Exam,7.1,Actively Use,4.2,0.5,0.0,0.6,5.2,56.0,1.9,At-Risk
STU3907,9.94,0.0,0.0,84.3,97.9,90.7,80.4,6.2,Weekly,0.0,Keep Away,0.4,2.9,3.0,NaN,7.8,28.0,NaN,Good
STU3356,4.54,2.0,2.0,48.6,51.2,30.5,35.4,0.1,Monthly,7.2,actively use,4.4,0.3,1.0,0.3,4.2,84.0,1.1,At-Risk
STU4278,4.71,2.0,2.0,35.4,NaN,22.0,45.2,0.8,MONTHLY,4.2,Actively Use,3.9,0.2,0.0,0.5,NaN,99.0,1.9,At-Risk
STU5368,8.56,0.0,0.0,82.7,90.1,81.9,77.2,5.0,Daily,1.1,Keep Away,0.3,1.2,5.0,6.4,8.1,22.0,3.8,Good
STU0770,8.46,0.0,0.0,90.8,91.4,77.1,98.1,5.7,WEEKLY,1.5,Keep Away,0.4,1.0,6.0,3.5,7.9,26.0,5.8,Good
STU0885,9.37,0.0,0.0,97.4,91.0,92.6,NaN,5.2,Daily,0.8,Silent,0.5,NaN,5.0,7.4,7.5,20.0,3.7,Good
STU5686,7.44,1.0,1.0,64.0,68.8,61.3,63.1,2.7,monthly,3.9,Silent,1.8,0.6,0.0,3.4,7.8,NaN,2.0,At-Risk
STU7105,8.78,0.0,0.0,84.2,91.3,84.1,84.6,7.7,Weekly,0.2,Keep Away,0.6,1.0,6.0,6.5,8.4,6.0,5.8,Good
STU6349,6.59,1.0,1.0,59.4,71.0,58.0,54.9,3.8,Weekly,3.9,NaN,1.3,0.7,1.0,2.7,NaN,58.0,2.1,Average
STU2527,3.17,2.0,2.0,43.8,NaN,36.2,NaN,0.5,Monthly,5.2,Actively Use,NaN,0.7,1.0,1.9,6.0,104.0,0.0,At-Risk
STU4297,7.5,0.0,0.0,87.1,102.3,97.3,95.9,6.9,Daily,1.6,Keep Away,0.8,1.2,NaN,6.5,8.6,10.0,3.2,Good
STU5547,6.35,1.0,NaN,65.2,75.1,60.1,51.7,2.4,WEEKLY,2.3,Keep Away,NaN,1.1,1.0,2.7,6.9,26.0,2.1,Average
STU1287,6.69,2.0,2.0,67.1,70.3,54.3,65.8,2.2,Weekly,3.4,Keep Away,0.5,1.4,2.0,1.5,7.1,55.0,2.8,Average
STU4354,9.25,0.0,0.0,84.4,84.5,71.1,87.0,7.3,Weekly,0.1,Keep Away,0.5,2.7,5.0,3.0,7.5,NaN,6.7,Good
STU5092,8.96,0.0,0.0,101.1,96.5,93.2,90.3,7.1,Daily,1.6,KEEP AWAY,0.7,1.9,3.0,6.5,7.6,0.0,5.5,Good
STU2980,3.51,5.0,2.0,34.5,48.3,31.8,36.5,1.7,only before exam,4.6,Actively Use,3.3,0.8,1.0,1.4,5.7,70.0,0.8,At-Risk
STU0711,4.13,3.0,3.0,40.4,24.0,32.4,36.0,0.1,Never,5.3,ACTIVELY USE,4.1,0.7,NaN,1.3,6.7,56.0,0.0,At-Risk
STU6868,8.83,NaN,0.0,94.4,85.8,82.6,84.3,5.6,Daily,-0.0,Keep Away,0.1,NaN,4.0,6.0,8.0,1.0,3.7,Good
STU6928,5.75,2.0,2.0,58.5,79.5,62.9,64.9,3.6,Weekly,2.8,Actively Use,1.1,1.4,NaN,2.0,7.9,16.0,1.8,Average
STU0099,7.06,2.0,NaN,55.9,79.5,60.7,67.9,2.5,Weekly,3.4,Actively Use,1.9,0.6,2.0,3.8,7.4,15.0,NaN,Average
STU0891,8.69,0.0,0.0,99.2,89.8,90.9,84.6,5.2,NaN,0.7,Silent,0.1,2.6,5.0,4.2,8.6,13.0,3.3,Good
STU5232,5.6,1.0,1.0,66.8,73.2,64.2,50.6,3.2,Weekly,3.2,Actively Use,0.8,1.0,0.0,3.1,8.0,23.0,2.8,Average
STU1983,8.09,0.0,0.0,97.1,98.0,84.9,NaN,6.6,Weekly,NaN,Silent,0.4,1.8,5.0,6.6,7.4,5.0,6.3,Good
STU3275,5.34,4.0,1.0,50.3,45.2,31.7,39.6,0.5, Only Before Exam ,3.2,SILENT,NaN,0.5,0.0,NaN,6.6,44.0,0.7,At-Risk
STU4954,8.11,0.0,0.0,NaN,89.8,91.9,92.4,5.0,Daily,-0.1,KEEP AWAY,0.3,1.4,4.0,6.1,7.4,23.0,3.1,Good
STU6803,7.81,0.0,0.0,93.5,89.1,88.9,89.3,6.8,weekly,1.1,keep away,0.8,2.8,2.0,NaN,7.8,24.0,4.0,Good
STU1040,6.6,2.0,1.0,67.8,80.0,63.7,55.0,NaN,monthly,3.3,Keep Away,1.0,0.7,0.0,2.1,6.6,NaN,1.3,At-Risk
STU7388,7.87,0.0,0.0,99.9,84.8,95.5,84.0,6.5,Daily,NaN,Silent,0.9,2.2,4.0,NaN,8.2,7.0,3.5,Good
STU6870,8.84,0.0,0.0,94.0,89.1,82.6,NaN,6.2,Weekly,1.5,Silent,0.9,2.1,5.0,6.8,7.3,19.0,6.0,Good
STU2596,7.74,0.0,0.0,90.7,96.8,76.2,90.8,4.3,Daily,1.8,SILENT,1.0,1.7,5.0,3.5,8.4,16.0,3.1,Good
STU5932,5.95,1.0,1.0,74.7,64.1,51.1,65.0,2.8,Monthly,3.1,KEEP AWAY,0.7,0.6,1.0,2.4,6.7,59.0,2.5,At-Risk
STU5298,6.92,1.0,1.0,71.4,73.4,67.1,62.6,3.3,weekly,2.3,Keep Away,NaN,NaN,2.0,2.3,NaN,57.0,2.2,Average
STU1063,9.74,0.0,0.0,80.0,85.8,93.0,72.1,5.7,Daily,0.2,Keep Away,0.1,1.3,2.0,NaN,8.5,15.0,6.3,Good
STU3802,9.81,0.0,0.0,90.6,98.0,96.3,76.1,6.1,Weekly,0.4,Keep Away,NaN,1.4,5.0,5.9,8.6,9.0,6.5,Good
STU1251,8.75,0.0,0.0,94.6,91.0,70.3,74.8,4.7, Weekly ,0.4,Keep Away,0.6,2.0,4.0,4.0,7.1,27.0,3.7,Good
STU4644,9.18,0.0,0.0,82.3,100.0,81.2,93.9,7.7,Weekly,1.5,Silent,0.5,2.7,5.0,NaN,7.8,21.0,6.5,Good
STU1466,8.75,0.0,0.0,83.4,89.3,90.6,78.4,5.4,Daily,1.2,silent,0.6,NaN,3.0,6.2,7.6,2.0,6.2,Good
STU4892,7.49,2.0,1.0,67.9,65.8,66.6,54.4,2.5,Weekly,3.7,Keep Away,2.0,0.9,0.0,1.4,7.2,33.0,3.8,Average
STU4570,7.36,1.0,1.0,72.4,77.1,51.3,51.2,NaN,Monthly,3.9,Keep Away,1.3,1.3,1.0,2.5,7.2,54.0,2.8,Average
STU1992,4.67,2.0,1.0,37.0,28.6,30.0,34.8,1.3,Never,6.2,Silent,5.0,0.7,0.0,1.9,4.3,94.0,0.1,At-Risk
STU6264,8.85,0.0,NaN,95.3,97.5,96.9,84.7,5.8,Weekly,0.7,Silent,0.3,NaN,2.0,5.0,7.0,2.0,5.5,Good
STU1399,9.12,0.0,0.0,98.6,92.1,77.9,79.2,5.8,Weekly,0.0,keep away,0.5,2.0,4.0,5.9,7.6,NaN,5.5,Good
STU0671,9.95,0.0,0.0,80.0,88.5,91.1,82.2,4.6, Weekly ,1.3,Keep Away,0.0,2.7,NaN,3.7,7.3,10.0,3.7,Good
STU1263,4.75,2.0,2.0,54.9,49.1,41.4,50.1,0.2,Never,6.6,Actively Use,4.4,1.0,1.0,0.4,5.4,92.0,1.4,At-Risk
STU5539,7.97,0.0,0.0,95.5,NaN,NaN,92.9,5.0,Daily,1.3,Keep Away,NaN,1.9,6.0,NaN,8.7,NaN,6.0,Good
STU2762,NaN,2.0,2.0,62.0,62.5,63.2,57.7,3.4,weekly,3.7,silent,1.7,1.2,1.0,1.9,7.4,38.0,NaN,At-Risk
STU6563,6.18,NaN,2.0,70.1,62.7,57.6,NaN,NaN,Weekly,2.8,Keep Away,0.5,0.7,1.0,2.8,6.8,20.0,1.5,Average
STU6246,9.1,0.0,0.0,89.0,91.3,84.8,77.4,6.2,DAILY,0.9,SILENT,NaN,2.9,6.0,5.5,8.4,24.0,3.8,Good
STU6258,7.85,0.0,0.0,82.4,98.7,79.5,78.4,NaN,Daily,0.5,Keep Away,0.6,1.5,2.0,5.1,8.8,21.0,5.2,Good
STU2023,5.27,5.0,1.0,42.2,57.2,38.4,27.1,0.3,MONTHLY,6.6,SILENT,1.2,0.5,1.0,0.3,5.3,92.0,1.5,At-Risk
STU1197,3.68,2.0,2.0,38.7,21.4,33.9,51.4,0.5,Only Before Exam,7.4,NaN,4.4,1.0,0.0,1.6,5.9,62.0,1.7,At-Risk
STU0417,8.35,0.0,0.0,91.6,85.0,95.7,72.8,5.2,Weekly,1.3,Silent,0.6,1.8,6.0,5.4,8.7,9.0,4.4,Good
STU5172,8.0,0.0,0.0,85.2,96.1,91.6,70.0,6.9,Daily,1.1,Silent,0.4,2.1,2.0,6.8,7.6,11.0,6.8,Good
STU5076,6.58,1.0,1.0,61.6,65.2,70.5,66.2,2.5, Weekly ,3.6,Keep Away,NaN,0.5,NaN,NaN,NaN,40.0,1.3,Average
STU6560,8.95,0.0,0.0,90.7,88.5,76.2,102.8,6.6,Weekly,1.7,Keep Away,0.4,NaN,5.0,6.6,7.8,1.0,5.9,Good
STU5754,7.08,2.0,2.0,55.9,61.1,72.2,64.4,3.3,Weekly,2.5,Actively Use,0.8,0.9,1.0,2.8,7.4,53.0,1.5,At-Risk
STU0849,7.03,1.0,1.0,61.6,76.5,67.5,63.0,2.9,Weekly,2.9,Silent,1.1,NaN,0.0,2.5,7.7,55.0,3.6,Average
STU3804,9.75,0.0,0.0,77.8,NaN,NaN,88.6,6.3,Daily,1.1,Keep Away,1.0,1.2,2.0,5.6,8.1,3.0,3.1,Good
STU4798,9.62,0.0,0.0,84.0,89.2,87.6,NaN,4.8,Weekly,1.7,Keep Away,0.5,1.9,2.0,3.6,8.0,26.0,6.0,Good
STU6658,9.48,0.0,0.0,82.9,95.6,94.9,86.1,4.1,Daily,1.0,keep away,0.1,1.7,2.0,5.8,8.9,21.0,5.9,Good
STU1012,8.19,0.0,0.0,76.7,84.8,85.1,91.5,6.4,Weekly,NaN,Keep Away,0.9,2.2,2.0,7.8,8.3,5.0,3.7,Good
STU4402,3.17,4.0,1.0,39.0,55.8,48.1,42.8,0.6,Never,4.9,Actively Use,1.7,0.7,1.0,NaN,6.7,49.0,1.7,At-Risk
STU2644,4.05,5.0,NaN,35.7,21.3,22.8,31.5,1.8,Monthly,3.7,Actively Use,4.0,0.3,0.0,1.8,5.2,81.0,0.3,At-Risk
STU3572,8.23,0.0,0.0,92.4,84.4,NaN,85.2,5.7,Weekly,0.7,keep away,0.5,1.6,4.0,5.1,8.5,5.0,5.5,Good
STU4413,5.55,1.0,1.0,63.5,81.5,68.1,NaN,2.2,NaN,2.7,Actively Use,1.1,1.2,2.0,2.5,6.1,44.0,1.9,At-Risk
STU4380,4.83,5.0,5.0,36.7,24.4,32.3,44.0,0.3,Monthly,6.1,Silent,4.3,0.2,1.0,1.4,4.1,51.0,0.0,At-Risk
STU1237,9.53,0.0,0.0,84.4,98.4,81.6,84.1,7.1,Daily,0.5,Silent,0.3,1.4,2.0,4.8,7.6,12.0,5.3,Good
STU2412,4.53,NaN,3.0,30.7,47.3,35.6,36.2,NaN,Only Before Exam,5.8,SILENT,1.6,0.1,1.0,0.6,6.2,71.0,1.2,At-Risk
STU1704,8.24,0.0,0.0,94.0,88.1,NaN,77.8,5.3,Weekly,0.6,Keep Away,0.7,1.4,3.0,6.4,7.2,19.0,3.6,Good
STU6433,6.43,2.0,1.0,60.2,71.6,53.6,57.3,3.7,Monthly,3.2,Keep Away,1.3,1.4,2.0,1.7,6.7,36.0,1.9,Average
STU0899,NaN,1.0,1.0,68.3,80.8,NaN,68.7,3.0,weekly,3.7,Keep Away,1.6,1.2,0.0,1.3,6.4,51.0,1.0,Average
STU6683,5.63,1.0,1.0,57.8,73.8,59.8,61.0,2.5,Weekly,2.0,Silent,1.4,0.7,2.0,2.0,7.1,45.0,1.6,Average
STU4338,9.08,0.0,0.0,89.7,NaN,77.0,79.5,6.7,DAILY,0.3,keep away,0.7,1.7,5.0,6.5,8.9,27.0,6.5,Good
STU0201,8.35,0.0,0.0,76.5,91.2,76.5,91.0,6.3,WEEKLY,0.7,keep away,0.2,3.0,3.0,5.3,8.4,7.0,3.6,Good
STU1728,5.58,2.0,1.0,72.5,82.4,NaN,72.6,3.2,Monthly,3.9,Keep Away,1.3,1.0,1.0,2.3,6.8,20.0,2.6,Average
STU5113,8.66,0.0,0.0,99.3,89.8,77.4,70.6,5.6,Weekly,0.5,Keep Away,0.1,2.7,5.0,3.3,8.4,16.0,3.8,Good
STU5599,5.84,2.0,2.0,70.7,68.6,68.4,59.2,2.3,weekly,3.5,keep away,1.9,0.6,0.0,1.6,7.4,54.0,4.0,At-Risk
STU3996,4.22,2.0,2.0,32.2,40.8,27.3,34.9,1.0,Only Before Exam,7.3,Actively Use,1.9,0.5,0.0,1.9,6.1,41.0,2.0,At-Risk
STU4641,9.62,0.0,0.0,83.3,88.9,99.8,73.8,NaN,Weekly,1.6,Keep Away,0.3,2.7,5.0,5.8,7.8,5.0,6.5,Good
STU0735,3.1,3.0,1.0,35.3,25.8,32.9,45.6,1.1,Only Before Exam,6.1,Actively Use,3.8,0.6,1.0,0.7,5.6,73.0,0.7,At-Risk
STU5315,9.29,0.0,0.0,95.9,96.3,93.2,74.7,7.7,daily,1.3,Keep Away,0.2,2.4,2.0,5.6,7.8,1.0,4.0,Good
STU2740,7.65,0.0,0.0,100.7,83.5,98.4,86.1,6.8,Daily,0.4,Keep Away,0.7,2.8,2.0,NaN,7.4,0.0,4.2,Good
STU1207,7.72,0.0,0.0,94.5,86.5,85.4,99.0,7.9,DAILY,0.4,Keep Away,0.2,1.2,5.0,NaN,7.1,2.0,4.6,Good
STU1696,9.95,0.0,0.0,82.0,93.2,75.3,97.9,NaN, Weekly ,0.8,keep away,0.1,2.9,2.0,5.7,NaN,27.0,4.4,Good
STU5137,9.58,0.0,0.0,NaN,89.8,77.3,78.0,5.5, Daily ,0.4,Keep Away,0.3,2.8,6.0,4.6,NaN,13.0,4.5,Good
STU3278,9.61,0.0,0.0,97.7,95.5,70.8,98.5,7.8,Weekly,1.4,Keep Away,0.5,1.5,4.0,NaN,8.9,18.0,5.7,Good
STU3065,9.88,0.0,0.0,76.9,98.9,97.8,82.1,5.3,Daily,1.5,Keep Away,0.7,2.6,5.0,NaN,7.5,17.0,5.7,Good
STU0600,8.75,0.0,0.0,90.2,91.6,84.1,86.7,NaN,Daily,1.5,Silent,0.5,1.3,3.0,6.8,8.9,7.0,6.8,Good
STU5290,9.56,0.0,0.0,82.7,100.0,96.0,91.9,6.1,WEEKLY,1.3,Keep Away,0.7,3.0,2.0,3.6,7.7,16.0,6.1,Good
STU6510,9.04,0.0,0.0,85.1,88.7,86.4,75.1,4.2,DAILY,0.7, Silent ,0.8,2.7,6.0,NaN,8.1,6.0,6.8,Good
STU0401,5.75,1.0,1.0,57.4,80.3,50.2,65.4,3.3,Monthly,1.8,Actively Use,NaN,0.7,1.0,3.6,6.2,30.0,NaN,At-Risk
STU4024,4.46,5.0,3.0,37.1,59.8,42.8,28.8,1.4,Monthly,5.2,Actively Use,4.4,0.3,1.0,0.4,4.0,50.0,2.0,At-Risk
STU1777,9.97,0.0,0.0,89.6,93.9,92.7,75.7,4.8,Weekly,NaN, Keep Away ,0.3,1.3,NaN,4.6,7.6,12.0,6.9,Good
STU6508,9.46,0.0,0.0,80.7,91.6,85.2,94.8,6.5,Weekly,1.4,NaN,0.2,NaN,2.0,4.9,7.0,27.0,6.3,Good
STU0515,3.14,2.0,2.0,33.3,23.0,41.5,21.3,1.6,Monthly,5.5,actively use,3.1,0.6,1.0,0.3,4.7,62.0,0.6,At-Risk
STU7137,5.9,1.0,1.0,65.6,76.8,52.6,59.3,3.5,Weekly,3.1,Keep Away,1.8,1.4,1.0,2.9,7.1,22.0,1.6,Average
STU6675,9.0,0.0,0.0,91.8,NaN,73.9,99.1,4.8,Weekly,0.6,Keep Away,0.2,1.1,NaN,NaN,6.9,12.0,NaN,Good
STU5394,8.93,0.0,0.0,87.2,96.1,82.5,76.4,5.1,Daily,1.9,Silent,0.2,1.2,5.0,NaN,7.2,1.0,3.1,Good
STU5307,9.23,0.0,0.0,95.0,91.8,87.4,71.0,7.7,Daily,1.2,Silent,0.3,2.5,4.0,3.1,7.8,29.0,6.6,Good
STU6292,9.01,0.0,NaN,90.7,92.2,97.0,85.8,7.2,Daily,1.8,Keep Away,0.2,1.5,3.0,5.6,7.4,1.0,5.3,Good
STU2545,6.72,2.0,1.0,58.8,78.8,61.3,57.4,3.1,WEEKLY,3.8,Keep Away,0.5,0.7,0.0,2.3,7.3,20.0,1.6,Average
STU4600,8.79,0.0,0.0,99.7,101.1,76.4,78.9,4.2,weekly,0.7,Keep Away,0.7,1.9,5.0,3.3,7.4,25.0,3.7,Good
STU4925,6.83,2.0,NaN,72.8,80.9,63.2,69.4,3.7,Monthly,3.5,silent,1.9,1.3,0.0,2.5,NaN,54.0,1.0,At-Risk
STU6062,9.37,0.0,0.0,95.6,98.7,74.9,NaN,6.0,Weekly,1.7,keep away,0.9,2.5,3.0,5.6,7.8,17.0,6.2,Good
STU0815,9.97,0.0,0.0,79.7,98.0,79.5,73.0,5.8,Daily,1.3,Keep Away,0.5,NaN,6.0,8.0,7.9,15.0,5.5,Good
STU4659,9.45,0.0,0.0,89.3,95.8,87.3,87.0,7.9,Weekly,0.4,Silent,1.0,1.3,4.0,5.4,7.4,11.0,4.1,Good
STU2207,3.92,5.0,2.0,51.7,49.9,25.2,41.9,2.0,only before exam,5.7,Silent,NaN,1.0,1.0,1.4,4.3,42.0,0.5,At-Risk
STU2753,3.63,3.0,1.0,44.0,49.6,34.8,30.6,1.9,NEVER,3.5,Actively Use,3.9,NaN,0.0,1.4,6.8,60.0,1.5,At-Risk
STU0892,5.39,4.0,2.0,33.2,54.5,44.0,47.6,0.8,Never,6.9,Silent,2.5,0.2,0.0,NaN,4.5,119.0,2.0,At-Risk
STU5472,9.1,0.0,0.0,77.4,88.7,81.1,70.8,6.8,WEEKLY,NaN,Keep Away,0.2,NaN,4.0,3.2,8.7,14.0,NaN,Good
STU1506,3.21,4.0,4.0,51.8,55.9,48.5,37.5,1.7,Only Before Exam,4.0,Silent,3.7,0.6,1.0,1.8,6.5,91.0,1.9,At-Risk
STU6313,6.82,2.0,2.0,60.0,62.9,52.6,57.4,3.2,Weekly,3.6,keep away,0.7,0.6,2.0,2.8,7.8,29.0,2.7,Average
STU5564,9.64,NaN,0.0,80.1,88.2,90.3,93.2,5.3,Weekly,0.8,Keep Away,0.7,1.6,6.0,6.3,7.2,27.0,4.6,Good
STU4487,5.55,2.0,2.0,67.9,60.4,57.0,67.2,1.9,Monthly,2.8,Keep Away,1.5,0.7,2.0,2.7,6.6,25.0,1.7,At-Risk
STU6236,8.94,0.0,0.0,88.4,NaN,75.5,81.0,NaN,Weekly,1.9,NaN,0.7,2.5,4.0,4.0,8.2,1.0,6.1,Good
STU1036,7.46,1.0,1.0,62.3,61.2,55.2,63.3,4.2,Weekly,3.0,Silent,1.4,0.8,2.0,2.9,8.0,30.0,NaN,Average
STU4604,6.45,1.0,1.0,74.8,77.3,59.2,54.4,2.2,Monthly,3.7,KEEP AWAY,0.8,NaN,1.0,2.9,7.5,19.0,NaN,Average
STU0220,4.23,2.0,1.0,38.9,43.1,41.9,23.0,0.4,Monthly,6.5, Silent ,3.7,1.0,1.0,1.5,7.0,111.0,1.4,At-Risk
STU2266,7.5,1.0,1.0,68.0,61.8,66.6,51.3,3.1,Weekly,2.5,Keep Away,1.9,1.0,0.0,3.7,6.6,18.0,2.2,Average
STU4634,5.74,2.0,2.0,64.1,61.6,49.7,71.1,3.6,Weekly,3.8, Silent ,1.8,0.7,2.0,3.4,7.5,18.0,3.8,Average
STU3962,9.5,0.0,0.0,75.7,86.4,82.4,92.0,4.6,WEEKLY,1.4,NaN,0.5,2.5,2.0,5.2,8.5,4.0,3.6,Good
STU4307,4.19,4.0,1.0,52.7,51.1,46.8,28.1,2.2,NaN,4.6,Actively Use,1.2,NaN,1.0,0.2,6.2,52.0,1.8,At-Risk
STU4935,7.9,0.0,0.0,94.0,NaN,95.1,93.2,7.6,Daily,1.1,Keep Away,0.3,1.7,3.0,6.3,8.6,0.0,3.6,Good
STU6980,8.74,0.0,0.0,82.2,91.8,72.1,80.1,7.7,Daily,1.2,Keep Away,0.2,2.0,5.0,NaN,8.1,15.0,NaN,Good
STU0134,3.69,5.0,1.0,33.9,23.6,44.8,27.1,0.5,only before exam,4.3,Actively Use,2.4,0.1,0.0,1.0,4.3,102.0,1.6,At-Risk
STU6959,7.92,0.0,NaN,NaN,87.5,71.6,84.5,5.2,daily,0.4,Silent,0.2,1.9,6.0,7.3,8.6,17.0,3.0,Good
STU6545,8.32,0.0,0.0,79.6,93.8,86.9,90.6,7.8,daily,1.2,Silent,0.3,2.9,6.0,5.9,8.7,18.0,4.4,Good
STU2322,6.85,2.0,2.0,71.9,84.5,64.8,69.9,3.3,monthly,3.1,Silent,0.7,0.7,1.0,3.5,7.7,59.0,2.8,At-Risk
STU2787,5.4,5.0,5.0,43.8,47.6,44.7,29.5,2.1,Monthly,6.5,Silent,2.7,0.7,1.0,1.0,4.4,49.0,1.6,At-Risk
STU5617,7.99,0.0,0.0,89.0,89.8,93.9,95.1,6.4,Weekly,NaN,Keep Away,NaN,1.3,5.0,5.6,NaN,NaN,6.5,Good
STU0822,NaN,0.0,0.0,88.6,98.4,84.0,NaN,6.2,NaN,0.5,Keep Away,0.2,2.7,2.0,5.6,8.7,3.0,6.2,Good
STU5622,8.71,0.0,0.0,86.6,NaN,82.7,84.8,7.7,WEEKLY,1.7,silent,0.2,1.6,2.0,6.3,8.1,5.0,NaN,Good
STU7225,3.93,2.0,1.0,50.7,40.3,28.7,NaN,0.9,Never,3.9,Actively Use,5.0,0.0,0.0,1.4,6.4,88.0,0.7,At-Risk
STU1510,4.04,5.0,1.0,34.5,38.7,24.0,21.3,0.7,Only Before Exam,4.1,Actively Use,1.4,0.4,0.0,NaN,6.2,70.0,1.6,At-Risk
STU1415,9.36,0.0,0.0,87.3,90.7,92.9,87.2,7.9,Daily,0.3,Silent,0.6,1.5,5.0,NaN,7.4,23.0,5.6,Good
STU0517,9.46,0.0,0.0,101.4,92.3,76.2,78.8,NaN,Weekly,0.7,Keep Away,NaN,2.4,2.0,5.0,NaN,11.0,NaN,Good
STU6529,5.43,4.0,1.0,31.5,31.3,37.7,28.0,NaN,Monthly,4.3,Actively Use,3.6,0.8,1.0,1.3,NaN,85.0,1.6,At-Risk
STU4186,7.42,1.0,1.0,60.0,NaN,59.8,67.9,2.8,Monthly,2.0,Silent,1.6,NaN,1.0,3.8,6.7,19.0,1.2,At-Risk
STU7315,9.37,0.0,0.0,91.3,89.0,NaN,98.8,4.6,Weekly,0.1,SILENT,0.0,1.1,2.0,7.3,NaN,13.0,3.4,Good
STU2049,8.33,0.0,0.0,96.6,85.0,72.1,85.8,4.4, Daily ,0.7, Keep Away ,0.9,1.5,3.0,6.5,NaN,1.0,3.2,Good
STU6999,7.68,0.0,0.0,97.1,95.7,74.9,80.2,3.7,daily,0.5,Keep Away,0.3,2.4,4.0,5.4,8.7,26.0,3.3,Good
STU5871,8.71,0.0,0.0,88.6,96.7,73.9,89.6,5.0,Weekly,0.7,keep away,0.3,1.3,2.0,4.8,7.2,11.0,6.4,Good
STU3693,3.87,3.0,1.0,42.3,49.0,19.7,35.8,1.5,MONTHLY,5.5,Actively Use,3.1,0.5,1.0,0.8,4.2,91.0,0.3,At-Risk
STU4709,9.09,0.0,0.0,NaN,90.0,78.5,85.2,7.0, Daily ,1.4,Keep Away,0.3,1.5,5.0,6.5,8.0,18.0,5.4,Good
STU6068,5.87,1.0,1.0,62.4,61.1,55.8,65.7,2.0,Monthly,2.6,silent,1.4,1.4,1.0,1.7,6.2,45.0,1.6,At-Risk
STU0601,3.92,3.0,2.0,34.4,37.2,21.1,NaN,0.4,Never,4.1,ACTIVELY USE,2.6,0.4,1.0,1.6,5.4,58.0,0.3,At-Risk
STU2750,3.45,4.0,1.0,35.1,38.8,44.0,33.9,0.3,monthly,NaN,Actively Use,NaN,0.4,0.0,0.3,5.8,79.0,0.4,At-Risk
STU3936,6.67,1.0,1.0,68.7,69.8,58.4,57.5,2.5,Monthly,2.3,Actively Use,0.5,1.4,0.0,NaN,6.2,NaN,1.0,Average
STU0218,3.0,4.0,4.0,42.9,23.7,30.2,37.1,0.2,Monthly,7.4,Silent,1.0,0.2,0.0,1.5,NaN,109.0,0.2,At-Risk
STU4341,9.3,0.0,0.0,96.4,85.6,86.7,86.9,5.1,Daily,2.1,Keep Away,0.8,1.6,4.0,NaN,8.4,NaN,3.0,Good
STU2840,7.57,0.0,0.0,92.1,100.5,85.9,81.4,6.6,Weekly,1.8,Keep Away,0.2,1.8,6.0,3.8,8.1,13.0,NaN,Good
STU4568,8.84,0.0,0.0,94.1,97.1,88.6,97.7,6.3,Daily,1.3,Keep Away,NaN,1.3,4.0,7.3,7.6,6.0,4.3,Good
STU3236,9.29,0.0,0.0,86.1,99.6,69.7,88.3,6.7,Daily,1.3,Keep Away,0.6,1.3,5.0,NaN,7.7,10.0,NaN,Good
STU3562,7.69,0.0,0.0,76.8,93.8,86.4,90.3,6.5,Weekly,1.1,Keep Away,NaN,2.3,6.0,4.5,8.0,2.0,4.6,Good
STU6042,7.24,1.0,1.0,65.1,77.0,60.2,61.0,2.2,Weekly,4.0,Keep Away,1.2,1.2,2.0,3.0,7.5,30.0,1.1,Average
STU5988,6.47,2.0,2.0,73.6,65.8,NaN,61.5,NaN,Monthly,3.7,Silent,1.5,NaN,2.0,4.0,6.6,58.0,NaN,At-Risk
STU4790,8.41,0.0,0.0,98.6,93.4,96.2,NaN,7.7,Daily,1.5,Keep Away,0.1,2.5,3.0,3.1,8.8,14.0,4.3,Good
STU4725,6.27,1.0,1.0,68.7,84.7,59.3,63.7,2.5,Weekly,NaN,SILENT,0.9,0.7,1.0,2.5,NaN,19.0,NaN,Average
STU3037,4.04,4.0,2.0,48.8,38.2,43.2,NaN,0.1,Only Before Exam,3.7,NaN,1.3,0.1,0.0,0.0,5.1,76.0,0.4,At-Risk
STU0855,7.47,2.0,2.0,56.2,79.7,52.1,49.3,2.7,Monthly,3.8,Actively Use,NaN,1.1,2.0,2.5,7.6,30.0,1.3,Average
STU0488,5.18,5.0,1.0,35.0,25.4,41.8,29.9,1.1,only before exam,3.9,Actively Use,4.8,0.9,1.0,1.7,5.1,107.0,1.5,At-Risk
STU5333,9.16,0.0,0.0,80.1,90.6,NaN,93.4,NaN,Weekly,0.8,silent,0.9,NaN,3.0,7.7,8.0,8.0,3.6,Good
STU3701,5.85,NaN,1.0,65.8,62.3,NaN,63.4,NaN,Weekly,3.3,Actively Use,1.6,0.5,2.0,3.9,6.4,38.0,1.4,At-Risk
STU0593,8.15,0.0,0.0,77.3,85.9,76.7,94.9,NaN,Daily,1.1,Keep Away,0.9,1.8,2.0,4.0,8.1,23.0,6.6,Good
STU6941,9.45,0.0,0.0,73.1,85.2,81.8,99.2,3.9,Weekly,-0.0,keep away,0.7,2.5,5.0,7.5,8.1,27.0,4.6,Good
STU1609,6.5,2.0,1.0,66.3,66.5,64.0,63.6,3.2,Monthly,3.8,Silent,0.9,1.2,1.0,NaN,6.5,47.0,1.5,At-Risk
STU6241,9.58,0.0,0.0,97.0,87.3,86.8,83.7,5.6,Daily,1.1,Silent,0.3,2.1,2.0,6.4,7.2,24.0,6.9,Good
STU3475,3.34,5.0,2.0,43.3,28.0,20.9,47.7,1.5,NEVER,7.8,Silent,2.9,0.3,1.0,1.5,4.4,70.0,0.5,At-Risk
STU1735,4.19,2.0,2.0,49.3,37.8,38.2,20.0,0.7,Only Before Exam,3.8,Actively Use,3.8,0.5,0.0,0.6,5.4,56.0,0.4,At-Risk
STU0100,3.75,2.0,2.0,48.7,23.8,34.3,30.0,1.3,Monthly,3.3,Actively Use,4.5,NaN,1.0,1.9,NaN,46.0,0.3,At-Risk
STU4300,5.11,5.0,2.0,43.5,29.5,44.1,40.3,0.2,Monthly,7.5,Actively Use,4.8,0.4,1.0,NaN,6.0,77.0,0.6,At-Risk
STU5637,8.01,0.0,0.0,87.6,90.0,82.8,90.3,5.2,Weekly,0.8,Keep Away,0.9,2.5,6.0,4.9,7.4,18.0,5.6,Good
STU2133,9.11,0.0,0.0,98.1,84.4,76.8,74.6,5.6,Weekly,NaN,keep away,0.8,NaN,6.0,NaN,8.9,27.0,4.8,Good
STU2075,9.92,0.0,0.0,91.7,96.6,91.0,NaN,6.6, Daily ,0.3,NaN,0.4,2.1,6.0,5.8,7.4,28.0,3.1,Good
STU0414,8.39,0.0,0.0,93.2,88.3,92.0,85.6,NaN,Weekly,0.6,Silent,0.7,2.0,4.0,4.1,9.0,5.0,5.9,Good
STU0358,4.38,2.0,1.0,42.9,57.9,35.2,31.4,1.5,NaN,5.7,Actively Use,NaN,0.6,0.0,1.8,5.2,109.0,0.6,At-Risk
STU6587,9.41,0.0,0.0,80.0,NaN,NaN,86.9,NaN,Daily,0.9,Keep Away,NaN,1.4,2.0,7.3,7.4,8.0,6.2,Good
STU5607,7.82,0.0,0.0,77.8,93.7,77.0,NaN,6.1,Weekly,1.8,Keep Away,0.8,1.3,4.0,6.1,8.4,18.0,6.4,Good
STU3366,5.02,3.0,1.0,44.0,36.8,47.1,30.9,1.7, Never ,NaN,Actively Use,1.8,0.6,1.0,0.6,4.5,72.0,0.2,At-Risk
STU4250,9.72,0.0,0.0,77.4,96.0,NaN,75.1,5.8,Weekly,1.5,Keep Away,0.4,3.0,4.0,6.1,8.0,16.0,4.2,Good
STU5535,8.49,0.0,0.0,91.6,94.9,NaN,83.0,5.1,Weekly,0.7,Keep Away,0.8,1.2,6.0,3.7,8.4,24.0,6.8,Good
STU4084,9.81,0.0,0.0,83.9,86.0,89.4,99.4,7.9,daily,0.7,Silent,0.8,NaN,6.0,3.7,8.4,20.0,3.7,Good
STU3237,8.33,0.0,0.0,85.0,94.5,94.6,85.6,5.4,Weekly,NaN,Silent,0.7,NaN,4.0,5.1,8.2,4.0,4.2,Good
STU3131,7.95,0.0,0.0,85.8,96.5,85.2,96.9,7.3,Daily,2.0,KEEP AWAY,0.6,2.4,2.0,7.3,8.7,5.0,5.9,Good
STU0254,6.36,2.0,2.0,75.7,61.2,61.6,52.1,3.7, Monthly ,2.1,Silent,1.1,1.2,0.0,3.1,6.9,58.0,2.0,At-Risk
STU0016,3.85,3.0,1.0,34.0,56.4,48.4,29.1,1.3,ONLY BEFORE EXAM,7.3,ACTIVELY USE,3.2,0.5,1.0,0.5,4.2,111.0,1.8,At-Risk
STU1962,5.96,1.0,1.0,72.9,62.9,52.5,NaN,4.3,weekly,2.0,Actively Use,1.5,1.4,1.0,3.0,6.9,32.0,3.9,Average
STU0204,8.46,0.0,0.0,84.7,93.5,76.2,86.9,NaN,Weekly,1.4,silent,0.8,NaN,3.0,4.5,7.5,15.0,3.8,Good
STU0037,4.55,5.0,4.0,34.3,27.0,40.5,19.3,1.6,Never,6.8,Actively Use,1.3,0.1,0.0,2.0,5.0,71.0,0.7,At-Risk
STU0436,8.25,0.0,0.0,89.6,NaN,81.8,80.9,4.3,Weekly,NaN,Keep Away,0.9,1.3,2.0,6.0,8.4,19.0,4.7,Good
STU0590,7.89,0.0,NaN,78.3,91.2,84.1,90.5,4.3,Daily,1.0,Keep Away,0.2,2.1,NaN,6.2,NaN,23.0,6.0,Good
STU1966,7.74,0.0,0.0,100.8,96.5,82.4,88.8,4.4,weekly,1.0,Keep Away,0.9,2.8,4.0,4.7,8.0,21.0,5.8,Good
STU3123,5.81,1.0,NaN,66.8,60.8,58.1,NaN,2.6,Weekly,4.0,Keep Away,1.9,1.3,0.0,4.0,7.1,53.0,2.7,Average
STU0271,8.54,0.0,0.0,86.0,92.9,91.5,92.6,NaN,Daily,1.1,Silent,0.4,2.7,2.0,NaN,7.9,8.0,3.5,Good
STU6905,9.56,0.0,0.0,76.5,101.4,97.6,98.1,5.8,Daily,1.0,SILENT,0.2,NaN,4.0,3.6,8.9,22.0,5.3,Good
STU2707,9.32,0.0,0.0,80.9,96.6,84.8,78.2,NaN,Daily,1.1,Silent,0.5,NaN,2.0,7.6,7.1,14.0,6.8,Good
STU5400,7.78,0.0,0.0,92.0,96.3,79.7,95.9,6.6,Daily,0.9,Silent,0.3,1.2,5.0,6.2,7.8,27.0,NaN,Good
STU4748,8.49,0.0,0.0,77.7,93.6,92.5,91.4,6.4,Weekly,0.7,Keep Away,0.0,2.8,2.0,5.1,8.3,11.0,NaN,Good
STU0013,3.71,3.0,2.0,32.9,42.0,36.0,18.7,NaN,Only Before Exam,7.7,Actively Use,2.0,0.1,1.0,1.0,6.9,60.0,NaN,At-Risk
STU6168,7.39,1.0,1.0,61.8,81.7,66.2,64.1,2.6,NaN,NaN,Silent,1.0,0.9,0.0,4.0,6.7,17.0,3.0,Average
STU1449,3.9,2.0,1.0,43.0,57.6,27.1,39.1,1.4,Only Before Exam,4.2,Silent,3.0,0.4,0.0,1.5,6.0,78.0,1.0,At-Risk
STU5016,7.18,1.0,1.0,72.2,62.9,54.9,55.3,3.9,Monthly,3.6,silent,0.6,0.8,2.0,3.6,6.5,44.0,3.9,Average
STU4545,5.88,2.0,1.0,69.7,67.9,62.9,66.7,3.4,Monthly,2.0,NaN,1.2,0.6,2.0,2.4,6.3,25.0,1.0,At-Risk
STU6017,9.84,0.0,0.0,83.0,91.7,82.0,99.6,5.8,Weekly,0.9,Keep Away,0.8,1.3,4.0,3.2,7.9,14.0,5.2,Good
STU1531,5.52,2.0,1.0,67.7,69.3,51.1,58.9,NaN,Weekly,3.7, Silent ,1.0,0.8,0.0,NaN,7.2,25.0,3.1,Average
STU0541,8.98,0.0,0.0,84.8,95.6,70.6,73.6,5.9,Daily,1.7,Silent,0.4,1.8,6.0,6.6,8.2,5.0,4.2,Good
STU3263,4.23,2.0,2.0,49.5,NaN,34.7,NaN,1.5, Only Before Exam ,2.9,Actively Use,3.2,0.4,0.0,1.2,5.1,59.0,1.4,At-Risk
STU3739,8.11,0.0,0.0,97.1,87.4,90.8,84.8,8.0,Weekly,0.4,Silent,NaN,2.3,2.0,7.9,7.5,26.0,NaN,Good
STU4121,8.91,0.0,0.0,75.8,96.8,81.5,91.6,7.2,Daily,-0.0,Silent,0.6,2.1,5.0,4.0,8.4,10.0,5.2,Good
STU5957,9.31,0.0,0.0,75.8,90.1,88.3,78.2,5.1,DAILY,NaN,SILENT,0.2,2.2,4.0,7.5,7.8,2.0,3.5,Good
STU0160,8.32,0.0,0.0,78.1,87.7,94.1,98.6,5.6,Daily,1.0,Keep Away,0.7,2.8,2.0,6.0,8.0,13.0,4.7,Good
STU6007,5.54,1.0,1.0,69.4,75.2,56.5,58.7,2.7,Monthly,3.3,Silent,1.4,0.9,2.0,1.9,7.8,39.0,3.0,Average
STU6118,9.8,0.0,0.0,97.9,94.6,77.0,91.9,7.6,Daily,1.7,Keep Away,0.4,1.8,2.0,3.8,8.3,9.0,5.9,Good
STU7411,8.05,0.0,0.0,85.2,92.4,89.4,NaN,7.4,Daily,NaN, Keep Away ,0.1,2.9,4.0,3.2,8.9,20.0,3.1,Good
STU1496,9.11,0.0,0.0,84.8,NaN,87.8,81.1,5.6,Daily,0.5,KEEP AWAY,0.6,1.9,5.0,4.3,8.5,18.0,5.1,Good
STU6662,9.46,0.0,0.0,NaN,88.8,75.8,88.3,7.5,Daily,1.2,Keep Away,0.6,NaN,5.0,7.1,8.3,30.0,4.5,Good
STU6842,5.44,5.0,2.0,38.0,56.5,37.7,26.9,1.0,NEVER,7.0,Silent,3.7,0.5,1.0,NaN,6.3,73.0,0.6,At-Risk
STU5460,7.18,2.0,2.0,63.9,75.7,64.6,63.3,2.3,weekly,NaN,Actively Use,0.5,1.3,1.0,3.4,7.7,26.0,NaN,Average
STU5762,7.89,0.0,0.0,NaN,90.5,82.1,75.5,6.2,Daily,0.8,Silent,0.8,2.7,4.0,7.1,8.1,8.0,4.2,Good
STU6976,8.64,0.0,0.0,94.4,85.8,94.1,92.5,5.8,DAILY,0.5,keep away,0.4,1.2,2.0,6.2,9.0,24.0,5.7,Good
STU7157,4.7,3.0,1.0,36.0,20.9,30.4,42.0,-0.1,Only Before Exam,3.5,Actively Use,2.6,NaN,0.0,1.3,4.5,113.0,2.0,At-Risk
STU2528,8.16,0.0,0.0,98.4,95.9,100.3,76.0,5.2,Daily,0.5,Silent,0.3,1.5,4.0,5.2,8.2,1.0,4.2,Good
STU0288,9.95,0.0,0.0,91.2,96.1,93.6,90.2,4.3,DAILY,0.9,Keep Away,0.7,2.4,4.0,4.9,8.8,23.0,3.7,Good
STU4992,7.81,0.0,0.0,98.3,97.3,74.4,76.7,7.1,Weekly,2.2,Keep Away,0.8,2.4,3.0,7.6,7.7,4.0,3.0,Good
STU1388,8.75,0.0,0.0,98.5,100.3,81.2,74.3,NaN,Daily,0.0,Keep Away,0.0,1.8,NaN,7.7,8.6,13.0,5.0,Good
STU5305,7.8,0.0,0.0,73.1,87.1,68.6,84.5,5.9,Daily,0.5,silent,0.2,1.8,5.0,3.4,7.3,27.0,4.6,Good
STU6953,5.58,2.0,2.0,55.4,67.8,54.8,53.7,3.5,Weekly,4.0,Silent,1.1,1.1,2.0,1.7,6.6,32.0,NaN,At-Risk
STU2202,10.0,0.0,0.0,75.3,91.5,73.1,73.3,NaN, Daily ,NaN,Silent,0.8,1.5,5.0,4.3,7.7,24.0,5.5,Good
STU5346,7.64,0.0,0.0,97.7,83.5,73.4,73.2,6.1,Weekly,1.6,Keep Away,0.2,2.5,4.0,3.9,9.3,15.0,6.4,Good
STU6282,6.48,1.0,1.0,56.9,NaN,59.6,51.2,2.0,Weekly,2.4,SILENT,NaN,1.2,1.0,1.1,8.0,18.0,1.8,Average
STU3149,6.22,2.0,2.0,63.9,74.9,63.9,50.6,3.7,Weekly,3.2,Actively Use,0.7,NaN,0.0,1.1,6.7,45.0,1.8,At-Risk
STU5841,6.87,1.0,1.0,63.6,73.6,55.0,63.8,4.0,Weekly,2.0,NaN,1.3,1.5,0.0,1.5,6.5,50.0,2.4,Average
STU6908,9.88,0.0,NaN,96.3,87.0,82.2,81.4,6.2,WEEKLY,1.3,Silent,NaN,2.7,3.0,NaN,7.5,0.0,4.4,Good
STU3170,8.04,0.0,0.0,96.8,95.7,91.9,72.3,4.8,Weekly,1.0,Silent,0.9,2.8,6.0,7.2,7.1,26.0,6.3,Good
STU2308,3.98,5.0,2.0,33.3,47.9,29.0,27.7,0.8,NEVER,6.5,SILENT,4.3,0.6,1.0,0.6,4.9,106.0,0.2,At-Risk
STU1969,5.91,1.0,1.0,64.9,70.5,63.6,66.4,3.3, Weekly ,2.9,Silent,NaN,0.8,0.0,3.0,7.5,35.0,3.9,Average
STU0706,5.41,3.0,1.0,54.4,33.9,42.0,48.0,0.2,NEVER,5.0,Actively Use,NaN,0.3,0.0,0.0,4.9,87.0,NaN,At-Risk
STU5655,7.6,0.0,0.0,93.0,102.5,94.5,86.2,5.8,Weekly,1.8,KEEP AWAY,0.8,2.1,6.0,7.4,8.3,14.0,6.9,Good
STU5310,7.49,2.0,2.0,70.9,77.4,57.4,60.3,2.5,Weekly,3.3,Keep Away,1.1,0.6,1.0,1.6,7.3,19.0,3.1,Average
STU4809,7.7,0.0,0.0,87.1,96.5,79.5,NaN,4.3,daily,1.5,Silent,0.0,NaN,4.0,5.2,7.6,7.0,5.1,Good
STU1981,8.09,0.0,0.0,83.2,97.9,77.8,76.2,7.0,Weekly,1.8,silent,0.4,2.8,4.0,4.7,7.5,1.0,4.3,Good
STU0440,9.64,0.0,0.0,82.3,91.2,73.4,78.2,7.0,NaN,1.0,Keep Away,0.2,1.3,5.0,4.7,8.8,NaN,4.4,Good
STU5879,8.69,0.0,0.0,94.5,93.7,77.6,91.8,7.5,Daily,1.5,Keep Away,0.9,1.2,NaN,3.6,7.1,22.0,5.8,Good
STU5517,6.25,1.0,1.0,68.3,63.6,59.3,69.3,2.2,NaN,2.3,Keep Away,NaN,1.1,2.0,2.6,6.4,54.0,3.1,Average
STU2118,4.77,2.0,2.0,36.8,27.6,51.9,31.6,1.2,only before exam,3.0,Actively Use,2.7,0.8,1.0,0.8,5.9,88.0,0.4,At-Risk
STU2640,8.84,0.0,0.0,100.9,84.3,92.7,86.3,4.1,daily,1.9,SILENT,1.0,1.8,6.0,NaN,7.3,23.0,5.7,Good
STU7218,7.56,0.0,0.0,93.5,93.2,92.2,91.0,6.0,Weekly,1.2,Silent,0.2,1.2,5.0,7.3,NaN,7.0,NaN,Good
STU0925,6.4,2.0,1.0,67.1,84.7,63.1,53.7,2.5, Weekly ,2.9,Actively Use,1.0,1.2,0.0,3.5,7.6,48.0,4.0,Average
STU5624,9.94,0.0,0.0,87.0,NaN,78.5,82.5,6.4,Weekly,0.1, Keep Away ,0.5,2.0,2.0,NaN,7.6,30.0,4.8,Good
STU1689,5.64,2.0,1.0,76.3,75.6,61.1,68.6,4.0,Weekly,3.2,actively use,1.9,0.6,0.0,1.3,NaN,34.0,2.1,At-Risk
STU3322,5.14,3.0,1.0,36.2,27.9,45.6,30.1,0.9,Never,7.1,SILENT,3.5,0.4,1.0,0.5,6.3,103.0,0.4,At-Risk
STU1690,4.16,5.0,2.0,40.4,34.2,44.7,36.6,2.3,MONTHLY,7.2,Actively Use,2.1,0.3,1.0,0.7,6.4,73.0,0.1,At-Risk
STU7069,6.71,2.0,1.0,69.4,64.2,58.9,65.2,3.5, Weekly ,1.9,Keep Away,1.5,1.1,1.0,2.6,6.3,36.0,3.2,Average
STU3846,3.21,5.0,4.0,34.4,46.9,45.4,26.7,0.9,ONLY BEFORE EXAM,6.1,silent,4.2,0.6,0.0,0.2,5.7,43.0,1.8,At-Risk
STU6631,9.15,0.0,NaN,88.0,98.9,74.6,NaN,4.8,Daily,1.1,Silent,0.8,1.5,5.0,5.4,7.7,22.0,6.0,Good
STU0903,9.24,0.0,0.0,85.0,84.8,96.7,96.4,6.2,Daily,0.6,keep away,0.1,NaN,3.0,4.3,8.0,19.0,6.9,Good
STU1135,3.57,4.0,2.0,42.2,38.4,47.6,29.6,0.1, Only Before Exam ,5.4,Silent,4.0,NaN,1.0,NaN,3.9,68.0,0.1,At-Risk
STU3716,7.22,2.0,2.0,71.4,67.2,65.0,57.3,2.1,Weekly,3.9,NaN,0.9,0.8,0.0,2.0,6.4,16.0,2.3,At-Risk
STU1109,5.43,5.0,1.0,47.0,33.6,25.8,37.0,0.5,Only Before Exam,5.5,Actively Use,4.3,0.6,0.0,1.3,5.5,102.0,1.9,At-Risk
STU4938,9.42,0.0,0.0,99.9,100.3,68.8,87.1,7.3,Weekly,1.3,Keep Away,NaN,1.6,6.0,6.1,8.0,4.0,4.6,Good
STU3060,8.03,0.0,0.0,85.8,100.1,92.0,83.9,4.3,daily,0.4,Silent,0.5,2.7,3.0,7.8,8.2,6.0,4.4,Good
STU3048,3.24,3.0,1.0,42.9,16.9,47.3,44.2,1.6,Monthly,5.3,Actively Use,2.0,0.7,1.0,1.9,NaN,NaN,0.9,At-Risk
STU3922,8.17,0.0,0.0,97.0,84.4,80.4,81.4,6.2,Daily,0.9,Keep Away,0.5,2.1,2.0,5.1,NaN,30.0,5.7,Good
STU5529,8.25,0.0,0.0,77.4,86.9,92.3,99.7,7.0,Daily,1.9,silent,NaN,2.7,5.0,NaN,NaN,3.0,6.2,Good
STU3805,4.03,2.0,2.0,49.1,39.8,45.7,40.1,1.5,Never,6.9,Silent,3.8,0.7,0.0,1.4,5.7,87.0,1.1,At-Risk
STU2636,4.51,4.0,2.0,54.0,39.8,37.7,46.0,0.8,Monthly,3.6,Actively Use,2.1,0.4,1.0,1.3,3.9,40.0,1.7,At-Risk
STU3679,8.23,0.0,0.0,91.3,98.0,77.6,99.5,6.4,Daily,0.0,Keep Away,0.1,1.7,6.0,4.3,8.8,6.0,6.0,Good
STU0769,8.84,0.0,0.0,97.9,98.6,71.0,73.1,6.4,Weekly,1.1,Keep Away,NaN,NaN,4.0,7.6,7.7,6.0,6.6,Good
STU4214,9.42,0.0,0.0,79.4,96.0,95.2,98.2,5.7,Daily,-0.0,Silent,NaN,2.3,3.0,7.5,9.0,NaN,6.6,Good
STU4770,9.79,0.0,0.0,96.8,94.9,75.9,87.7,4.4,Daily,0.7,Keep Away,0.1,2.4,2.0,NaN,7.9,18.0,3.1,Good
STU7183,6.34,2.0,1.0,70.6,65.8,NaN,67.8,2.5,Weekly,2.2,Silent,1.9,1.3,2.0,3.1,6.1,28.0,3.7,Average
STU4317,9.22,0.0,0.0,85.7,90.0,70.6,74.9,4.8,Weekly,0.9,Keep Away,NaN,1.1,3.0,NaN,7.8,10.0,NaN,Good
STU0618,8.41,0.0,0.0,81.9,96.5,98.7,75.6,6.4,weekly,1.0,Keep Away,0.4,1.5,5.0,7.1,8.0,22.0,NaN,Good
STU1920,5.51,2.0,2.0,57.7,NaN,54.0,51.9,NaN,Weekly,1.9,Silent,1.6,1.3,0.0,2.7,6.3,46.0,3.7,At-Risk
STU2139,9.99,0.0,0.0,88.5,86.8,70.3,81.7,NaN,Daily,1.5,Keep Away,0.3,NaN,6.0,NaN,7.2,11.0,4.9,Good
STU4602,6.71,2.0,1.0,74.5,79.1,58.7,56.8,2.5,Weekly,3.6,Actively Use,0.7,0.6,1.0,1.3,6.6,59.0,2.9,At-Risk
STU0796,7.97,0.0,0.0,81.8,90.3,83.6,79.2,4.5,NaN,0.5,Keep Away,0.0,1.9,4.0,7.8,NaN,24.0,6.8,Good
STU3800,5.19,4.0,1.0,45.0,47.0,41.1,34.7,NaN,monthly,4.8,ACTIVELY USE,3.9,0.6,1.0,1.2,5.9,60.0,1.5,At-Risk
STU5916,6.72,2.0,1.0,74.1,63.0,52.1,62.1,NaN,Monthly,NaN,Silent,0.8,1.0,0.0,2.8,7.0,53.0,2.0,At-Risk
STU4284,4.64,4.0,2.0,38.0,47.5,49.9,36.4,1.2,only before exam,4.6,Actively Use,4.9,0.3,0.0,1.8,6.8,83.0,1.4,At-Risk
STU0638,5.83,2.0,2.0,71.0,72.0,55.6,56.3,3.4,Monthly,2.0,Keep Away,0.7,0.6,2.0,3.4,7.4,49.0,3.3,Average
STU6009,6.09,2.0,2.0,68.5,NaN,58.2,56.6,2.5,weekly,2.6,Keep Away,1.3,0.6,0.0,1.8,7.1,42.0,1.8,At-Risk
STU5362,8.03,0.0,0.0,96.3,94.0,90.7,98.8,6.9,Weekly,1.1,Keep Away,NaN,1.7,4.0,NaN,7.0,20.0,4.0,Good
STU0385,9.89,0.0,0.0,86.9,90.2,73.5,85.1,4.4,Weekly,0.5,Keep Away,0.3,2.6,4.0,7.4,7.7,19.0,6.4,Good
STU6262,7.81,0.0,0.0,84.3,94.3,88.5,74.1,4.5,daily,1.4,Silent,0.7,1.2,5.0,3.2,7.3,25.0,6.6,Good
STU1326,8.31,0.0,0.0,81.0,89.1,74.3,74.8,4.6,DAILY,2.1, Keep Away ,0.1,1.4,6.0,4.2,NaN,1.0,6.0,Good
STU6321,8.4,0.0,0.0,86.2,89.1,93.3,73.3,6.5,DAILY,0.9,Silent,0.3,1.7,4.0,7.7,7.4,11.0,4.8,Good
STU2165,8.45,0.0,0.0,95.2,91.3,95.2,NaN,5.3,Daily,1.2,Keep Away,1.0,2.0,5.0,7.7,8.6,15.0,6.2,Good
STU4596,7.32,2.0,1.0,61.8,66.4,58.5,71.4,NaN,Weekly,3.9,Keep Away,1.7,0.8,1.0,3.4,6.1,26.0,2.6,Average
STU6183,9.46,0.0,0.0,88.7,92.4,98.4,96.7,NaN,Weekly,0.7,SILENT,0.4,2.8,5.0,7.6,8.6,20.0,NaN,Good
STU5718,8.37,0.0,0.0,82.7,99.3,85.4,77.8,6.8,daily,NaN,Keep Away,0.3,3.0,6.0,7.0,7.8,NaN,5.6,Good
STU1178,9.18,0.0,0.0,92.8,96.8,70.8,86.7,5.2,Daily,0.1,Keep Away,0.4,1.9,3.0,5.3,8.5,NaN,4.2,Good
STU0158,7.9,0.0,0.0,87.3,89.0,NaN,92.5,8.0,NaN,0.1,SILENT,0.4,2.6,3.0,NaN,8.4,8.0,5.9,Good
STU0439,3.17,NaN,1.0,43.9,34.5,46.3,24.1,1.8,Never,6.1,Silent,1.2,1.0,0.0,NaN,4.9,110.0,NaN,At-Risk
STU7043,8.57,0.0,0.0,82.8,96.7,73.5,74.5,7.2,Daily,0.8,Keep Away,NaN,1.6,4.0,4.9,7.1,NaN,4.5,Good
STU5277,6.38,1.0,1.0,72.1,74.0,59.3,53.7,3.0,NaN,3.5,Keep Away,0.6,1.3,0.0,3.8,7.6,36.0,3.7,Average
STU0670,8.81,0.0,0.0,96.2,91.4,86.8,80.1,NaN,Daily,1.7,Keep Away,0.1,1.5,4.0,7.3,7.7,8.0,6.9,Good
STU1570,5.19,5.0,4.0,43.9,58.0,31.5,28.7,1.6,Only Before Exam,5.9, Actively Use ,NaN,NaN,0.0,0.8,6.9,58.0,0.5,At-Risk
STU7340,8.58,0.0,0.0,85.8,102.0,96.2,77.4,NaN,NaN,NaN, Keep Away ,0.1,NaN,6.0,6.5,8.8,10.0,5.3,Good
STU1238,5.0,2.0,1.0,49.9,NaN,50.9,38.5,0.7,only before exam,7.2,ACTIVELY USE,3.9,0.7,1.0,0.4,5.3,91.0,1.7,At-Risk
STU7325,9.58,0.0,0.0,95.4,91.8,92.1,86.7,5.7,Weekly,1.5,Keep Away,NaN,1.0,5.0,8.0,7.8,4.0,5.3,Good
STU2921,9.55,0.0,0.0,92.9,91.7,96.9,NaN,5.2,Weekly,0.7,KEEP AWAY,0.1,1.2,4.0,5.0,NaN,NaN,6.6,Good
STU2305,4.2,5.0,4.0,48.8,NaN,23.4,32.2,1.5,Only Before Exam,3.1,SILENT,1.2,0.4,0.0,0.4,6.7,93.0,1.2,At-Risk
STU7112,9.36,0.0,0.0,83.5,98.4,75.6,76.3,6.6,Daily,1.4,Silent,0.6,2.0,4.0,3.7,7.8,8.0,NaN,Good
STU1604,8.81,0.0,0.0,80.9,98.7,100.5,91.8,4.0,Daily,1.0,Keep Away,NaN,3.0,3.0,8.0,8.7,NaN,3.3,Good
STU5481,9.17,0.0,0.0,92.9,88.0,91.5,76.6,4.7, Daily ,2.0,Keep Away,0.6,2.6,3.0,5.7,7.4,26.0,NaN,Good
STU4610,8.91,0.0,NaN,100.9,96.6,84.3,88.9,5.9,NaN,NaN,Silent,NaN,2.1,5.0,5.1,7.1,19.0,5.7,Good
STU5977,8.77,0.0,0.0,80.5,93.0,90.9,73.3,7.1,Daily,1.9,Keep Away,0.3,2.6,4.0,5.1,8.4,23.0,6.0,Good
STU6622,8.16,0.0,0.0,95.2,94.6,81.3,92.3,7.7, Daily ,0.3,Keep Away,NaN,1.0,2.0,7.3,9.0,8.0,4.1,Good
STU6483,7.82,0.0,0.0,95.6,94.9,NaN,80.7,6.5,Daily,1.4,Keep Away,NaN,NaN,4.0,6.1,7.7,3.0,3.2,Good
STU3531,9.02,0.0,0.0,86.5,99.4,98.8,67.1,NaN,Daily,1.1,Silent,0.2,NaN,4.0,6.3,7.9,4.0,4.7,Good
STU6915,9.27,0.0,0.0,92.0,99.3,76.2,88.4,5.0,Weekly,1.5,Silent,0.2,1.1,5.0,3.4,9.0,25.0,3.0,Good
STU6373,7.47,1.0,1.0,74.7,62.8,59.7,63.2,2.5,Monthly,3.6,Silent,2.0,NaN,1.0,2.3,7.2,48.0,3.2,At-Risk
STU4779,7.11,2.0,1.0,56.3,64.2,63.7,57.1,3.4,Monthly,3.5,Silent,1.5,1.3,0.0,NaN,7.9,40.0,2.7,At-Risk
STU1540,3.93,NaN,3.0,36.0,NaN,45.2,30.8,0.8,Never,7.8,Actively Use,3.3,0.6,0.0,0.5,5.7,116.0,NaN,At-Risk
STU5165,7.49,2.0,2.0,58.7,83.4,52.2,NaN,3.7,Weekly,3.9,Actively Use,0.8,0.7,1.0,2.6,6.1,25.0,3.8,At-Risk
STU7073,6.87,1.0,1.0,74.1,69.7,66.9,NaN,2.9,Weekly,2.2,keep away,1.3,1.0,1.0,1.1,6.7,NaN,1.2,Average
STU0848,9.79,0.0,0.0,75.8,90.6,80.3,82.7,5.7,Daily,0.9,Keep Away,0.1,2.0,3.0,NaN,7.4,14.0,3.3,Good
STU3025,8.38,0.0,0.0,99.0,84.7,95.6,73.7,4.8,Daily,1.2,keep away,0.9,1.7,5.0,6.3,8.3,22.0,3.6,Good
STU0462,9.23,0.0,0.0,97.9,84.3,73.9,73.0,7.4,Daily,0.9,Silent,0.5,1.2,5.0,6.2,8.4,16.0,6.3,Good
STU7399,8.86,0.0,0.0,84.7,99.1,85.0,NaN,6.8,Weekly,0.1,Keep Away,0.6,1.6,4.0,3.1,NaN,14.0,4.9,Good
STU0814,8.11,0.0,0.0,102.5,91.1,87.4,100.3,4.4, Weekly ,2.1,Silent,0.9,NaN,5.0,4.1,8.1,9.0,6.0,Good
STU2032,3.11,5.0,3.0,NaN,55.3,37.7,37.5,0.5, Only Before Exam ,3.2,Silent,3.8,0.2,0.0,1.7,NaN,41.0,1.1,At-Risk
STU1523,4.37,3.0,2.0,51.6,47.7,37.9,22.1,1.5,Monthly,3.8,Silent,2.7,0.6,0.0,1.6,6.1,67.0,1.3,At-Risk
STU3489,3.02,2.0,1.0,40.0,34.3,46.5,18.5,0.2,Never,7.5,Actively Use,1.6,0.8,1.0,NaN,6.1,42.0,0.1,At-Risk
STU1794,3.5,5.0,2.0,34.4,26.6,45.9,22.1,1.8,Monthly,3.9,ACTIVELY USE,1.4,0.6,1.0,0.2,5.7,78.0,1.7,At-Risk
STU1055,9.23,0.0,0.0,95.6,NaN,76.9,77.0,5.9,Daily,0.9,Silent,0.2,2.5,5.0,3.0,8.1,10.0,6.2,Good
STU7266,7.73,0.0,0.0,89.0,91.5,73.6,68.9,4.9,Weekly,1.5,Silent,NaN,NaN,4.0,NaN,7.4,11.0,6.8,Good
STU3544,7.47,2.0,1.0,56.4,80.8,55.8,64.8,3.8,Monthly,2.8,NaN,1.2,0.8,2.0,1.9,7.8,49.0,3.7,Average
STU2219,9.28,0.0,0.0,78.1,93.3,90.3,95.5,5.1,Weekly,1.4,keep away,0.1,1.8,3.0,4.0,NaN,21.0,5.8,Good
STU1807,6.84,2.0,2.0,65.9,68.4,68.6,51.4,3.2,WEEKLY,3.8,Silent,0.6,1.2,0.0,3.5,7.3,26.0,1.0,Average
STU4573,7.52,0.0,0.0,99.0,99.7,72.2,77.7,6.8,Daily,1.2,Keep Away,0.9,1.8,3.0,3.0,6.9,3.0,5.3,Good
STU6052,9.18,NaN,0.0,74.6,102.1,75.3,90.1,6.9,Daily,0.0,Silent,NaN,1.7,4.0,8.0,7.1,22.0,NaN,Good
STU5036,8.1,0.0,0.0,88.5,93.4,92.2,70.6,NaN,Daily,1.3,keep away,0.9,2.3,6.0,4.3,8.0,11.0,5.6,Good
STU1181,3.27,3.0,3.0,NaN,47.7,19.8,35.7,1.4,Only Before Exam,4.5,actively use,4.5,NaN,NaN,NaN,6.2,98.0,0.1,At-Risk
STU0178,5.46,4.0,1.0,48.4,44.4,24.9,44.2,NaN,Only Before Exam,4.1,Actively Use,1.1,0.6,0.0,1.1,6.3,109.0,1.8,At-Risk
STU2379,4.41,3.0,3.0,46.2,40.6,NaN,32.2,0.4,Monthly,7.7,Silent,2.3,NaN,1.0,0.3,6.6,44.0,1.2,At-Risk
STU3261,8.28,0.0,0.0,81.4,84.1,84.1,92.1,3.8,Weekly,0.4,SILENT,0.7,2.2,NaN,6.6,7.4,27.0,6.2,Good
STU2158,8.64,0.0,0.0,91.3,88.8,81.0,72.4,5.6,Weekly,1.8,SILENT,0.3,2.1,2.0,6.7,6.9,19.0,6.6,Good
STU0737,6.94,1.0,1.0,64.9,84.3,50.3,60.2,3.4,Weekly,3.8,actively use,0.6,NaN,NaN,3.6,NaN,49.0,3.6,Average
STU6599,9.68,0.0,0.0,77.3,92.0,77.6,93.3,6.3,Daily,1.3,Keep Away,0.2,1.3,4.0,3.3,8.6,8.0,5.8,Good
STU5144,5.52,2.0,1.0,NaN,77.3,61.1,62.7,3.2,Monthly,2.4,Actively Use,NaN,1.3,0.0,NaN,7.8,53.0,3.2,Average
STU5119,5.92,1.0,1.0,60.4,71.1,58.9,67.4,2.2,Weekly,3.0,Keep Away,1.0,0.6,1.0,2.2,6.9,22.0,2.1,Average
STU4065,7.05,1.0,1.0,75.7,65.9,NaN,NaN,3.4,Monthly,3.1,keep away,1.8,1.5,1.0,2.7,6.1,44.0,2.1,At-Risk
STU4195,3.1,2.0,2.0,42.7,45.6,44.1,30.9,1.3,Never,3.8,Silent,2.7,0.2,0.0,1.0,5.4,56.0,2.0,At-Risk
STU0690,4.53,4.0,1.0,50.2,34.5,24.3,21.9,1.4, Only Before Exam ,5.3,Actively Use,4.0,0.5,1.0,0.8,5.3,59.0,0.1,At-Risk
STU4222,8.77,0.0,0.0,80.3,99.0,80.8,93.8,5.5,Daily,1.5,SILENT,0.2,2.5,2.0,3.9,7.9,22.0,3.5,Good
STU1534,6.25,1.0,1.0,63.0,79.8,54.4,68.0,3.0,MONTHLY,3.8,Actively Use,1.4,0.6,1.0,NaN,7.7,36.0,3.5,At-Risk
STU0192,5.91,2.0,2.0,65.0,58.6,48.9,57.9,2.4,Weekly,2.3,Silent,1.0,1.3,0.0,2.7,7.0,23.0,1.9,At-Risk
STU2949,8.79,0.0,0.0,87.3,97.8,79.8,96.0,7.3,Weekly,0.7,Silent,0.1,3.0,NaN,5.1,7.0,29.0,5.0,Good
STU2274,3.79,2.0,2.0,39.4,57.4,23.3,44.1,1.0,Monthly,7.0,Actively Use,3.1,0.0,1.0,1.9,4.2,100.0,1.2,At-Risk
STU0653,8.63,0.0,0.0,96.6,100.1,77.3,84.3,4.3,Daily,0.5,silent,0.4,1.4,5.0,7.4,7.3,7.0,4.8,Good
STU6165,8.52,NaN,0.0,94.9,88.9,75.8,75.9,5.5,Weekly,1.8,SILENT,0.9,1.4,6.0,3.0,8.6,13.0,3.9,Good
STU5703,7.88,0.0,0.0,91.5,99.5,76.5,85.6,7.5,NaN,1.6,Keep Away,0.3,NaN,6.0,6.2,9.0,5.0,5.0,Good
STU2088,3.18,4.0,3.0,35.4,21.6,29.3,NaN,1.5,Only Before Exam,5.5,Silent,NaN,0.5,1.0,0.6,6.9,119.0,0.2,At-Risk
STU3344,7.35,1.0,1.0,75.2,NaN,70.2,66.5,2.2,Weekly,2.9,Actively Use,1.6,NaN,0.0,1.5,6.4,23.0,2.4,At-Risk
STU2639,7.54,0.0,0.0,79.0,87.8,76.8,74.0,5.7,Daily,0.4,Silent,0.8,2.7,3.0,4.9,8.0,4.0,6.8,Good
STU1459,6.46,1.0,1.0,66.3,69.4,69.3,56.6,2.3,NaN,3.8, Actively Use ,0.6,1.1,0.0,3.0,7.0,46.0,3.1,Average
STU4685,8.03,0.0,0.0,87.6,86.7,97.9,76.4,6.2,Daily,1.1,Silent,0.8,1.5,5.0,6.6,7.2,24.0,5.8,Good
STU4348,3.55,4.0,2.0,54.5,25.9,36.5,24.6,0.7,MONTHLY,5.1,Silent,1.2,0.8,1.0,1.6,4.7,NaN,1.2,At-Risk
STU1943,9.17,0.0,0.0,83.6,99.0,76.5,84.2,6.6, Daily ,-0.2,Silent,0.7,1.2,5.0,3.7,7.2,24.0,6.7,Good
STU0896,3.41,5.0,2.0,50.5,29.8,37.7,NaN,1.1,MONTHLY,7.2,ACTIVELY USE,4.5,0.5,0.0,NaN,5.3,57.0,1.2,At-Risk
STU5739,7.87,0.0,0.0,82.0,99.1,96.7,87.8,5.8,NaN,NaN,Silent,NaN,3.0,5.0,NaN,7.4,8.0,4.1,Good
STU1733,4.72,4.0,2.0,34.5,42.6,41.6,26.0,1.7,Never,3.2,Silent,4.1,NaN,0.0,0.6,6.2,116.0,1.6,At-Risk
STU6421,5.56,1.0,1.0,68.9,76.4,65.6,52.8,2.7,Weekly,3.9,Silent,1.7,0.7,2.0,3.7,7.5,36.0,1.8,Average
STU2356,8.32,0.0,0.0,74.7,104.1,74.8,93.1,5.4,Daily,1.2,Silent,0.3,2.4,4.0,7.2,7.6,29.0,4.0,Good
STU5122,9.81,0.0,0.0,85.4,85.9,77.5,91.3,5.9,WEEKLY,0.7,Keep Away,0.6,1.4,2.0,3.7,8.3,3.0,3.0,Good
STU0128,6.47,2.0,1.0,59.7,68.3,56.0,65.7,3.1,Monthly,2.6,Silent,1.4,NaN,2.0,1.8,6.9,44.0,1.4,At-Risk
STU2166,8.59,0.0,0.0,84.4,87.6,100.3,96.4,6.9,Weekly,0.4,Silent,0.2,3.0,3.0,3.3,8.6,30.0,4.4,Good
STU4677,8.32,0.0,0.0,77.2,99.7,99.5,96.9,4.5,Daily,1.5,KEEP AWAY,0.6,1.3,NaN,4.3,8.3,12.0,6.2,Good
STU7365,9.43,0.0,0.0,91.5,88.1,NaN,87.1,6.3,daily,1.7,Silent,0.7,NaN,2.0,3.1,7.4,NaN,NaN,Good
STU3410,8.42,0.0,0.0,94.8,95.3,97.0,85.2,5.1,Daily,0.1,Silent,0.7,2.7,2.0,3.9,8.9,16.0,5.1,Good
STU0820,9.43,0.0,NaN,NaN,92.0,98.5,77.5,8.0,Daily,0.1,KEEP AWAY,0.0,2.8,3.0,NaN,8.5,27.0,6.2,Good
STU2563,4.56,4.0,1.0,54.1,22.1,23.2,NaN,0.0,Only Before Exam,3.1,Actively Use,2.4,0.5,1.0,1.1,5.5,83.0,1.8,At-Risk
STU4643,7.96,0.0,0.0,88.0,94.3,94.6,87.8,7.8,Weekly,NaN,Keep Away,0.0,1.8,3.0,6.5,8.1,0.0,NaN,Good
STU4543,8.96,0.0,0.0,96.0,86.2,88.6,71.7,7.4,Daily,0.7,Silent,0.7,2.2,4.0,3.3,7.3,15.0,4.1,Good
STU3083,8.79,0.0,0.0,81.3,102.1,89.8,79.1,5.4,Daily,1.7,Keep Away,0.3,2.8,4.0,3.8,7.6,23.0,3.6,Good
STU5477,8.54,0.0,0.0,88.4,94.2,95.5,70.3,7.9,Daily,2.2,Keep Away,0.1,NaN,2.0,NaN,7.6,14.0,5.0,Good
STU6734,7.09,1.0,1.0,68.6,80.4,68.2,68.1,3.8,Monthly,3.3,Keep Away,1.5,0.6,NaN,1.3,7.0,16.0,3.1,Average
STU3120,5.51,2.0,1.0,67.9,63.8,60.1,57.3,2.0,Weekly,2.9,Silent,1.3,1.0,2.0,NaN,7.3,56.0,2.6,Average
STU6961,6.58,1.0,1.0,58.7,79.8,57.5,62.8,2.4,Monthly,3.3,Actively Use,1.5,0.8,1.0,3.7,6.5,33.0,3.7,At-Risk
STU4288,7.78,0.0,0.0,97.3,92.6,78.0,96.1,7.2,weekly,1.1,Keep Away,0.9,2.7,6.0,NaN,8.7,13.0,NaN,Good
STU0031,6.28,1.0,1.0,67.4,73.6,59.3,68.0,2.7,Monthly,3.9,NaN,1.9,0.7,0.0,1.2,6.2,38.0,1.1,At-Risk
STU3587,3.46,2.0,2.0,51.1,44.2,32.4,22.8,0.5,Never,7.1, Actively Use ,3.4,0.2,0.0,1.0,4.4,74.0,0.2,At-Risk
STU4473,8.89,0.0,0.0,77.0,90.6,89.3,91.3,5.5,Daily,0.6,Keep Away,0.5,2.5,2.0,3.1,7.8,18.0,3.1,Good
STU6876,8.67,0.0,0.0,77.1,96.3,94.5,79.4,6.6,Daily,1.9, Keep Away ,0.9,2.1,2.0,3.8,8.4,4.0,5.9,Good
STU4674,8.0,0.0,0.0,80.9,95.0,90.2,76.2,6.9,Daily,2.0,KEEP AWAY,NaN,2.6,3.0,4.0,NaN,21.0,4.5,Good
STU2987,7.12,1.0,1.0,53.9,85.8,57.4,66.6,1.8,NaN,3.6,Silent,1.4,0.9,1.0,1.2,7.2,NaN,1.1,At-Risk
STU4638,8.28,0.0,0.0,96.2,99.0,83.5,88.8,4.2,Weekly,1.1,silent,0.1,2.4,5.0,5.9,7.7,21.0,NaN,Good
STU6896,3.35,4.0,2.0,41.3,28.8,25.8,35.0,0.8,Only Before Exam,7.1,Actively Use,1.7,0.5,1.0,1.2,6.8,82.0,1.0,At-Risk
STU4082,7.39,1.0,1.0,64.5,65.3,61.6,57.8,2.7,Monthly,2.3,KEEP AWAY,1.0,1.3,0.0,2.7,6.3,15.0,2.8,Average
STU4034,5.19,3.0,2.0,NaN,NaN,17.9,30.7,0.2,Only Before Exam,6.6, Actively Use ,1.9,NaN,1.0,0.6,6.9,NaN,0.9,At-Risk
STU3715,5.05,4.0,1.0,46.6,60.1,26.3,32.0,1.5,Monthly,4.0,Silent,1.6,0.4,0.0,0.8,6.8,97.0,0.9,At-Risk
STU3279,4.57,3.0,3.0,34.2,37.3,42.3,23.5,1.4,Only Before Exam,6.7,Silent,2.3,0.1,1.0,1.6,4.6,66.0,0.7,At-Risk
STU0846,3.08,3.0,2.0,40.9,57.7,29.8,40.6,1.5,Never,6.5,Actively Use,3.1,0.9,1.0,0.8,6.6,53.0,0.5,At-Risk
STU3563,3.82,5.0,5.0,36.8,23.8,37.6,37.9,NaN,Never,8.1,ACTIVELY USE,NaN,0.9,1.0,1.1,4.6,109.0,1.9,At-Risk
STU6889,6.6,1.0,1.0,58.2,78.2,69.5,52.7,3.6,Monthly,3.7,Silent,1.8,1.2,2.0,3.7,5.9,51.0,1.2,Average
STU6067,7.39,1.0,1.0,70.0,73.3,70.6,63.9,4.1,monthly,3.4,Actively Use,0.6,1.1,0.0,3.9,6.3,37.0,3.4,Average
STU6401,7.69,0.0,0.0,79.9,88.4,NaN,79.2,6.2,Daily,1.9,Keep Away,0.9,1.5,4.0,3.3,8.9,12.0,4.9,Good
STU0928,5.54,2.0,2.0,71.7,81.0,58.9,59.9,3.5,Weekly,3.6,SILENT,0.9,0.8,2.0,3.0,7.1,39.0,1.5,Average
STU3754,8.08,0.0,0.0,93.4,95.0,85.9,97.4,6.0,Weekly,0.5,keep away,0.6,2.9,6.0,6.0,8.3,9.0,6.7,Good
STU7151,9.47,0.0,0.0,94.6,87.4,96.3,92.7,5.9,NaN,0.6,NaN,NaN,2.0,4.0,NaN,8.4,NaN,5.0,Good
STU0451,8.11,0.0,0.0,99.7,100.5,82.0,82.5,7.8,Daily,1.9,keep away,0.4,1.6,3.0,5.6,8.5,15.0,4.1,Good
STU7301,8.89,0.0,0.0,95.8,90.5,75.4,83.0,5.6,Weekly,0.9,Silent,0.4,2.5,5.0,6.1,NaN,17.0,5.9,Good
STU2883,3.29,4.0,1.0,32.1,35.0,27.7,26.7,NaN,ONLY BEFORE EXAM,3.8,Silent,3.4,0.7,0.0,1.4,5.6,NaN,1.9,At-Risk
STU6801,5.13,2.0,1.0,39.9,46.2,46.9,42.1,0.4,ONLY BEFORE EXAM,6.4,Actively Use,1.6,0.7,0.0,0.7,4.3,64.0,0.5,At-Risk
STU4151,9.0,0.0,0.0,79.4,85.3,78.4,94.3,7.5,Weekly,1.3,silent,NaN,1.3,3.0,7.8,8.9,18.0,NaN,Good
STU7002,5.52,1.0,1.0,68.2,75.3,61.1,60.5,3.4,Weekly,2.4, Silent ,1.1,0.6,1.0,NaN,8.0,38.0,1.9,At-Risk
STU1120,8.16,0.0,0.0,83.8,86.5,99.2,79.4,6.0,Daily,0.5,Silent,1.0,1.7,6.0,6.9,8.7,6.0,NaN,Good
STU1914,3.54,2.0,2.0,36.6,23.7,28.2,NaN,1.5,Never,5.9,silent,4.1,0.0,1.0,NaN,6.3,56.0,1.2,At-Risk
STU1782,7.67,0.0,0.0,79.3,94.0,89.6,76.8,7.0,weekly,1.3,Keep Away,0.9,1.3,4.0,6.8,7.2,8.0,5.3,Good
STU1787,4.21,5.0,3.0,36.1,33.4,27.1,36.8,1.4, Monthly ,4.5,Actively Use,NaN,0.5,0.0,0.1,6.2,NaN,1.0,At-Risk
STU0325,6.76,2.0,2.0,63.6,78.2,60.2,61.4,2.9,Monthly,3.6, Actively Use ,1.7,0.6,2.0,3.5,7.1,41.0,3.5,At-Risk
STU7070,8.48,0.0,0.0,80.9,99.3,80.2,73.5,4.9,Daily,0.1,NaN,0.8,1.4,5.0,6.6,7.1,5.0,3.9,Good
STU5575,9.57,0.0,0.0,NaN,82.9,82.2,95.1,5.0,Daily,0.5,Silent,0.1,3.0,3.0,7.8,8.2,27.0,3.9,Good
STU6902,8.01,0.0,0.0,96.9,92.9,80.9,74.9,6.8,Weekly,1.6,Silent,0.9,1.3,3.0,6.8,7.4,26.0,NaN,Good
STU4081,4.42,2.0,NaN,38.9,46.2,42.3,28.6,0.1,Never,7.1,Actively Use,3.1,0.2,0.0,0.5,6.3,104.0,1.3,At-Risk
STU0457,NaN,5.0,1.0,48.9,20.6,33.8,34.8,1.3,Never,7.0,actively use,2.2,0.8,1.0,0.6,5.2,118.0,1.5,At-Risk
STU6914,8.68,0.0,0.0,93.5,94.2,74.8,89.3,4.8,Weekly,0.5,Keep Away,0.1,1.2,5.0,6.5,9.0,23.0,NaN,Good
STU1354,3.27,2.0,2.0,53.9,37.7,39.4,33.2,1.1,Monthly,4.8,silent,1.8,0.5,NaN,0.9,5.0,65.0,1.3,At-Risk
STU6931,6.91,1.0,1.0,68.3,79.4,50.8,NaN,NaN,Monthly,2.1, Silent ,NaN,1.1,2.0,NaN,7.5,40.0,3.8,Average
STU6555,9.17,NaN,0.0,99.5,97.1,94.0,90.2,7.0,Weekly,0.8,SILENT,0.1,1.5,6.0,NaN,7.8,30.0,5.4,Good
STU6507,5.61,1.0,1.0,74.2,69.5,53.5,64.7,2.6,weekly,NaN,Keep Away,1.5,1.1,0.0,NaN,7.2,33.0,1.5,Average
STU6193,7.62,0.0,0.0,79.5,86.8,94.4,77.2,NaN,Weekly,0.7,Keep Away,0.8,1.9,5.0,NaN,NaN,NaN,6.1,Good
STU6522,7.66,0.0,0.0,76.5,86.0,97.3,79.3,NaN,Daily,1.0,NaN,1.0,1.7,2.0,4.3,8.9,30.0,5.4,Good
STU3155,6.75,2.0,2.0,NaN,82.6,53.2,60.1,3.5,MONTHLY,2.9,Actively Use,1.7,0.6,1.0,3.2,8.0,39.0,2.0,At-Risk
STU6860,9.9,0.0,0.0,78.6,92.7,98.2,72.6,6.1,Weekly,2.0,KEEP AWAY,0.7,2.3,4.0,6.1,8.2,21.0,6.8,Good
STU4877,8.08,0.0,0.0,94.6,102.3,95.1,72.5,4.6,Daily,0.9,Silent,0.7,1.3,NaN,NaN,7.8,14.0,6.1,Good
STU1959,4.79,4.0,2.0,41.2,52.9,34.2,45.3,1.8, Never ,6.7,Actively Use,4.1,0.1,1.0,0.4,6.9,106.0,1.4,At-Risk
STU6792,5.38,4.0,3.0,30.7,42.6,35.0,30.9,1.2,Only Before Exam,5.4,Actively Use,2.0,0.7,0.0,0.9,5.4,63.0,1.9,At-Risk
STU2063,9.23,NaN,0.0,92.7,85.1,93.1,89.9,7.9,DAILY,1.3,Keep Away,0.3,1.8,3.0,3.9,8.5,26.0,5.8,Good
STU1882,4.36,2.0,1.0,46.4,32.0,28.7,29.0,1.1,Only Before Exam,NaN,Silent,3.1,0.6,1.0,1.5,4.4,55.0,1.6,At-Risk
STU1737,9.98,0.0,0.0,92.5,NaN,83.5,80.4,5.4,NaN,1.3,KEEP AWAY,0.6,NaN,2.0,7.4,NaN,21.0,7.0,Good
STU0410,4.85,4.0,2.0,45.2,54.9,36.8,36.8,0.6,Monthly,3.6,Actively Use,4.7,0.3,1.0,NaN,NaN,104.0,0.7,At-Risk
STU6623,8.46,0.0,NaN,88.7,90.1,80.4,85.9,4.9,Weekly,-0.2,Keep Away,0.7,2.7,2.0,7.1,8.4,30.0,6.9,Good
STU2521,9.89,0.0,0.0,84.2,99.9,96.6,99.3,NaN,daily,2.0,Keep Away,0.3,1.3,6.0,6.2,8.1,14.0,3.4,Good
STU2881,9.37,0.0,0.0,91.4,99.1,89.8,87.4,5.2,daily,0.4,silent,0.7,NaN,4.0,5.9,8.8,21.0,3.1,Good
STU6557,8.52,0.0,0.0,77.6,92.4,83.0,98.3,6.6,Weekly,1.5,Keep Away,0.2,NaN,6.0,5.5,8.7,19.0,NaN,Good
STU2435,5.5,2.0,2.0,57.0,72.3,71.3,65.3,3.8,Weekly,2.8,keep away,0.6,0.8,1.0,3.0,6.4,31.0,NaN,Average
STU6775,3.68,4.0,1.0,44.7,48.8,33.6,40.8,1.9,Only Before Exam,4.5,actively use,3.2,0.6,0.0,NaN,5.1,94.0,1.5,At-Risk
STU0137,9.16,0.0,0.0,94.6,102.2,78.5,82.5,NaN, Weekly ,NaN,Keep Away,0.9,2.1,6.0,7.2,7.8,24.0,5.5,Good
STU2926,9.67,0.0,0.0,78.0,93.1,79.8,94.5,6.0,WEEKLY,NaN,Silent,0.7,2.7,5.0,3.5,7.6,4.0,3.5,Good
STU4115,8.02,0.0,0.0,93.0,87.7,79.0,72.6,7.1,Daily,1.3,Keep Away,1.0,2.9,5.0,8.0,7.1,15.0,5.4,Good
STU4884,8.0,0.0,0.0,91.6,97.4,92.5,77.9,7.7,Weekly,1.8,Keep Away,0.3,1.4,5.0,4.0,7.7,4.0,3.2,Good
STU2129,4.7,5.0,5.0,47.2,40.4,35.5,NaN,1.5,Monthly,6.5,NaN,3.3,0.2,0.0,0.4,5.0,59.0,1.8,At-Risk
STU4096,8.37,0.0,0.0,78.7,92.6,96.2,94.3,7.9,weekly,1.4,Keep Away,0.6,2.0,6.0,7.4,8.4,10.0,3.6,Good
STU6551,7.49,1.0,1.0,53.8,70.6,52.6,62.8,3.3,Weekly,3.5,Actively Use,1.3,0.7,0.0,1.2,7.5,33.0,2.3,At-Risk
STU4168,8.55,0.0,0.0,90.5,86.1,88.7,78.8,4.9,Weekly,2.1,Keep Away,0.4,2.4,3.0,6.1,7.4,9.0,NaN,Good
STU0802,5.26,5.0,2.0,33.0,59.5,47.1,41.2,NaN,Monthly,6.6,Actively Use,1.8,0.4,0.0,0.1,5.1,69.0,1.5,At-Risk
STU5427,8.72,0.0,0.0,NaN,87.4,90.3,71.1,8.2,NaN,1.3,NaN,1.0,2.3,4.0,4.2,8.7,27.0,5.5,Good
STU3894,4.19,2.0,2.0,55.3,25.5,34.3,34.2,0.8,Only Before Exam,7.9,silent,3.4,0.8,0.0,1.3,5.5,86.0,1.6,At-Risk
STU5756,8.49,0.0,0.0,90.4,93.9,82.5,86.9,6.1,Daily,0.7,SILENT,0.5,2.6,4.0,6.8,7.8,NaN,7.0,Good
STU2901,5.84,1.0,1.0,67.8,71.3,61.6,69.3,4.0,WEEKLY,2.7,Silent,1.3,1.4,0.0,NaN,7.0,20.0,2.1,Average
STU0533,8.65,0.0,0.0,92.0,93.6,NaN,77.3,6.2,Weekly,0.1,Keep Away,0.4,2.5,5.0,6.5,8.9,22.0,4.1,Good
STU2281,8.46,0.0,0.0,81.4,88.3,73.2,96.8,6.7,Weekly,1.2,Silent,0.9,NaN,6.0,6.6,7.6,23.0,5.4,Good
STU6317,7.43,2.0,2.0,71.5,71.7,68.0,69.5,2.6, Monthly ,3.9,Actively Use,0.6,0.7,0.0,1.5,6.7,59.0,2.7,At-Risk
STU4628,9.02,0.0,0.0,89.9,93.1,78.7,78.8,6.3,Daily,0.1,Keep Away,0.9,2.3,4.0,5.2,7.3,13.0,5.5,Good
STU6756,7.95,0.0,0.0,97.8,99.6,89.0,68.2,7.7,Weekly,NaN,Keep Away,0.2,2.6,4.0,4.7,7.9,24.0,6.0,Good
STU7223,9.26,0.0,0.0,74.0,NaN,77.9,74.4,4.4,Weekly,NaN,Keep Away,0.3,2.6,2.0,7.7,7.5,NaN,4.8,Good
STU4729,6.7,2.0,2.0,68.6,69.8,58.4,52.6,3.6,monthly,2.8,KEEP AWAY,1.5,0.8,0.0,3.4,6.3,59.0,2.9,At-Risk
STU3743,7.58,0.0,0.0,80.2,90.8,78.6,NaN,4.8,weekly,1.6,Silent,0.3,2.4,5.0,4.8,8.5,18.0,3.7,Good
STU6197,6.63,1.0,1.0,63.2,62.4,57.6,59.3,3.5,Monthly,2.9,Silent,1.9,1.3,1.0,2.6,6.2,38.0,1.7,At-Risk
STU4236,6.76,1.0,1.0,59.8,75.1,60.6,66.3,3.5,Weekly,3.1, Keep Away ,0.5,1.3,1.0,1.0,7.1,41.0,NaN,Average
STU2652,3.26,5.0,1.0,35.4,51.7,23.5,39.4,1.7,Monthly,5.7,Silent,1.7,NaN,1.0,1.6,5.2,114.0,NaN,At-Risk
STU0540,5.34,4.0,1.0,50.6,NaN,42.2,40.7,2.0,Only Before Exam,6.5, Actively Use ,4.7,0.5,1.0,0.2,5.7,50.0,0.3,At-Risk
STU4231,8.32,0.0,0.0,95.5,91.0,94.4,81.4,7.0,Weekly,0.9,Keep Away,0.9,1.7,3.0,4.8,9.0,8.0,6.0,Good
STU3341,3.83,5.0,3.0,40.1,50.8,38.5,47.2,0.7,Monthly,5.0,actively use,1.1,0.5,0.0,1.4,4.9,93.0,0.9,At-Risk
STU3598,9.28,0.0,0.0,92.9,88.9,85.5,74.3,5.6,Weekly,1.9,NaN,0.9,2.3,2.0,NaN,8.9,30.0,3.6,Good
STU5904,9.83,0.0,0.0,93.1,94.0,99.0,94.8,NaN,Daily,0.2,Silent,0.3,1.6,2.0,NaN,7.6,15.0,6.8,Good
STU4620,9.99,0.0,0.0,75.0,89.4,82.1,91.6,5.0,WEEKLY,0.8,Keep Away,NaN,2.2,4.0,5.7,7.9,15.0,6.0,Good
STU7373,8.88,0.0,0.0,95.3,NaN,70.7,98.9,6.8,Weekly,1.9,Keep Away,0.6,1.6,3.0,NaN,8.0,1.0,6.7,Good
STU6672,8.06,0.0,0.0,77.6,100.9,79.7,72.1,5.5,WEEKLY,1.5,keep away,0.9,2.0,3.0,4.5,8.6,4.0,5.0,Good
STU6343,6.21,1.0,1.0,58.3,76.3,70.0,64.0,3.4,Weekly,3.1,Silent,1.4,1.2,2.0,3.4,NaN,52.0,3.1,Average
STU0035,9.76,0.0,0.0,74.3,91.3,99.4,98.7,6.5,Daily,1.5,Keep Away,0.4,1.6,6.0,4.6,NaN,27.0,NaN,Good
STU4555,5.87,1.0,1.0,62.0,87.4,56.3,NaN,NaN,Monthly,2.5,Keep Away,1.1,NaN,1.0,3.9,6.7,18.0,3.1,Average
STU5134,NaN,0.0,0.0,77.3,97.2,86.9,96.0,5.9,Daily,0.8,Keep Away,NaN,1.3,4.0,4.3,8.0,8.0,5.1,Good
STU5855,8.35,0.0,0.0,NaN,97.3,92.1,88.8,7.3,Weekly,0.6,Keep Away,NaN,1.9,4.0,3.3,8.7,29.0,5.0,Good
STU0744,4.29,5.0,2.0,51.0,35.0,36.5,35.0,0.1,Monthly,6.5,ACTIVELY USE,4.3,0.2,0.0,1.2,5.9,58.0,0.3,At-Risk
STU2600,6.71,NaN,1.0,60.7,66.7,51.4,62.9,3.7,Weekly,3.2,Silent,1.7,1.3,1.0,3.6,6.4,38.0,3.6,Average
STU6363,7.92,0.0,0.0,98.8,91.4,67.4,74.7,6.8,NaN,1.7,Keep Away,NaN,1.4,2.0,NaN,NaN,13.0,5.6,Good
STU3342,5.94,2.0,2.0,NaN,62.7,61.5,58.5,2.1,WEEKLY,3.7,Keep Away,1.2,1.1,1.0,3.2,7.3,52.0,3.2,Average
STU4489,7.5,2.0,2.0,64.9,81.3,62.2,67.7,2.9,Monthly,3.8,Silent,1.2,NaN,0.0,2.4,7.6,24.0,4.0,Average
STU0904,8.94,0.0,0.0,97.1,NaN,84.9,96.3,6.0,WEEKLY,1.6,Keep Away,0.3,1.3,2.0,NaN,8.2,5.0,6.6,Good
STU4247,4.01,4.0,1.0,35.8,40.7,39.6,32.2,0.8,Never,6.6,Silent,4.8,0.9,1.0,0.2,6.0,73.0,0.0,At-Risk
STU0263,3.67,4.0,1.0,40.0,53.3,40.5,42.1,1.0,Only Before Exam,NaN,Actively Use,2.0,0.7,1.0,0.9,5.4,83.0,1.3,At-Risk
STU1917,7.51,0.0,0.0,77.7,NaN,71.4,95.9,NaN,Daily,1.5,Keep Away,0.2,2.0,5.0,3.9,7.6,10.0,5.1,Good
STU5321,7.84,0.0,0.0,89.2,91.6,NaN,95.3,7.2,Daily,0.8,Keep Away,0.5,2.0,6.0,6.8,7.8,NaN,5.2,Good
STU5217,9.12,0.0,0.0,77.5,98.0,101.3,82.9,7.3,daily,0.7,Silent,0.2,1.6,2.0,4.5,8.4,24.0,6.2,Good
STU6627,7.39,1.0,1.0,60.7,73.1,58.4,53.1,3.9,Weekly,2.5,Keep Away,0.9,0.9,2.0,NaN,6.3,29.0,2.9,Average
STU3179,8.63,0.0,0.0,95.5,89.7,94.3,90.5,4.7,Weekly,1.6,keep away,0.1,2.5,NaN,NaN,8.9,7.0,NaN,Good
STU5139,6.24,1.0,1.0,67.9,70.8,59.9,60.1,3.8,Weekly,3.5,Keep Away,1.6,0.9,1.0,3.6,6.3,27.0,NaN,Average
STU3422,5.49,4.0,2.0,45.1,29.6,40.3,48.2,-0.1,Only Before Exam,7.5,ACTIVELY USE,4.7,0.0,0.0,1.8,6.8,104.0,0.1,At-Risk
STU2297,4.93,2.0,2.0,32.1,47.0,20.0,42.6,0.8,monthly,4.9,ACTIVELY USE,3.8,NaN,1.0,NaN,5.7,71.0,1.7,At-Risk
STU7323,5.85,2.0,2.0,63.7,68.9,66.7,50.5,2.8,MONTHLY,3.2,silent,NaN,0.9,2.0,2.0,7.6,20.0,1.4,At-Risk
STU4160,7.53,0.0,0.0,83.6,90.5,80.4,89.0,5.9,Daily,1.8,Keep Away,NaN,2.4,4.0,7.2,7.4,3.0,6.0,Good
STU6750,8.65,0.0,0.0,86.0,90.2,93.5,87.4,7.9,Daily,NaN,KEEP AWAY,0.6,2.0,4.0,NaN,6.9,30.0,6.0,Good
STU4513,6.93,1.0,1.0,55.6,72.0,61.8,57.1,4.2,MONTHLY,3.6,SILENT,0.6,1.4,2.0,2.2,6.8,53.0,NaN,Average
STU6425,9.5,0.0,0.0,87.6,93.9,96.1,87.8,5.0,Weekly,1.7,Keep Away,0.4,2.1,4.0,7.5,8.1,19.0,4.3,Good
STU6568,7.82,0.0,0.0,NaN,100.1,71.0,96.8,6.2,Weekly,0.3,Keep Away,0.2,2.4,5.0,6.0,7.3,20.0,6.6,Good
STU5790,6.42,1.0,1.0,68.6,62.8,62.1,59.6,2.8,NaN,3.2,Keep Away,0.5,1.0,2.0,2.5,7.0,31.0,1.6,Average
STU7326,8.51,0.0,0.0,76.9,99.0,86.6,94.9,5.9,NaN,1.7,Keep Away,0.8,1.7,5.0,3.0,8.6,9.0,NaN,Good
STU2170,8.43,0.0,0.0,NaN,93.5,93.5,84.6,4.4,DAILY,1.0,Keep Away,0.8,1.4,4.0,NaN,7.6,0.0,4.6,Good
STU2838,7.44,2.0,2.0,NaN,71.8,60.9,49.7,3.5,Weekly,2.8, Actively Use ,1.9,1.1,0.0,NaN,7.6,37.0,3.9,At-Risk
STU5966,8.66,0.0,0.0,87.8,86.7,77.9,92.3,6.5,Weekly,1.6,Keep Away,NaN,NaN,4.0,6.4,8.1,NaN,3.5,Good
STU6450,6.14,2.0,1.0,57.5,62.3,61.5,55.5,2.4,Monthly,3.5,Silent,1.7,0.8,1.0,3.5,6.1,41.0,4.0,At-Risk
STU0498,8.71,0.0,0.0,97.7,96.8,73.8,98.2,6.8,Daily,1.5,Keep Away,0.2,2.6,2.0,7.3,7.5,23.0,6.8,Good
STU1860,7.45,2.0,2.0,67.7,68.1,63.0,53.3,3.3,Monthly,4.2,Silent,0.9,NaN,1.0,2.3,7.2,39.0,1.6,At-Risk
STU2479,7.75,0.0,0.0,88.7,96.3,86.3,NaN,7.3,daily,1.5,KEEP AWAY,0.6,2.7,3.0,7.5,7.8,14.0,3.7,Good
STU5374,7.13,1.0,1.0,66.7,74.1,64.0,53.0,3.8,Weekly,2.4,Keep Away,0.9,1.3,1.0,2.0,7.6,60.0,2.0,Average
STU7374,4.39,5.0,2.0,31.3,46.5,21.0,49.3,1.3,Monthly,7.9,Actively Use,NaN,0.5,0.0,0.5,5.9,89.0,1.0,At-Risk
STU6859,5.55,2.0,1.0,57.7,70.1,54.7,58.8,3.7,Weekly,2.2,Keep Away,1.7,NaN,1.0,3.7,7.3,23.0,1.5,Average
STU3080,4.37,2.0,NaN,45.9,47.0,48.0,40.6,0.5,never,3.5,Actively Use,4.1,0.7,1.0,0.3,NaN,69.0,1.5,At-Risk
STU5448,8.89,0.0,0.0,96.5,88.0,71.0,78.3,5.8,Daily,0.9,Keep Away,0.4,2.7,NaN,7.2,8.6,3.0,6.0,Good
STU0998,6.6,1.0,1.0,65.6,79.9,53.8,57.2,3.5,Monthly,2.1,Keep Away,1.0,0.9,NaN,2.9,6.3,42.0,3.6,Average
STU4049,8.22,0.0,0.0,96.2,89.9,71.2,NaN,4.7,Daily,0.2,Silent,0.5,1.7,2.0,7.2,8.8,0.0,4.9,Good
STU3684,7.61,0.0,0.0,88.6,96.7,NaN,79.2,7.3, Weekly ,0.0,Keep Away,NaN,1.8,4.0,6.3,7.3,24.0,NaN,Good
STU1663,8.59,0.0,0.0,NaN,88.1,75.8,82.0,NaN,Daily,1.0,Keep Away,1.0,2.2,5.0,6.0,7.2,4.0,7.0,Good
STU1227,8.88,0.0,0.0,83.5,93.3,73.6,99.0,7.5,Weekly,0.6,Keep Away,0.3,2.2,6.0,3.5,7.9,28.0,4.0,Good
STU5987,5.7,2.0,1.0,60.9,79.9,63.0,55.9,3.7,monthly,2.6,Keep Away,1.5,NaN,2.0,2.6,6.8,21.0,3.9,Average
STU2733,6.94,1.0,1.0,68.0,69.8,54.5,62.4,3.7,Weekly,2.2, Silent ,0.7,0.6,NaN,NaN,NaN,43.0,3.9,Average
STU2778,6.53,1.0,1.0,76.5,81.5,58.4,61.6,3.2,NaN,3.7,Keep Away,1.5,1.3,0.0,1.1,7.9,58.0,NaN,Average
STU0235,4.19,4.0,2.0,46.6,29.1,39.6,37.3,0.3,Only Before Exam,5.6,Silent,4.1,0.5,0.0,0.0,4.1,98.0,NaN,At-Risk
STU3524,6.54,1.0,1.0,68.2,81.9,50.9,65.7,3.6,Monthly,NaN,Silent,0.5,1.1,0.0,3.4,7.0,25.0,3.4,Average
STU3259,9.88,0.0,0.0,78.8,100.0,74.5,78.4,7.5,Daily,1.2,keep away,NaN,NaN,3.0,6.9,8.2,19.0,3.7,Good
STU2082,9.59,0.0,0.0,76.2,98.7,71.7,70.2,6.5,Daily,1.0,keep away,0.5,NaN,3.0,4.4,8.2,13.0,5.0,Good
STU0113,9.36,0.0,0.0,86.9,90.2,79.7,98.2,4.3,Daily,1.6,Keep Away,0.6,1.9,6.0,6.6,8.1,18.0,6.5,Good
STU1118,8.17,0.0,0.0,83.2,97.5,97.4,74.9,7.2,DAILY,0.3,Keep Away,0.2,1.1,2.0,3.7,8.9,10.0,4.8,Good
STU2874,9.14,0.0,0.0,73.0,90.0,91.9,71.9,5.1,Weekly,1.7,Keep Away,0.7,NaN,3.0,4.1,7.8,14.0,5.3,Good
STU0199,8.27,0.0,0.0,97.1,92.7,96.0,93.2,7.4,Weekly,1.8,KEEP AWAY,0.4,1.6,4.0,5.9,7.8,28.0,5.4,Good
STU5791,8.02,0.0,0.0,91.1,86.6,76.9,94.9,4.4,Daily,0.8,silent,0.7,1.3,5.0,4.6,8.0,12.0,4.3,Good
STU2064,8.0,0.0,0.0,79.6,86.8,95.4,75.1,5.8,Daily,NaN,keep away,0.4,2.4,6.0,7.4,7.3,15.0,5.7,Good
STU5302,NaN,0.0,0.0,97.6,91.4,80.5,71.2,5.8,daily,0.5,Keep Away,0.3,1.5,2.0,4.2,7.6,11.0,5.1,Good
STU3669,7.54,0.0,0.0,91.8,91.7,69.8,82.3,7.5,Daily,0.9,Silent,1.0,2.1,4.0,7.8,7.4,21.0,4.2,Good
STU5528,9.02,0.0,0.0,82.7,98.7,85.0,92.2,7.5,Weekly,1.8,Keep Away,0.8,2.4,3.0,NaN,8.6,4.0,3.7,Good
STU1845,8.75,0.0,0.0,84.8,99.9,72.5,82.0,NaN,Weekly,1.0,NaN,0.3,1.4,4.0,3.9,8.4,4.0,6.7,Good
STU0548,5.81,2.0,2.0,61.6,74.5,62.4,56.2,3.1,Monthly,3.1,Actively Use,0.5,0.6,2.0,3.6,6.3,23.0,3.1,Average
STU5061,8.2,0.0,0.0,81.0,87.8,71.8,NaN,5.3,Daily,1.7,silent,0.9,1.4,3.0,7.3,8.3,NaN,5.3,Good
STU3499,7.96,0.0,0.0,100.2,90.2,82.0,80.9,7.4, Daily ,0.3,Silent,0.8,2.3,NaN,4.1,7.1,4.0,6.1,Good
STU7053,8.01,0.0,0.0,96.7,84.5,76.5,78.8,6.9,WEEKLY,0.5,Keep Away,0.1,1.3,NaN,6.3,7.3,30.0,4.6,Good
STU4968,9.17,0.0,0.0,80.4,102.8,71.8,97.6,7.6,Weekly,1.8,silent,0.4,2.0,4.0,5.3,8.9,7.0,3.1,Good
STU5509,9.32,0.0,0.0,85.5,92.3,90.5,75.7,6.9,Weekly,0.4,NaN,NaN,1.9,6.0,7.1,8.2,9.0,3.3,Good
STU0565,9.7,0.0,0.0,83.3,86.2,NaN,90.7,4.9,WEEKLY,0.8,keep away,0.3,2.5,5.0,5.3,9.1,NaN,3.2,Good
STU4817,7.03,1.0,1.0,72.9,79.3,54.7,57.9,3.6,NaN,3.2,Silent,1.5,0.7,0.0,NaN,7.8,44.0,3.5,At-Risk
STU2763,6.69,1.0,NaN,55.4,67.5,71.4,56.5,2.9,MONTHLY,2.5,Actively Use,0.7,0.7,0.0,2.7,7.8,27.0,2.0,At-Risk
STU0695,9.66,0.0,NaN,86.3,95.9,87.5,94.5,5.5,Weekly,1.5,keep away,0.5,2.9,6.0,5.4,7.9,16.0,6.1,Good
STU4369,4.83,5.0,1.0,41.3,50.8,22.8,49.2,1.6,ONLY BEFORE EXAM,4.6,Actively Use,4.0,0.1,0.0,1.3,4.2,117.0,0.7,At-Risk
STU5706,7.09,1.0,1.0,61.3,68.1,66.8,54.2,3.2,monthly,2.5,Keep Away,1.2,0.5,1.0,1.5,6.2,35.0,3.5,At-Risk
STU2920,5.35,5.0,2.0,58.9,53.3,22.8,35.0,1.1,Monthly,7.0,Actively Use,1.2,0.2,0.0,1.0,4.6,89.0,1.4,At-Risk
STU4001,4.72,2.0,2.0,39.2,31.6,41.0,41.9,0.3,Monthly,4.6,Actively Use,3.6,1.0,1.0,0.4,6.0,90.0,1.8,At-Risk
STU5885,7.24,1.0,1.0,75.6,73.3,58.2,60.5,3.1,Weekly,3.4,Silent,NaN,1.0,1.0,2.1,6.0,22.0,2.8,Average
STU3162,9.79,0.0,0.0,85.9,98.4,84.6,89.8,5.2,weekly,0.4,KEEP AWAY,0.7,1.0,4.0,5.9,8.7,22.0,3.9,Good
STU2797,4.85,4.0,3.0,36.2,37.9,31.5,35.9,0.7, Only Before Exam ,8.0,Actively Use,2.4,0.6,1.0,1.8,NaN,93.0,1.1,At-Risk
STU4377,8.82,0.0,0.0,73.7,92.1,79.3,78.4,5.2,Weekly,1.6,Silent,0.0,NaN,2.0,5.0,8.2,28.0,6.2,Good
STU4485,9.37,0.0,0.0,99.6,NaN,98.1,72.1,3.8,Daily,1.8, Keep Away ,NaN,1.4,4.0,4.8,7.8,7.0,5.8,Good
STU0238,8.94,0.0,0.0,83.7,96.8,76.7,NaN,NaN,Daily,1.4,Silent,0.2,1.4,3.0,NaN,7.1,2.0,5.0,Good
STU1051,8.19,0.0,NaN,88.2,89.0,80.9,94.0,5.7,daily,1.4,Keep Away,0.9,2.7,5.0,7.5,7.5,21.0,3.1,Good
STU5220,8.74,0.0,0.0,85.5,100.5,95.5,98.7,5.5,Daily,1.6,Silent,0.2,2.7,2.0,7.7,7.4,18.0,3.4,Good
STU0705,7.79,0.0,0.0,94.5,95.3,75.2,92.9,5.9,Daily,2.1,Keep Away,0.1,2.3,2.0,4.9,8.9,0.0,4.3,Good
STU5520,9.76,0.0,0.0,79.0,93.9,96.4,94.0,6.7,Weekly,0.3,Silent,NaN,2.2,5.0,NaN,8.5,2.0,4.2,Good
STU1333,4.31,2.0,2.0,37.2,59.0,29.7,41.1,1.1,Monthly,5.9,silent,2.6,1.0,1.0,1.1,6.9,58.0,0.0,At-Risk
STU3396,7.72,0.0,0.0,78.5,84.2,79.8,78.9,8.1,DAILY,1.8,Keep Away,0.2,1.4,3.0,5.5,7.3,22.0,5.0,Good
STU2428,8.46,0.0,0.0,96.6,90.5,NaN,75.6,NaN,Daily,1.9,Silent,1.0,2.9,6.0,7.3,NaN,11.0,5.6,Good
STU6220,8.8,0.0,0.0,79.7,87.0,84.5,90.8,4.7,DAILY,1.1,Keep Away,0.8,2.4,NaN,3.3,7.8,20.0,5.9,Good
STU7222,6.47,2.0,2.0,71.3,59.6,69.1,60.3,3.4,MONTHLY,4.1,SILENT,1.8,NaN,1.0,2.5,NaN,42.0,3.2,At-Risk
STU3402,6.15,2.0,1.0,60.3,65.1,58.6,50.5,3.8,Weekly,3.1,Actively Use,1.2,0.5,0.0,3.5,6.8,18.0,2.3,Average
STU0299,7.99,NaN,0.0,85.3,96.8,86.8,NaN,7.5,DAILY,0.9,Keep Away,0.9,1.8,5.0,4.6,NaN,14.0,6.0,Good
STU3558,4.97,2.0,2.0,33.7,31.5,21.1,22.1,0.6,only before exam,3.8,Actively Use,1.9,0.2,NaN,0.6,4.3,44.0,0.6,At-Risk
STU1117,3.58,4.0,3.0,52.6,23.1,NaN,33.7,1.4,NaN,3.2,Silent,1.0,1.0,0.0,1.3,4.9,71.0,0.9,At-Risk
STU1400,9.7,0.0,0.0,99.7,92.3,73.4,NaN,6.7,Daily,0.6,Silent,0.1,1.3,2.0,3.8,7.1,NaN,6.6,Good
STU1804,3.02,5.0,NaN,34.1,56.2,25.5,49.0,1.1,Monthly,4.1,Silent,3.0,0.2,1.0,2.0,6.5,48.0,0.1,At-Risk
STU2533,8.39,0.0,0.0,80.0,86.2,98.2,77.4,7.5,DAILY,1.3,keep away,0.9,2.1,6.0,6.5,8.3,25.0,6.3,Good
STU5671,8.56,0.0,0.0,95.1,91.3,85.6,74.3,4.9,Weekly,1.2,Silent,0.8,2.3,5.0,7.2,8.2,25.0,6.2,Good
STU1439,7.56,0.0,0.0,100.5,95.6,92.4,93.9,5.5,Daily,1.3,Keep Away,0.4,2.8,3.0,3.9,7.5,4.0,5.2,Good
STU1612,6.68,2.0,2.0,70.6,77.5,67.9,60.1,3.1,WEEKLY,3.1,Silent,NaN,1.3,2.0,2.9,7.7,56.0,3.4,Average
STU2979,9.53,0.0,0.0,84.8,84.6,95.7,84.7,6.3,Daily,NaN,Keep Away,0.6,1.0,6.0,NaN,7.6,9.0,5.0,Good
STU0241,6.16,1.0,1.0,76.1,65.4,49.6,51.7,4.0, Monthly ,3.0,Keep Away,1.1,NaN,2.0,3.5,6.6,35.0,3.1,Average
STU5999,4.35,3.0,3.0,52.1,52.7,33.2,22.3,1.9,never,4.7,Silent,2.5,NaN,1.0,1.8,4.9,NaN,0.2,At-Risk
STU1159,8.99,0.0,0.0,76.9,104.3,74.7,78.1,7.5,Weekly,1.2,Keep Away,0.8,2.0,5.0,4.9,8.8,5.0,3.1,Good
STU5668,7.57,0.0,0.0,93.7,89.5,94.3,100.2,4.5,Daily,0.7,Keep Away,0.5,2.7,2.0,NaN,8.3,1.0,5.6,Good
STU0456,9.5,0.0,0.0,79.1,85.5,76.6,76.2,6.0,Daily,1.5,keep away,0.9,2.7,4.0,4.8,8.3,5.0,4.3,Good
STU5465,7.03,2.0,2.0,67.4,81.8,56.5,58.8,NaN,Monthly,2.9,silent,1.0,0.6,0.0,2.9,6.4,29.0,1.4,At-Risk
STU6912,5.75,2.0,2.0,67.9,64.4,68.3,60.9,NaN,MONTHLY,2.4,Silent,0.8,0.7,1.0,2.7,6.4,15.0,2.2,At-Risk
STU6618,8.46,0.0,0.0,81.2,100.9,NaN,87.9,5.4,weekly,-0.0,SILENT,NaN,2.8,3.0,4.2,8.0,25.0,5.3,Good
STU4109,8.12,0.0,0.0,81.5,92.3,77.0,81.7,7.2,Daily,0.5,Silent,0.8,2.3,2.0,4.1,8.2,2.0,5.5,Good
STU7184,8.26,0.0,0.0,80.1,93.3,96.8,101.6,6.2,daily,1.9,KEEP AWAY,0.5,1.1,3.0,NaN,7.7,25.0,NaN,Good
STU0106,8.17,0.0,0.0,94.5,88.5,81.7,71.2,4.2,Daily,0.6,Keep Away,0.5,2.2,3.0,4.5,8.4,7.0,6.4,Good
STU1894,5.99,2.0,1.0,58.6,67.2,58.5,59.7,3.1,Weekly,2.9, Actively Use ,1.0,1.2,1.0,3.5,6.8,16.0,1.3,Average
STU0728,5.16,3.0,1.0,51.1,35.1,27.2,33.8,0.7,ONLY BEFORE EXAM,3.9,Actively Use,4.0,0.3,1.0,0.9,5.2,59.0,2.0,At-Risk
STU3504,7.98,0.0,0.0,NaN,86.4,NaN,87.0,7.6,Weekly,1.4,Keep Away,0.1,1.2,2.0,7.6,7.9,4.0,6.7,Good
STU4802,3.79,5.0,3.0,49.9,42.8,35.0,30.6,0.7,Only Before Exam,7.5,Silent,NaN,0.4,1.0,1.5,6.2,61.0,0.5,At-Risk
STU5289,8.74,0.0,0.0,NaN,91.8,90.0,76.3,8.1,Weekly,2.1,Keep Away,NaN,2.4,5.0,3.2,8.3,15.0,5.5,Good
STU3379,5.59,1.0,1.0,55.2,65.5,56.2,58.3,NaN,Weekly,2.6,silent,NaN,1.0,2.0,1.3,NaN,49.0,3.9,Average
STU6846,7.49,2.0,2.0,65.9,69.2,53.0,53.5,NaN,Monthly,3.0,silent,2.0,1.5,1.0,1.6,8.0,44.0,4.0,At-Risk
STU5463,6.39,2.0,2.0,61.2,66.9,64.4,59.9,3.8,Weekly,4.1,Actively Use,1.9,0.8,2.0,2.4,7.1,49.0,3.6,At-Risk
STU4732,7.86,0.0,0.0,74.2,90.0,90.5,81.9,4.5,Weekly,1.4,Keep Away,0.2,2.2,3.0,6.7,8.1,8.0,7.0,Good
STU0823,6.89,1.0,1.0,55.9,71.2,49.8,68.3,2.2,Weekly,2.6,Actively Use,1.3,0.8,2.0,1.6,7.2,25.0,1.3,Average
STU3643,7.63,0.0,0.0,78.8,83.1,79.6,92.8,8.0,Daily,1.4,Keep Away,0.7,1.5,4.0,NaN,NaN,7.0,5.0,Good
STU2320,7.69,0.0,0.0,81.8,85.8,79.6,83.1,7.3,daily,1.6,KEEP AWAY,0.7,NaN,3.0,4.7,8.4,5.0,3.5,Good
STU4691,7.21,1.0,1.0,65.1,59.8,50.9,61.0,4.1,monthly,3.8, Keep Away ,1.7,0.9,0.0,4.0,7.5,42.0,2.0,Average
STU3481,7.91,0.0,0.0,78.1,98.1,83.2,84.7,7.8,Weekly,0.7,Keep Away,0.0,2.9,4.0,NaN,8.3,30.0,NaN,Good
STU1006,9.88,0.0,0.0,96.4,91.2,88.7,99.4,NaN,Daily,0.7, Silent ,NaN,2.7,6.0,4.6,7.8,20.0,4.7,Good
STU0197,9.03,0.0,0.0,96.1,94.7,71.6,97.8,4.5,Daily,NaN,Silent,NaN,NaN,2.0,5.1,7.5,7.0,NaN,Good
STU6494,8.64,0.0,0.0,76.1,94.6,NaN,NaN,5.4,Daily,0.3,KEEP AWAY,0.4,1.7,5.0,6.8,7.5,25.0,3.6,Good
STU2654,4.21,5.0,2.0,50.9,49.0,29.5,NaN,1.3,MONTHLY,7.5,ACTIVELY USE,1.7,0.5,0.0,0.2,4.7,73.0,1.4,At-Risk
STU6776,9.82,0.0,0.0,89.9,93.6,95.4,NaN,4.3,DAILY,1.2,KEEP AWAY,0.6,2.2,4.0,3.1,9.1,9.0,3.3,Good
STU5133,8.49,0.0,0.0,85.9,97.0,85.7,95.3,4.1,Weekly,0.4,Keep Away,NaN,NaN,2.0,NaN,8.0,4.0,5.1,Good
STU5024,8.25,0.0,0.0,89.3,99.0,82.4,77.0,7.1,Daily,-0.1,Silent,0.3,NaN,2.0,NaN,7.1,20.0,4.7,Good
STU4829,7.91,0.0,0.0,88.0,91.0,86.5,NaN,NaN,Weekly,1.7,Keep Away,0.8,1.9,NaN,5.7,7.1,16.0,5.0,Good
STU4836,9.29,0.0,0.0,95.7,90.9,98.3,69.5,4.2,Weekly,1.4,Keep Away,0.7,1.5,6.0,6.0,8.2,24.0,NaN,Good
STU7055,3.96,4.0,2.0,37.3,40.8,21.0,29.9,0.1,NaN,7.9,Actively Use,1.2,0.0,0.0,1.1,4.2,85.0,1.6,At-Risk
STU7158,6.37,1.0,1.0,NaN,61.1,58.3,69.2,2.8,Monthly,2.4,ACTIVELY USE,1.2,0.8,0.0,2.5,6.9,58.0,2.9,At-Risk
STU6441,5.98,2.0,1.0,71.2,81.1,63.5,53.9,2.5,Weekly,3.3,Silent,1.9,1.1,2.0,3.5,7.0,37.0,3.0,Average
STU4433,7.35,1.0,1.0,NaN,61.0,61.6,63.1,3.5,Weekly,3.2,Actively Use,2.0,0.9,1.0,1.4,7.1,60.0,3.3,At-Risk
STU4734,5.63,1.0,1.0,62.6,NaN,67.8,NaN,2.9,Monthly,1.8,ACTIVELY USE,1.4,1.1,0.0,2.3,7.4,36.0,3.6,At-Risk
STU4068,3.43,3.0,3.0,42.0,53.9,21.1,49.2,1.6,Never,5.0,actively use,3.6,NaN,0.0,1.1,NaN,103.0,1.7,At-Risk
STU4290,9.71,0.0,0.0,84.2,86.9,96.3,95.8,6.8,NaN,-0.1,Silent,0.2,1.9,2.0,6.1,8.4,17.0,6.2,Good
STU6901,4.85,2.0,1.0,33.3,40.7,28.5,33.7,1.7,NEVER,6.4,Actively Use,1.6,0.9,1.0,NaN,4.8,94.0,1.0,At-Risk
STU1365,8.58,0.0,0.0,76.1,93.9,92.6,78.2,5.8,Daily,0.5,Keep Away,0.2,1.3,5.0,NaN,8.2,NaN,6.8,Good
STU2457,7.51,0.0,0.0,85.1,90.1,94.1,96.6,6.9,NaN,0.4,keep away,0.7,1.5,5.0,4.1,8.1,22.0,5.7,Good
STU2307,4.79,4.0,3.0,43.5,56.7,NaN,25.0,0.8,Never,4.9,Actively Use,2.7,NaN,1.0,NaN,5.4,46.0,1.9,At-Risk
STU0024,9.5,0.0,0.0,117.3,95.7,94.7,94.6,5.2,Daily,0.7,Silent,0.1,2.2,5.0,3.2,8.0,19.0,5.2,Good
STU6479,8.06,0.0,0.0,86.0,87.8,75.2,92.2,7.7,Weekly,0.3,Keep Away,0.3,1.7,4.0,4.1,7.4,0.0,3.5,Good
STU0637,8.31,0.0,0.0,100.5,94.6,73.1,78.0,NaN,WEEKLY,0.1,Silent,0.0,1.9,6.0,4.7,7.9,24.0,4.1,Good
STU6826,4.64,5.0,2.0,38.7,NaN,43.1,47.2,NaN,Monthly,7.0,Actively Use,1.3,0.2,0.0,1.4,4.9,49.0,NaN,At-Risk
STU5868,5.79,2.0,2.0,69.3,84.3,49.1,66.2,2.4,weekly,2.9,silent,1.6,1.0,1.0,1.7,7.7,28.0,2.8,Average
STU0431,9.04,0.0,0.0,77.7,93.3,79.1,75.6,7.9,Weekly,0.3,Keep Away,0.1,1.4,2.0,6.8,8.0,18.0,5.3,Good
STU0721,5.07,3.0,2.0,NaN,30.3,NaN,38.5,0.9,Monthly,4.9,Silent,NaN,0.7,1.0,0.4,4.6,42.0,0.8,At-Risk
STU2844,5.37,4.0,1.0,37.3,28.7,47.4,22.4,NaN,NaN,4.4,Actively Use,3.3,0.6,1.0,0.8,7.0,NaN,0.3,At-Risk
STU2224,4.7,3.0,3.0,28.7,51.2,31.1,21.0,1.2,NEVER,4.4,Silent,3.6,0.7,1.0,1.4,7.0,61.0,NaN,At-Risk
STU1679,8.13,0.0,0.0,78.7,97.3,78.5,NaN,5.0,DAILY,0.9,Silent,0.7,NaN,2.0,6.0,8.7,18.0,3.9,Good
STU2453,8.84,0.0,0.0,96.0,89.1,83.2,75.5,4.3,Weekly,0.4,Silent,1.0,1.4,4.0,7.7,7.4,17.0,6.7,Good
STU2663,3.71,3.0,1.0,34.4,41.7,30.4,38.7,NaN, Never ,5.8,Actively Use,1.5,0.4,0.0,1.6,4.8,114.0,0.9,At-Risk
STU2316,4.62,2.0,1.0,38.4,48.2,NaN,39.4,NaN,Never,3.1,silent,3.2,0.8,0.0,NaN,5.7,71.0,1.8,At-Risk
STU7338,8.27,0.0,0.0,79.2,87.8,87.4,88.7,4.8, Daily ,2.0,Keep Away,0.5,2.3,4.0,3.2,7.9,4.0,5.2,Good
STU2878,7.28,1.0,1.0,NaN,79.7,63.4,58.9,2.6,Weekly,3.7,silent,0.8,NaN,2.0,2.4,6.2,51.0,3.7,Average
STU1306,8.25,0.0,0.0,75.6,NaN,81.8,91.4,7.3,Weekly,1.1,Keep Away,0.0,2.2,2.0,3.3,8.2,28.0,5.7,Good
STU6015,6.75,1.0,1.0,67.4,76.5,60.4,59.3,3.6,monthly,3.6,Actively Use,NaN,1.4,1.0,1.9,7.5,20.0,3.8,Average
STU6352,6.88,2.0,2.0,56.4,NaN,69.3,50.8,3.3,Monthly,3.5,Actively Use,0.9,1.2,1.0,1.3,7.2,15.0,2.5,At-Risk
STU1211,4.96,5.0,3.0,55.1,55.4,27.4,33.1,0.7,monthly,4.9,Silent,2.4,0.8,0.0,0.9,5.7,66.0,2.0,At-Risk
STU2148,9.57,0.0,0.0,82.9,88.9,96.9,79.2,5.3,daily,0.3,Keep Away,NaN,1.4,2.0,6.2,8.8,9.0,3.1,Good
STU0179,3.2,5.0,1.0,49.1,26.1,43.8,43.4,1.0,Monthly,6.6,Actively Use,2.3,0.5,1.0,1.6,5.2,119.0,0.7,At-Risk
STU6940,6.72,2.0,1.0,54.7,79.1,51.4,55.7,2.5,Monthly,3.3,Actively Use,0.6,1.4,2.0,2.1,6.7,25.0,1.7,Average
STU2328,NaN,4.0,4.0,36.8,35.6,27.9,46.1,0.6,Monthly,5.3,Silent,1.7,0.5,0.0,1.7,4.7,85.0,1.6,At-Risk
STU3644,7.72,0.0,0.0,94.7,89.2,73.0,85.2,4.1,Weekly,1.4,Silent,0.6,1.5,5.0,7.8,8.6,23.0,3.4,Good
STU0620,6.83,2.0,1.0,71.5,65.8,58.0,51.9,2.5,Weekly,NaN,Keep Away,NaN,0.7,1.0,1.7,6.5,38.0,1.4,At-Risk
STU3315,3.31,2.0,2.0,48.4,26.4,37.2,27.3,0.5,Only Before Exam,6.0,Silent,1.2,0.2,NaN,0.6,5.3,67.0,1.7,At-Risk
STU4845,9.66,0.0,NaN,91.5,93.9,73.6,80.9,5.9,Weekly,1.1,Keep Away,0.5,2.1,5.0,NaN,7.9,12.0,6.3,Good
STU2624,4.72,NaN,3.0,35.7,38.3,48.8,41.4,2.2,Never,6.7,Silent,3.9,0.6,1.0,0.3,5.5,72.0,0.5,At-Risk
STU6825,9.32,0.0,0.0,83.1,97.5,81.3,74.4,7.2,WEEKLY,1.7,Silent,0.1,1.8,2.0,4.4,8.0,14.0,5.0,Good
STU5645,7.84,0.0,0.0,90.2,NaN,88.0,84.1,6.9,WEEKLY,0.5,Keep Away,NaN,2.4,5.0,4.9,8.3,19.0,6.8,Good
STU3361,3.68,4.0,2.0,31.9,59.5,NaN,35.7,2.2,Never,6.9,Actively Use,4.7,0.4,NaN,1.1,4.4,91.0,NaN,At-Risk
STU5581,5.71,NaN,2.0,72.4,78.9,68.1,57.9,3.8,NaN,3.5,ACTIVELY USE,NaN,0.5,0.0,3.0,7.1,59.0,2.6,At-Risk
STU6884,8.25,0.0,0.0,87.2,84.6,96.3,97.8,5.1,DAILY,1.3,keep away,0.5,NaN,3.0,NaN,7.5,NaN,5.5,Good
STU6490,8.64,0.0,NaN,89.3,97.7,81.1,89.7,7.4,weekly,0.0,Keep Away,0.9,2.5,4.0,4.0,7.6,22.0,4.2,Good
STU1023,9.44,0.0,0.0,83.7,85.5,81.4,86.4,4.6,Daily,NaN,Keep Away,NaN,2.9,2.0,6.5,7.8,21.0,4.6,Good
STU4536,7.3,2.0,1.0,60.9,73.3,58.7,68.8,3.1,Weekly,3.8,Keep Away,1.9,1.1,2.0,1.9,NaN,31.0,3.6,Average
STU5853,9.14,0.0,0.0,82.0,92.3,NaN,94.6,7.4,Weekly,-0.1,Keep Away,0.4,2.3,2.0,7.3,7.1,28.0,5.5,Good
STU6190,5.73,1.0,1.0,66.0,60.7,57.1,65.7,2.1,Monthly,2.9,SILENT,1.7,1.4,1.0,2.7,6.3,35.0,3.8,At-Risk
STU3895,7.44,1.0,1.0,73.5,77.7,57.8,54.0,NaN,Weekly,2.7,Actively Use,1.0,0.6,0.0,1.7,6.3,NaN,2.6,At-Risk
STU5647,7.0,2.0,1.0,63.3,NaN,68.3,59.2,2.6,Weekly,2.5,Silent,1.3,0.6,0.0,NaN,7.4,38.0,3.6,Average
STU1933,7.69,0.0,0.0,90.5,96.7,68.7,NaN,6.0,Daily,1.6,Silent,0.2,NaN,3.0,4.2,7.8,14.0,3.9,Good
STU7016,6.52,1.0,1.0,56.8,67.5,58.0,57.5,3.8,Weekly,3.3,Keep Away,1.3,1.3,2.0,1.6,6.1,23.0,3.5,Average
STU5211,8.06,0.0,0.0,99.5,95.0,82.9,99.3,6.4,Daily,0.0,NaN,NaN,1.7,3.0,7.8,7.7,20.0,4.7,Good
STU1303,8.66,0.0,0.0,81.5,95.2,95.9,NaN,4.2,weekly,0.8,Keep Away,0.5,3.0,6.0,6.4,7.9,20.0,3.1,Good
STU5920,8.2,0.0,0.0,77.8,86.4,69.6,87.2,7.1,Daily,0.1,Keep Away,0.1,1.0,6.0,4.4,NaN,12.0,4.1,Good
STU4551,5.72,2.0,2.0,68.3,64.9,67.0,58.3,3.7,Monthly,2.6,silent,1.5,1.1,1.0,2.2,7.7,20.0,2.3,At-Risk
STU2509,9.3,0.0,0.0,76.4,97.2,89.9,77.3,4.8,Daily,0.5,Silent,NaN,2.5,3.0,4.2,7.0,8.0,4.6,Good
STU4976,9.8,0.0,0.0,75.3,NaN,99.9,79.2,4.6,Daily,0.5,Silent,0.3,1.9,4.0,5.6,8.5,29.0,6.6,Good
STU6847,7.1,1.0,1.0,63.7,66.2,49.5,49.1,NaN,Weekly,3.9,Keep Away,1.7,1.3,2.0,2.2,7.2,47.0,NaN,Average
STU3999,4.16,3.0,3.0,54.2,56.0,29.8,29.7,0.2,only before exam,4.0,ACTIVELY USE,2.8,0.3,1.0,1.5,4.7,56.0,1.5,At-Risk
STU6413,8.23,0.0,0.0,94.0,103.8,92.5,88.2,5.3,Weekly,1.9,Silent,0.6,2.8,2.0,NaN,8.3,19.0,NaN,Good
STU6797,7.07,2.0,2.0,59.4,74.4,55.8,55.5,2.4,Weekly,2.8,SILENT,1.1,0.6,1.0,3.2,7.2,54.0,1.7,At-Risk
STU3549,4.81,3.0,1.0,53.4,57.3,41.9,39.5,1.8,NaN,8.0,Actively Use,4.3,0.8,1.0,0.2,6.5,60.0,0.5,At-Risk
STU3836,3.12,4.0,4.0,35.6,41.6,24.2,21.3,0.3,Never,5.7,Actively Use,3.5,0.1,1.0,1.3,5.9,115.0,1.9,At-Risk
STU0718,4.13,4.0,1.0,38.9,46.6,27.7,40.9,1.6,Never,5.1,Silent,4.6,1.0,0.0,NaN,4.8,89.0,1.9,At-Risk
STU6706,8.9,0.0,0.0,85.8,99.7,75.0,71.0,4.6,Daily,1.4,Keep Away,0.9,2.1,3.0,5.0,8.4,20.0,5.7,Good
STU3336,5.72,2.0,1.0,73.0,83.0,62.2,53.6,3.0,Weekly,2.3,Keep Away,0.9,1.3,1.0,NaN,7.1,25.0,3.5,Average
STU3133,7.69,0.0,0.0,83.2,92.1,92.2,98.8,5.3,Daily,NaN,Keep Away,0.6,1.7,6.0,7.9,8.8,11.0,4.2,Good
STU7060,5.41,5.0,1.0,31.5,36.7,39.6,31.6,1.6,Only Before Exam,NaN,Actively Use,3.8,0.6,1.0,NaN,4.4,42.0,1.3,At-Risk
STU3424,3.41,4.0,2.0,31.1,24.3,48.7,NaN,0.1,only before exam,6.0,ACTIVELY USE,1.3,NaN,1.0,1.2,5.6,51.0,0.1,At-Risk
STU5534,5.64,1.0,1.0,68.0,70.5,65.0,51.9,NaN,Weekly,NaN,actively use,1.9,0.6,0.0,3.2,6.5,44.0,1.3,At-Risk
STU2408,4.97,4.0,2.0,29.9,NaN,27.7,45.4,0.3,monthly,5.3,ACTIVELY USE,4.0,0.6,0.0,NaN,5.9,53.0,1.1,At-Risk
STU5457,8.27,0.0,0.0,NaN,93.4,85.7,87.4,5.6,Daily,2.0,Silent,1.0,NaN,6.0,4.1,8.8,23.0,3.4,Good
STU5732,8.18,0.0,0.0,101.3,86.7,81.6,77.5,7.2,Weekly,0.2,Silent,0.0,1.1,3.0,5.1,7.9,0.0,3.2,Good
STU3027,6.85,1.0,1.0,73.6,61.0,54.2,57.8,2.5,Weekly,2.3,Keep Away,1.2,NaN,2.0,3.9,6.3,56.0,NaN,Average
STU2890,9.0,0.0,0.0,95.3,87.8,74.0,87.6,3.8,weekly,1.5,keep away,0.5,2.0,4.0,4.8,7.6,13.0,4.7,Good
STU7278,8.07,NaN,0.0,84.4,94.7,88.1,95.5,7.2,Daily,0.5,Silent,0.8,2.7,6.0,5.6,7.6,7.0,6.8,Good
STU4073,6.37,2.0,1.0,61.9,82.0,56.5,61.9,3.5,Monthly,3.1,Keep Away,1.9,0.5,2.0,1.2,7.5,38.0,NaN,Average
STU3354,8.1,0.0,0.0,98.1,96.5,94.8,86.1,4.4,Daily,0.3, Keep Away ,0.9,2.8,3.0,5.2,7.7,9.0,5.6,Good
STU3505,9.34,0.0,0.0,100.4,95.3,81.3,93.3,5.9,Weekly,0.5,Keep Away,0.2,1.8,2.0,NaN,NaN,17.0,5.0,Good
STU0528,7.7,0.0,0.0,80.8,100.9,82.8,85.0,4.2,Daily,0.1,Silent,0.7,2.1,4.0,5.5,7.5,1.0,6.0,Good
STU3490,8.22,0.0,0.0,84.7,97.5,NaN,73.5,7.1,Daily,-0.0,Silent,0.9,1.4,4.0,5.4,7.1,18.0,5.2,Good
STU2054,5.87,1.0,1.0,66.2,82.2,66.6,49.7,1.9,Weekly,2.6,SILENT,1.4,0.9,2.0,3.5,7.5,33.0,NaN,Average
STU3296,7.72,0.0,0.0,74.0,97.3,78.0,80.7,5.8,weekly,NaN,Keep Away,0.0,1.2,4.0,NaN,8.9,0.0,5.6,Good
STU1658,6.71,2.0,1.0,66.5,84.5,65.3,61.4,3.9,Weekly,2.4,Keep Away,0.5,1.2,1.0,1.3,6.2,23.0,3.2,Average
STU2319,3.72,4.0,4.0,29.5,47.2,40.9,44.9,1.3,NaN,3.8,Actively Use,4.4,0.6,0.0,1.6,NaN,42.0,NaN,At-Risk
STU1948,9.52,0.0,0.0,90.2,89.4,70.2,68.8,6.5,Weekly,-0.3,Keep Away,1.0,1.4,2.0,6.6,7.3,25.0,5.2,Good
STU2692,9.51,0.0,0.0,94.4,89.7,86.7,84.2,6.0,Daily,0.4,Keep Away,0.2,1.6,6.0,3.1,8.7,15.0,5.7,Good
STU5593,8.64,0.0,0.0,96.9,NaN,95.7,79.9,5.9,Daily,0.7,Keep Away,0.6,2.4,4.0,3.8,7.9,NaN,NaN,Good
STU5808,7.04,2.0,1.0,59.5,80.8,52.9,57.3,3.8,Weekly,2.4,Actively Use,1.7,1.3,2.0,1.8,6.3,27.0,1.5,Average
STU2751,4.27,5.0,3.0,37.7,58.6,25.9,31.0,2.2,Never,4.6, Actively Use ,3.6,0.3,0.0,0.2,5.9,43.0,1.8,At-Risk
STU3188,4.86,5.0,2.0,49.6,49.4,49.2,47.6,1.0,never,5.1,Actively Use,4.7,0.6,1.0,0.6,5.7,42.0,2.0,At-Risk
STU6270,9.57,0.0,0.0,88.6,NaN,96.0,76.1,6.5,NaN,0.5,Keep Away,0.1,2.3,4.0,3.5,8.0,20.0,5.5,Good
STU4370,7.46,2.0,1.0,58.2,72.7,50.1,63.2,2.2,Monthly,2.7, Keep Away ,1.0,0.7,1.0,3.8,7.8,52.0,3.6,Average
STU0525,5.42,4.0,1.0,39.9,25.0,29.5,48.9,0.3,Only Before Exam,7.2,Silent,4.5,0.4,0.0,0.2,6.2,115.0,0.6,At-Risk
STU6229,9.61,NaN,0.0,93.4,92.0,83.4,73.0,4.1, Daily ,1.8,Keep Away,0.2,1.6,3.0,6.1,8.7,7.0,6.3,Good
STU0911,9.29,0.0,0.0,92.9,90.1,71.6,94.4,4.9,Daily,1.9,Keep Away,0.4,2.2,4.0,7.4,8.8,7.0,4.5,Good
STU2542,4.1,3.0,1.0,46.4,50.5,32.4,41.0,1.1,Only Before Exam,5.1,actively use,2.3,1.0,0.0,1.5,4.1,104.0,1.9,At-Risk
STU2006,9.35,0.0,0.0,92.7,97.1,NaN,72.5,6.8,Daily,0.4,silent,0.3,2.9,4.0,5.5,8.9,3.0,3.4,Good
STU0504,4.78,3.0,3.0,50.2,25.8,44.5,35.9,0.4,Only Before Exam,5.2,Silent,1.6,0.7,0.0,1.5,4.2,NaN,1.0,At-Risk
STU0559,6.82,1.0,1.0,61.9,81.8,58.4,NaN,3.3,monthly,2.8,Keep Away,1.0,1.0,2.0,3.5,7.9,48.0,2.6,Average
STU0125,8.47,0.0,0.0,87.2,88.5,81.9,76.8,4.5,Daily,1.3,keep away,0.7,2.2,4.0,5.3,8.0,27.0,6.5,Good
STU2982,8.13,0.0,0.0,77.5,98.5,79.6,90.2,4.2,Daily,1.2,Keep Away,NaN,2.4,2.0,5.7,8.8,2.0,3.1,Good
STU1471,6.06,NaN,2.0,63.7,NaN,50.6,69.6,3.7,Monthly,2.1,Keep Away,1.6,0.8,1.0,4.0,6.7,21.0,1.7,At-Risk
STU5747,9.17,0.0,0.0,96.8,99.6,85.6,83.5,7.5, Weekly ,0.7,Silent,0.2,1.8,3.0,3.3,7.6,27.0,3.3,Good
STU1285,8.29,0.0,0.0,81.9,95.1,87.2,NaN,NaN,Daily,1.4,Keep Away,0.8,1.3,5.0,5.0,8.2,NaN,4.4,Good
STU4535,7.73,0.0,0.0,85.4,95.3,81.3,96.9,4.4,daily,0.6,Silent,0.4,2.4,5.0,4.0,6.9,2.0,6.9,Good
STU4500,7.31,1.0,1.0,55.3,73.4,61.2,50.3,NaN,Weekly,1.9,Actively Use,1.3,1.0,1.0,NaN,6.8,27.0,3.0,Average
STU2722,6.45,1.0,1.0,66.7,62.1,68.6,63.5,3.2,Monthly,2.3,Actively Use,0.6,NaN,2.0,2.0,6.5,42.0,2.1,Average
STU1095,9.26,0.0,0.0,81.2,96.6,76.4,NaN,NaN,DAILY,1.1,Silent,1.0,NaN,4.0,NaN,NaN,29.0,3.3,Good
STU5390,7.6,0.0,0.0,99.5,94.2,NaN,76.4,4.2,weekly,1.4,Keep Away,0.0,2.1,6.0,3.7,8.4,8.0,6.6,Good
STU1775,5.69,2.0,1.0,61.3,82.7,58.6,NaN,2.5,Weekly,3.7, Silent ,0.9,0.8,2.0,2.2,7.0,54.0,2.2,Average
STU1213,8.54,0.0,0.0,83.3,94.9,90.0,88.2,6.7,NaN,0.6,Keep Away,0.1,2.5,2.0,NaN,7.6,21.0,4.6,Good
STU1184,3.38,5.0,2.0,50.0,51.2,37.8,35.5,1.5,Never,6.8,NaN,4.2,0.8,1.0,NaN,5.4,100.0,1.7,At-Risk
STU0225,8.73,0.0,0.0,85.3,94.3,87.0,71.4,5.5, Weekly ,1.7,Silent,0.5,2.4,3.0,NaN,8.6,20.0,6.1,Good
STU3875,3.77,2.0,2.0,34.6,41.7,41.7,43.5,0.5,Only Before Exam,4.6,Actively Use,4.5,NaN,0.0,NaN,4.8,60.0,1.6,At-Risk
STU5275,9.75,0.0,0.0,98.2,91.0,84.2,73.0,4.3,Weekly,0.1,keep away,0.6,1.6,4.0,5.9,8.2,25.0,6.6,Good
STU1952,5.27,2.0,2.0,55.0,42.9,42.9,45.7,2.0,Never,5.7,NaN,3.2,0.4,NaN,0.1,5.5,48.0,1.6,At-Risk
STU4381,3.08,4.0,2.0,45.0,59.0,40.5,29.0,-0.3,Never,6.0,Silent,1.0,0.8,1.0,0.5,4.8,64.0,0.7,At-Risk
STU1041,9.58,0.0,0.0,96.4,88.3,70.2,91.4,NaN,Daily,0.9,Keep Away,0.1,1.5,2.0,7.0,8.6,9.0,3.8,Good
STU0429,4.51,3.0,3.0,30.6,47.9,46.8,34.6,0.3,monthly,NaN,Actively Use,4.1,NaN,1.0,1.8,5.8,66.0,1.8,At-Risk
STU7285,9.53,0.0,0.0,73.9,89.1,70.1,73.1,4.4,NaN,0.7,Keep Away,0.2,NaN,3.0,7.1,8.7,8.0,4.4,Good
STU1372,7.55,0.0,0.0,95.4,88.0,102.5,91.2,6.9,Weekly,0.3,Silent,0.7,1.1,5.0,NaN,7.5,22.0,5.8,Good
STU4839,8.67,0.0,0.0,76.2,93.2,79.8,74.9,6.7,Daily,1.0,Keep Away,0.7,2.2,3.0,7.1,7.0,22.0,3.9,Good
STU0685,8.26,0.0,0.0,78.9,88.5,92.3,67.2,6.2,DAILY,0.9,Keep Away,0.5,NaN,3.0,NaN,7.6,28.0,5.9,Good
STU3252,8.07,0.0,NaN,83.8,87.3,82.9,87.9,7.7,WEEKLY,1.4,Keep Away,NaN,1.6,5.0,7.4,9.0,13.0,6.7,Good
STU0828,8.83,0.0,0.0,77.2,93.8,99.3,96.4,7.5,Daily,1.6,Keep Away,NaN,NaN,3.0,3.0,NaN,22.0,3.4,Good
STU3310,3.45,5.0,NaN,41.3,57.3,30.9,37.8,1.9,Never,6.3,actively use,2.4,1.0,NaN,0.4,5.5,NaN,1.6,At-Risk
STU3256,7.84,0.0,NaN,88.3,86.0,87.2,78.7,7.3,Weekly,1.6,Keep Away,NaN,1.5,4.0,3.3,7.8,7.0,3.3,Good
STU2688,3.42,5.0,1.0,47.9,57.5,43.1,NaN,0.9,Only Before Exam,3.5,Actively Use,3.5,0.6,0.0,1.5,4.0,64.0,1.6,At-Risk
STU0633,8.84,0.0,0.0,91.1,95.4,89.6,82.1,4.3,Weekly,0.4,KEEP AWAY,NaN,2.4,6.0,7.5,7.1,21.0,7.0,Good
STU5867,6.86,1.0,1.0,71.2,73.6,53.4,60.4,3.6,Monthly,3.7,Keep Away,1.9,0.7,1.0,3.0,6.4,34.0,2.0,At-Risk
STU3745,NaN,3.0,2.0,32.1,48.4,34.7,38.0,2.4,Monthly,3.9,actively use,3.6,0.5,1.0,0.5,6.2,54.0,1.3,At-Risk
STU5672,7.47,1.0,1.0,59.2,NaN,52.9,57.8,2.7, Weekly ,3.2,ACTIVELY USE,1.2,0.8,0.0,1.1,6.0,50.0,1.5,At-Risk
STU3355,9.52,0.0,0.0,93.9,93.9,78.2,77.3,6.9,Weekly,1.5,Keep Away,0.1,1.4,5.0,6.4,7.7,24.0,5.3,Good
STU3115,7.76,0.0,0.0,94.0,98.7,82.4,92.4,7.7,Weekly,0.6,Silent,0.8,1.6,6.0,5.1,7.8,12.0,NaN,Good
STU1242,3.23,2.0,1.0,50.0,21.5,22.1,33.3,0.3,Never,3.4,Actively Use,2.7,0.1,1.0,0.3,4.2,81.0,0.4,At-Risk
STU2526,9.57,0.0,0.0,80.0,88.3,80.0,92.5,5.6,Weekly,0.6,Keep Away,1.0,1.8,6.0,4.2,8.2,6.0,6.2,Good
STU1672,8.93,0.0,0.0,NaN,94.9,101.5,77.8,5.0,Daily,2.1,Silent,0.7,1.9,4.0,NaN,NaN,2.0,6.1,Good
STU1461,4.4,5.0,4.0,47.3,NaN,44.1,25.7,1.3,NEVER,6.4,Actively Use,4.6,0.9,1.0,1.0,5.9,96.0,0.8,At-Risk
STU1398,9.51,0.0,0.0,79.1,94.4,76.7,93.4,6.5,Daily,1.4,Keep Away,0.9,2.3,6.0,6.6,8.1,4.0,4.5,Good
STU6398,7.77,0.0,0.0,74.9,92.3,88.0,83.4,4.4,Weekly,0.7,Keep Away,0.7,1.2,4.0,7.3,7.3,11.0,NaN,Good
STU2859,8.77,0.0,0.0,90.9,NaN,86.0,95.5,NaN,weekly,0.0,Keep Away,0.9,2.7,4.0,4.8,7.3,0.0,NaN,Good
STU1278,3.57,3.0,3.0,44.6,47.2,23.1,50.4,0.9,NaN,3.1,ACTIVELY USE,4.7,0.6,0.0,1.4,5.5,102.0,1.7,At-Risk
STU5225,7.48,2.0,1.0,68.5,62.3,66.8,NaN,3.5,Weekly,2.7,Silent,1.0,1.4,2.0,2.9,6.1,42.0,2.0,Average
STU0746,4.16,2.0,2.0,42.0,54.3,49.9,30.9,1.6,only before exam,6.7,Actively Use,4.7,0.2,1.0,1.2,NaN,102.0,1.6,At-Risk
STU3172,4.04,3.0,1.0,32.3,48.8,30.4,24.4,-0.2,Only Before Exam,7.6,Actively Use,2.0,0.4,1.0,1.9,5.4,116.0,0.2,At-Risk
STU1749,3.26,3.0,3.0,51.9,31.1,23.9,47.7,NaN, Never ,3.9,NaN,4.1,0.9,1.0,0.2,6.5,114.0,1.1,At-Risk
STU0168,8.18,0.0,0.0,94.6,89.5,94.1,71.3,6.1,weekly,0.3, Keep Away ,0.1,2.8,NaN,3.7,8.1,17.0,NaN,Good
STU6112,8.72,0.0,0.0,91.2,87.5,99.2,93.9,7.3, Weekly ,1.0,Silent,NaN,NaN,4.0,4.1,7.3,19.0,5.2,Good
STU0142,8.5,0.0,0.0,78.9,91.2,70.9,71.8,4.3,Weekly,1.6,Keep Away,0.5,2.9,6.0,5.2,7.7,10.0,5.0,Good
STU5353,9.57,0.0,0.0,79.2,94.2,95.6,NaN,6.1,Daily,0.7,Keep Away,0.4,1.3,2.0,7.9,8.5,11.0,3.2,Good
STU0805,8.97,0.0,0.0,82.0,89.8,74.4,75.6,5.1,daily,NaN,Keep Away,0.6,2.9,2.0,4.0,8.3,12.0,6.3,Good
STU2009,8.79,0.0,0.0,98.6,88.6,81.0,NaN,6.2,Weekly,0.3,SILENT,NaN,NaN,3.0,NaN,8.6,3.0,5.2,Good
STU5943,NaN,1.0,1.0,NaN,72.6,58.4,62.3,NaN,Weekly,3.6, Silent ,1.0,0.9,1.0,1.4,7.6,32.0,2.9,At-Risk
STU4759,6.56,2.0,1.0,65.1,NaN,60.7,65.4,3.1,Monthly,NaN,Silent,1.6,NaN,0.0,2.6,7.9,50.0,2.1,At-Risk
STU6624,7.5,0.0,0.0,82.8,90.6,82.3,94.6,5.5,Weekly,0.8,Keep Away,NaN,2.7,6.0,6.1,7.8,13.0,5.8,Good
STU2249,4.77,5.0,1.0,53.5,33.1,46.9,22.8,0.4,only before exam,3.2,Silent,3.6,0.1,1.0,1.7,5.8,97.0,0.1,At-Risk
STU0455,6.59,1.0,1.0,56.0,65.0,53.5,55.8,2.8,NaN,3.3,actively use,0.8,0.9,0.0,2.2,7.8,18.0,3.9,Average
STU7394,6.68,2.0,2.0,59.6,71.8,NaN,59.5,3.2,Weekly,3.2, Actively Use ,1.0,0.8,0.0,2.0,6.0,46.0,1.8,At-Risk
STU0340,9.18,0.0,0.0,96.7,88.1,88.5,87.6,6.3,WEEKLY,1.2,KEEP AWAY,0.6,1.9,2.0,4.4,8.5,7.0,3.9,Good
STU0507,5.84,2.0,1.0,64.3,66.1,NaN,55.0,NaN,MONTHLY,3.0,Actively Use,1.0,0.9,2.0,3.9,6.8,58.0,1.8,At-Risk
STU0921,8.94,0.0,0.0,92.1,95.7,93.8,80.7,7.0,Daily,-0.0,Keep Away,0.4,1.8,4.0,3.8,6.9,16.0,3.5,Good
STU7344,3.61,4.0,2.0,34.2,35.0,33.4,46.9,0.0,Monthly,6.4,Silent,1.9,0.9,0.0,0.6,5.6,55.0,0.7,At-Risk
STU0441,7.48,1.0,1.0,67.0,64.8,66.6,57.5,3.4,Monthly,NaN,silent,0.6,0.6,2.0,3.2,6.6,18.0,1.6,Average
STU3251,3.33,NaN,1.0,33.7,55.1,19.9,20.6,0.4,Monthly,3.7,Actively Use,4.5,0.9,0.0,NaN,5.2,52.0,1.1,At-Risk
STU3578,3.08,4.0,2.0,38.1,52.4,31.6,33.8,0.9,Monthly,6.8,Actively Use,2.9,0.1,1.0,NaN,4.6,101.0,1.0,At-Risk
STU2607,8.81,NaN,0.0,80.4,97.8,98.4,77.9,7.4,Daily,1.9,Silent,NaN,1.7,6.0,6.8,7.5,18.0,5.5,Good
STU6637,7.51,0.0,0.0,82.9,87.4,89.6,96.1,6.5, Daily ,1.9,Keep Away,0.1,1.9,5.0,7.5,7.6,17.0,6.2,Good
STU5294,6.03,1.0,1.0,68.7,82.5,50.4,65.0,1.7, Monthly ,NaN,Keep Away,0.5,1.4,2.0,NaN,7.3,20.0,1.6,Average
STU1828,6.94,1.0,1.0,60.4,58.7,64.2,58.4,2.6,Weekly,3.2,Keep Away,NaN,NaN,1.0,NaN,7.6,47.0,1.6,Average
STU3539,5.38,3.0,2.0,39.8,49.0,39.1,37.9,NaN,NEVER,3.3,Actively Use,2.8,0.8,NaN,0.9,6.6,53.0,1.7,At-Risk
STU0111,8.12,0.0,0.0,77.7,100.1,77.5,NaN,5.4,NaN,0.3,Keep Away,0.8,2.3,5.0,5.5,8.2,10.0,5.9,Good
STU4410,8.12,0.0,NaN,94.8,93.5,70.8,81.1,7.0,Daily,2.0,Silent,0.9,1.0,4.0,4.1,7.4,25.0,4.7,Good
STU4949,9.16,0.0,0.0,83.2,93.2,91.9,82.1,5.5,Weekly,1.9,Keep Away,NaN,1.4,3.0,7.4,8.1,2.0,4.8,Good
STU2997,9.95,0.0,0.0,97.0,98.0,72.2,74.8,6.2,Daily,1.8,Keep Away,0.7,1.7,2.0,3.7,7.3,0.0,4.5,Good
STU4287,7.94,0.0,0.0,NaN,97.8,69.1,98.7,NaN,DAILY,-0.0,KEEP AWAY,0.9,2.4,4.0,3.5,8.9,20.0,5.7,Good
STU5112,7.64,0.0,0.0,85.0,88.8,90.3,81.4,NaN,Weekly,1.2,Keep Away,0.1,2.3,4.0,3.7,7.8,21.0,4.1,Good
STU6217,5.54,1.0,1.0,75.1,71.1,60.5,51.4,3.9,MONTHLY,2.9,actively use,1.8,0.7,2.0,1.3,7.4,45.0,4.0,Average
STU0985,3.08,4.0,1.0,30.3,58.2,NaN,26.8,-0.0,Monthly,4.2,SILENT,3.1,0.6,1.0,0.4,6.2,118.0,0.6,At-Risk
STU5922,7.69,0.0,0.0,76.9,97.6,74.2,82.9,6.3,Weekly,0.9,Keep Away,0.7,1.4,3.0,NaN,8.4,3.0,4.6,Good
STU1746,5.04,5.0,3.0,45.6,53.9,39.1,41.9,0.6,Only Before Exam,8.4,actively use,1.7,0.2,0.0,0.6,6.9,NaN,2.0,At-Risk
STU5322,8.53,0.0,0.0,92.6,96.8,97.1,73.2,7.7, Daily ,1.7,Keep Away,0.8,1.3,6.0,4.3,8.9,3.0,6.8,Good
STU2910,4.14,5.0,1.0,30.8,45.3,30.8,38.7,1.6,Never,6.1,Actively Use,2.2,0.8,1.0,1.1,5.5,111.0,NaN,At-Risk
STU2826,3.11,NaN,2.0,45.5,56.7,42.7,48.0,1.1,never,4.7,Actively Use,3.7,0.7,1.0,1.4,6.9,90.0,0.7,At-Risk
STU1583,4.65,3.0,1.0,46.2,53.0,21.4,NaN,NaN,ONLY BEFORE EXAM,NaN,Actively Use,1.1,0.9,0.0,NaN,6.4,102.0,0.1,At-Risk
STU6715,8.87,0.0,0.0,76.5,92.8,82.7,78.9,5.9,Weekly,1.0,Keep Away,0.2,2.1,4.0,7.1,7.5,2.0,5.1,Good
STU4047,7.56,0.0,0.0,92.0,90.8,72.0,77.4,5.3, Weekly ,1.8,Keep Away,NaN,2.1,2.0,3.6,7.7,14.0,3.1,Good
STU1843,7.71,0.0,0.0,83.1,86.7,83.6,89.6,4.7, Weekly ,0.6,Keep Away,0.9,1.9,4.0,7.0,8.8,6.0,NaN,Good
STU4699,8.68,0.0,0.0,93.6,85.9,100.7,70.9,5.0,NaN,0.9,silent,0.2,1.8,2.0,5.3,8.0,21.0,3.2,Good
STU0489,7.86,0.0,NaN,76.2,86.9,90.2,85.5,6.3, Weekly ,0.2,Silent,0.4,2.4,5.0,5.2,8.5,13.0,3.9,Good
STU0041,4.57,3.0,3.0,45.6,38.2,38.9,34.7,1.9,NaN,3.0,Actively Use,2.1,1.0,0.0,1.8,5.5,113.0,1.2,At-Risk
STU3099,NaN,1.0,1.0,65.0,82.2,57.8,51.2,3.1,NaN,3.8,Keep Away,0.5,0.7,2.0,1.9,7.4,55.0,2.0,Average
STU5544,9.25,0.0,NaN,84.8,93.3,84.7,74.5,7.7,Weekly,NaN,Silent,0.5,1.7,2.0,7.6,8.2,26.0,NaN,Good
STU0377,3.23,2.0,NaN,47.3,41.5,32.3,33.4,1.7,Only Before Exam,4.1,Actively Use,1.1,0.9,0.0,1.2,6.8,118.0,1.2,At-Risk
STU6945,8.99,0.0,0.0,78.7,98.3,98.2,94.7,6.7,Daily,NaN,Keep Away,NaN,2.0,6.0,5.6,7.2,27.0,3.8,Good
STU0206,NaN,0.0,0.0,97.0,95.9,88.0,91.4,5.0,Weekly,0.7,keep away,0.0,2.0,4.0,5.7,7.6,21.0,6.9,Good
STU7268,9.5,0.0,0.0,86.1,101.9,91.8,87.5,7.5,Weekly,0.5,Silent,NaN,2.4,6.0,3.0,7.0,7.0,4.5,Good
STU4240,8.16,0.0,0.0,78.8,92.5,77.7,68.6,5.1,NaN,0.7,Keep Away,0.4,2.5,5.0,3.1,7.1,2.0,4.0,Good
STU2212,9.38,0.0,0.0,96.3,93.9,73.0,80.3,7.6,Daily,0.5,Keep Away,0.3,2.5,6.0,6.7,8.8,23.0,4.6,Good
STU3458,7.98,0.0,0.0,97.3,92.4,86.4,73.5,5.4,Daily,0.2,SILENT,0.5,2.1,3.0,6.5,8.7,15.0,4.9,Good
STU2195,8.05,0.0,0.0,78.1,95.5,81.0,75.1,4.2,daily,1.0,Silent,0.8,2.7,5.0,4.2,NaN,23.0,6.4,Good
STU1377,6.75,1.0,NaN,64.6,82.8,63.3,58.9,3.6,Monthly,3.6,Keep Away,0.7,0.7,2.0,3.4,7.8,50.0,NaN,Average
STU7067,9.95,0.0,0.0,78.5,93.2,95.3,78.9,4.1,DAILY,1.9,Keep Away,0.6,1.5,3.0,4.4,8.5,27.0,5.6,Good
STU4574,7.0,2.0,1.0,70.7,81.5,56.1,63.7,3.5,Weekly,3.7,Keep Away,1.1,1.1,1.0,2.7,7.1,17.0,1.8,Average
STU4458,7.88,0.0,0.0,93.2,86.9,96.0,83.6,NaN,daily,2.2, Keep Away ,0.8,2.2,2.0,NaN,9.0,14.0,6.1,Good
STU5527,9.57,0.0,0.0,92.4,87.2,85.0,75.4,6.9,Weekly,1.0,Silent,0.3,1.7,5.0,3.6,7.3,6.0,5.9,Good
STU2179,9.12,0.0,0.0,91.2,NaN,69.9,81.4,4.8,Weekly,1.4,Keep Away,0.9,1.6,4.0,3.5,7.5,26.0,3.4,Good
STU4870,7.91,0.0,0.0,90.0,86.6,86.7,94.0,4.0,Daily,-0.1,Keep Away,1.0,2.3,5.0,NaN,7.7,1.0,6.9,Good
STU3702,7.38,2.0,1.0,69.2,77.2,51.5,68.7,NaN,Weekly,3.4,Actively Use,2.0,0.7,0.0,2.5,7.6,21.0,NaN,At-Risk
STU1606,6.31,1.0,1.0,73.6,63.8,51.9,68.0,3.8,Monthly,2.1,Actively Use,NaN,1.2,1.0,3.3,7.0,18.0,4.0,Average
STU2418,8.82,0.0,0.0,92.7,93.9,85.4,78.5,4.1,Weekly,2.1,Keep Away,0.8,1.1,4.0,NaN,8.3,10.0,3.8,Good
STU3529,5.27,2.0,1.0,33.2,42.5,36.9,42.5,1.9,monthly,7.8,SILENT,3.3,0.7,0.0,0.2,5.4,50.0,1.8,At-Risk
STU0419,7.6,0.0,0.0,82.6,92.4,95.9,89.5,5.5,NaN,1.8,Silent,0.7,2.9,2.0,5.6,7.5,19.0,3.2,Good
STU0284,9.56,0.0,0.0,95.8,89.4,87.9,71.2,4.6,daily,2.1,Keep Away,0.3,2.5,2.0,7.0,8.6,30.0,7.0,Good
STU3827,5.2,3.0,2.0,33.0,24.9,30.0,NaN,1.5,Only Before Exam,5.1,Silent,1.2,0.6,1.0,1.3,6.4,41.0,0.8,At-Risk
STU3551,7.37,2.0,2.0,62.0,83.2,56.4,53.3,2.4,Weekly,2.6,ACTIVELY USE,1.5,NaN,1.0,2.1,7.1,NaN,3.5,At-Risk
STU0872,5.09,3.0,1.0,53.7,NaN,32.5,29.5,0.3,Only Before Exam,3.3,Actively Use,3.1,0.5,0.0,1.1,6.9,120.0,1.8,At-Risk
STU2146,5.74,2.0,2.0,73.2,63.4,50.0,59.9,3.0,monthly,NaN,Actively Use,1.7,1.5,0.0,1.5,7.8,54.0,2.7,At-Risk
STU4665,6.38,1.0,1.0,59.5,73.0,63.6,56.0,NaN,Weekly,3.5,Silent,1.6,0.7,0.0,2.2,7.8,NaN,2.4,Average
STU0355,4.46,2.0,2.0,55.9,35.8,18.7,30.7,0.8,Only Before Exam,3.5,Actively Use,3.6,1.0,1.0,0.9,5.1,89.0,0.8,At-Risk
STU0117,5.84,2.0,1.0,64.6,65.8,65.1,59.3,2.6,Monthly,2.8,keep away,1.6,0.7,2.0,1.5,6.0,49.0,3.2,Average
STU5077,7.95,0.0,0.0,86.7,92.2,76.5,79.4,5.0,Weekly,0.8,Keep Away,0.2,2.2,3.0,3.2,7.7,21.0,6.6,Good
STU6456,9.6,0.0,0.0,74.6,90.7,99.5,71.6,7.1,Weekly,0.4,Keep Away,0.8,2.3,2.0,6.6,8.8,11.0,6.8,Good
STU4077,9.21,0.0,0.0,88.6,93.3,94.6,76.6,6.7,Weekly,NaN,NaN,NaN,NaN,5.0,4.7,8.4,22.0,6.0,Good
STU6338,9.25,0.0,0.0,NaN,93.8,82.1,78.5,7.2,Weekly,NaN,SILENT,0.8,3.0,5.0,6.2,7.7,10.0,6.5,Good
STU1850,7.34,1.0,1.0,72.6,66.8,52.4,52.3,2.3,weekly,2.4, Keep Away ,1.5,0.6,NaN,2.2,7.2,20.0,1.9,Average
STU4466,9.84,0.0,0.0,87.7,89.2,81.6,70.5,NaN,WEEKLY,NaN,Keep Away,0.1,1.1,5.0,4.1,7.3,NaN,3.2,Good
STU4964,7.89,0.0,0.0,93.1,84.3,78.5,95.2,6.4,Weekly,1.8,keep away,0.3,NaN,4.0,4.4,7.1,1.0,7.0,Good
STU5558,9.62,0.0,0.0,93.4,89.6,97.4,69.0,5.6,Weekly,0.6,Silent,0.1,2.2,5.0,5.8,9.2,5.0,5.5,Good
STU4589,9.71,0.0,0.0,83.4,95.1,80.2,77.7,NaN,Daily,0.2,Keep Away,NaN,2.5,6.0,4.5,NaN,28.0,5.3,Good
STU1141,9.85,0.0,0.0,94.5,96.3,86.6,97.4,4.4,daily,1.0,Keep Away,1.0,1.6,3.0,7.0,7.9,20.0,3.2,Good
STU1597,5.72,1.0,1.0,61.8,83.1,57.3,55.8,2.4,Monthly,2.4,Keep Away,0.8,1.1,0.0,2.4,7.0,25.0,1.4,Average
STU0863,5.26,2.0,2.0,40.8,41.1,47.4,36.3,1.1,Monthly,6.0,Actively Use,3.8,0.1,0.0,1.6,NaN,111.0,0.1,At-Risk
STU1470,9.09,0.0,0.0,96.7,95.0,NaN,85.0,6.7,weekly,0.7,silent,0.5,1.0,6.0,NaN,8.0,30.0,6.3,Good
STU6828,7.23,1.0,1.0,65.1,81.2,62.5,62.9,2.2,Weekly,2.5,actively use,1.5,0.8,1.0,2.5,7.0,56.0,1.7,At-Risk
STU7108,4.41,4.0,1.0,43.2,27.5,42.1,50.9,1.1,only before exam,3.7,Actively Use,NaN,0.3,1.0,0.8,4.5,111.0,1.3,At-Risk
STU1602,6.79,1.0,1.0,61.8,71.9,50.7,68.7,2.7,monthly,3.2,ACTIVELY USE,0.7,0.7,2.0,4.0,7.5,27.0,3.9,Average
STU6880,8.41,0.0,0.0,76.7,99.3,79.7,73.8,5.1,NaN,1.1,SILENT,0.6,1.5,5.0,4.7,7.0,11.0,6.8,Good
STU2448,7.77,0.0,0.0,NaN,82.8,82.3,69.8,7.0,Weekly,1.6,keep away,0.3,2.3,3.0,3.2,7.7,20.0,4.2,Good
STU3198,8.18,0.0,0.0,86.7,94.0,77.9,91.2,4.6,Daily,0.5,Keep Away,0.5,NaN,6.0,7.5,7.0,20.0,5.4,Good
STU0459,8.95,0.0,0.0,99.4,91.4,86.5,87.2,NaN,weekly,0.8,Keep Away,0.5,1.6,6.0,NaN,8.2,29.0,4.3,Good
STU2024,8.65,0.0,0.0,78.2,87.9,81.4,73.5,6.2,Weekly,1.2,Silent,0.1,1.8,3.0,5.1,7.7,7.0,5.2,Good
STU6110,8.15,0.0,0.0,95.7,97.0,NaN,91.8,4.0,Weekly,0.5,KEEP AWAY,0.7,2.6,NaN,3.3,7.0,NaN,4.2,Good
STU1639,4.12,5.0,1.0,50.5,55.2,31.6,47.8,-0.0,NEVER,3.2,Silent,NaN,0.6,1.0,1.3,5.5,93.0,0.2,At-Risk
STU0779,6.77,2.0,1.0,75.1,65.6,59.6,64.6,2.9,Weekly,NaN,Silent,1.6,0.6,0.0,4.0,7.6,45.0,3.6,Average
STU4233,3.96,3.0,2.0,52.8,31.5,32.2,19.6,-0.2,Monthly,3.6,ACTIVELY USE,2.4,0.5,NaN,0.0,4.5,91.0,0.4,At-Risk
STU3789,6.34,2.0,1.0,68.5,67.9,61.9,NaN,2.4,Weekly,2.2,Keep Away,0.6,0.8,2.0,3.2,6.2,56.0,1.9,Average
STU5404,8.5,NaN,0.0,87.8,95.9,82.3,90.7,7.0,Weekly,1.4,Keep Away,0.5,1.0,5.0,6.8,8.6,NaN,5.6,Good
STU5433,5.64,1.0,1.0,73.4,81.0,58.1,59.3,3.1,Weekly,3.6,Keep Away,1.1,1.4,1.0,3.8,6.4,57.0,3.7,Average
STU0376,6.7,1.0,1.0,65.9,68.7,49.4,61.9,2.4,Weekly,3.3,KEEP AWAY,0.5,1.1,0.0,3.8,6.4,46.0,NaN,Average
STU2423,8.48,0.0,0.0,87.9,90.9,99.9,87.7,7.3,Daily,1.2,Silent,NaN,2.0,6.0,3.0,8.2,29.0,4.4,Good
STU0884,4.37,2.0,2.0,44.8,25.0,34.4,24.4,0.1,Never,6.4,Silent,4.6,NaN,1.0,NaN,6.0,53.0,NaN,At-Risk
STU6012,9.37,0.0,0.0,82.5,90.1,94.3,79.1,5.1,Weekly,1.4,Silent,1.0,1.1,NaN,7.2,7.3,12.0,4.4,Good
STU0692,7.68,0.0,0.0,79.6,95.8,92.8,88.4,6.5, Weekly ,NaN,keep away,NaN,2.6,2.0,4.3,8.4,8.0,3.9,Good
STU3867,5.34,2.0,1.0,33.0,51.9,38.5,25.0,1.8,Only Before Exam,6.6,NaN,NaN,0.5,1.0,1.5,4.7,98.0,0.9,At-Risk
STU4251,3.03,4.0,4.0,48.1,41.0,35.6,34.5,1.5,Only Before Exam,4.6,ACTIVELY USE,3.2,0.7,1.0,0.4,6.8,55.0,1.5,At-Risk
STU5781,9.93,0.0,0.0,90.2,99.2,72.3,98.2,4.3,Daily,1.1,Silent,0.5,2.7,3.0,6.5,8.0,10.0,6.6,Good
STU4908,7.67,0.0,0.0,78.6,88.7,72.6,72.3,7.0,Daily,0.2,Keep Away,NaN,2.3,5.0,3.6,8.8,1.0,4.9,Good
STU2764,8.31,0.0,0.0,88.1,91.6,98.5,81.0,5.9,daily,0.8,Keep Away,0.8,NaN,3.0,4.2,7.2,20.0,NaN,Good
STU0627,7.56,0.0,0.0,NaN,94.9,98.8,78.4,4.9,Weekly,1.3,silent,0.1,1.7,2.0,5.5,8.1,27.0,5.9,Good
STU2947,4.74,2.0,2.0,53.2,55.1,23.0,NaN,1.8,Only Before Exam,7.2,Actively Use,1.5,0.5,0.0,1.8,NaN,87.0,1.7,At-Risk
STU4196,9.79,0.0,0.0,90.4,88.9,87.6,95.6,4.2,Weekly,1.4,Keep Away,0.0,1.5,4.0,NaN,8.9,1.0,3.7,Good
STU7040,5.95,2.0,2.0,65.1,73.8,56.7,60.8,3.3,monthly,4.0,Keep Away,1.0,1.0,0.0,3.6,6.4,22.0,3.9,Average
STU0318,8.15,0.0,0.0,98.1,91.5,82.4,72.8,4.1,Daily,1.4,Silent,0.5,1.5,6.0,6.1,7.5,26.0,5.3,Good
STU3347,3.56,2.0,2.0,46.8,59.2,28.2,44.9,0.9,Monthly,NaN,Actively Use,3.0,0.4,0.0,1.8,5.3,97.0,0.6,At-Risk
STU1169,NaN,3.0,3.0,32.1,NaN,24.1,46.2,0.6,Only Before Exam,4.8,Silent,1.9,0.6,0.0,0.7,6.1,82.0,0.0,At-Risk
STU5284,9.68,0.0,NaN,84.5,94.4,82.5,74.5,5.2,NaN,1.3,Keep Away,0.8,2.7,6.0,3.1,8.0,26.0,4.1,Good
STU1903,7.88,0.0,0.0,95.7,95.4,94.8,77.2,7.0,Daily,1.8,KEEP AWAY,0.4,1.8,3.0,6.3,NaN,24.0,5.9,Good
STU0631,9.34,0.0,0.0,94.3,88.3,90.2,85.1,7.6,Daily,2.0,keep away,0.1,2.6,5.0,NaN,NaN,20.0,5.2,Good
STU0509,3.13,5.0,2.0,55.6,28.2,47.7,29.5,1.3,Never,4.6,Actively Use,NaN,0.1,0.0,0.4,5.4,57.0,0.2,At-Risk
STU7255,7.04,2.0,1.0,74.8,65.8,68.1,57.7,3.4,Monthly,2.8,KEEP AWAY,1.9,1.5,1.0,2.2,6.3,31.0,3.1,Average
STU4030,4.97,5.0,1.0,37.7,33.6,29.2,24.0,0.9,Only Before Exam,7.1,ACTIVELY USE,3.0,0.5,NaN,0.3,4.5,87.0,0.1,At-Risk
STU6368,8.0,0.0,0.0,93.2,86.4,100.9,96.3,7.8,Daily,1.6,Silent,0.6,NaN,2.0,NaN,8.4,12.0,3.5,Good
STU3209,3.97,2.0,2.0,46.2,52.3,42.5,38.4,0.0,Monthly,NaN,Silent,2.9,1.0,0.0,1.2,5.8,100.0,2.0,At-Risk
STU2595,6.08,1.0,1.0,72.1,71.6,69.5,53.7,4.1,Monthly,3.2,Silent,1.7,0.9,2.0,NaN,7.1,55.0,3.0,Average
STU6437,3.41,4.0,3.0,39.6,48.2,29.4,36.0,NaN,monthly,7.7,ACTIVELY USE,4.4,0.1,0.0,NaN,6.1,60.0,1.2,At-Risk
STU7163,5.55,1.0,1.0,71.1,80.4,NaN,68.7,2.8,Monthly,4.0,Silent,1.8,0.6,1.0,3.4,7.4,58.0,1.4,At-Risk
STU5499,7.23,1.0,1.0,56.3,81.4,62.3,NaN,3.4,Weekly,3.8,Silent,0.7,1.4,2.0,2.1,5.9,37.0,1.3,Average
STU3520,5.49,4.0,1.0,42.8,27.7,34.0,29.2,0.8,Only Before Exam,5.2,Actively Use,3.8,0.9,1.0,0.4,6.5,116.0,1.9,At-Risk
STU3898,7.99,0.0,0.0,77.7,99.0,94.7,73.2,6.9,Daily,1.3,Silent,0.3,1.5,6.0,4.3,8.7,25.0,4.3,Good
STU7056,5.05,5.0,1.0,41.5,52.3,42.9,24.0,1.6,Monthly,7.4,Actively Use,NaN,0.8,0.0,1.8,6.1,55.0,NaN,At-Risk
STU5729,7.33,NaN,1.0,56.7,69.0,68.2,60.4,NaN,Weekly,2.9,KEEP AWAY,1.1,NaN,0.0,3.3,6.6,27.0,2.8,Average
STU3318,NaN,0.0,0.0,78.0,92.0,74.4,76.6,6.0,Weekly,2.1,silent,NaN,NaN,4.0,4.9,8.7,6.0,6.5,Good
STU6316,9.27,0.0,0.0,89.6,83.8,92.5,94.5,4.8,WEEKLY,0.1, Keep Away ,0.8,2.3,5.0,7.0,8.0,9.0,4.7,Good
STU6997,4.29,4.0,4.0,47.8,35.5,34.3,NaN,0.7,Never,5.5,silent,NaN,0.9,1.0,0.9,5.1,110.0,1.8,At-Risk
STU0755,9.88,0.0,0.0,90.2,98.8,85.8,70.9,5.4,Weekly,1.2,Keep Away,1.0,2.7,6.0,NaN,7.5,25.0,3.8,Good
STU6451,8.54,0.0,0.0,82.3,98.9,73.5,78.6,5.3, Daily ,0.9,Keep Away,0.8,2.7,2.0,6.0,NaN,NaN,NaN,Good
STU6592,5.6,2.0,2.0,64.8,61.5,50.8,63.7,2.6,Weekly,3.1,actively use,NaN,NaN,2.0,NaN,NaN,32.0,2.3,At-Risk
STU5324,9.05,0.0,0.0,77.2,88.6,82.5,92.2,6.9,Daily,0.7,Silent,0.5,2.0,5.0,5.1,7.2,30.0,6.6,Good
STU3934,6.78,2.0,2.0,55.8,67.7,60.5,54.6,2.2,Weekly,2.1,Silent,1.9,0.6,1.0,2.1,NaN,17.0,3.2,At-Risk
STU1551,8.34,0.0,NaN,90.0,87.0,89.8,78.8,6.6,Daily,1.8,Silent,0.2,2.9,5.0,5.7,8.8,29.0,3.8,Good
STU6187,7.5,0.0,0.0,93.5,92.9,96.5,NaN,5.7,Weekly,0.9,keep away,0.8,2.6,5.0,4.4,8.4,23.0,5.6,Good
STU6099,7.37,2.0,2.0,61.8,78.1,69.2,59.0,NaN,Weekly,3.6,KEEP AWAY,NaN,0.9,0.0,2.6,7.9,59.0,1.3,At-Risk
STU0126,4.3,2.0,2.0,NaN,20.9,27.8,29.1,0.6,Never,5.9,Actively Use,NaN,0.6,1.0,1.5,6.4,48.0,1.4,At-Risk
STU3782,9.57,0.0,0.0,76.5,93.0,73.1,89.7,7.6,Weekly,1.0,Keep Away,0.3,1.3,2.0,7.0,7.6,3.0,3.1,Good
STU3367,5.98,2.0,1.0,NaN,79.9,68.6,56.4,3.2,monthly,2.6,Actively Use,1.4,1.4,2.0,1.1,8.0,51.0,3.5,Average
STU1600,3.48,2.0,1.0,47.8,51.8,49.7,35.2,0.2,monthly,6.8,Silent,4.9,0.2,0.0,0.7,5.4,42.0,0.3,At-Risk
STU1503,9.23,0.0,0.0,95.3,92.6,92.6,96.0,7.2,Daily,1.4,SILENT,NaN,2.4,6.0,4.3,NaN,3.0,6.8,Good
STU2015,5.43,NaN,1.0,46.4,40.3,35.5,31.8,0.9,NaN,6.4,Silent,4.7,NaN,0.0,1.7,6.7,83.0,1.0,At-Risk
STU3206,3.99,2.0,1.0,36.9,44.5,49.3,22.8,1.7,Only Before Exam,5.1,Silent,3.1,1.0,0.0,1.2,6.4,99.0,1.0,At-Risk
STU7423,9.76,0.0,0.0,95.7,93.3,75.0,98.7,7.8,Weekly,1.0,NaN,0.0,2.0,4.0,3.8,8.1,5.0,6.9,Good
STU4540,9.96,0.0,0.0,92.4,87.4,79.0,82.6,5.6,DAILY,1.6, Keep Away ,0.4,2.0,5.0,5.7,7.4,7.0,NaN,Good
STU2440,4.23,3.0,3.0,49.9,40.5,32.7,22.3,0.9,Monthly,NaN, Actively Use ,4.1,0.3,0.0,1.3,5.8,96.0,1.2,At-Risk
STU5115,5.88,2.0,2.0,69.5,61.9,64.5,56.8,2.8,monthly,3.0,Silent,1.6,0.7,1.0,2.6,7.0,51.0,1.8,At-Risk
STU1417,4.37,5.0,2.0,32.1,36.7,27.5,38.0,1.4,Never,6.5,actively use,1.5,0.8,0.0,NaN,6.7,58.0,0.9,At-Risk
STU1416,9.48,0.0,0.0,85.4,98.6,94.5,81.3,4.2,Weekly,0.7,Keep Away,0.3,2.8,4.0,7.8,7.2,5.0,4.9,Good
STU2741,7.9,0.0,0.0,76.2,96.9,74.9,90.4,7.4,weekly,1.4,Keep Away,NaN,2.1,5.0,5.0,7.9,30.0,4.3,Good
STU4681,7.68,0.0,0.0,94.9,97.2,100.3,81.6,4.7,Weekly,0.1,Keep Away,0.1,2.6,6.0,6.6,9.0,7.0,4.2,Good
STU6211,7.03,1.0,1.0,61.6,NaN,58.2,60.2,2.8,Weekly,2.2,Actively Use,1.4,0.6,1.0,3.1,6.4,54.0,2.7,At-Risk
STU7000,9.27,0.0,0.0,96.4,91.3,78.2,86.4,7.2,Daily,NaN,Keep Away,0.1,2.1,5.0,6.2,7.1,14.0,3.7,Good
STU5221,8.0,0.0,0.0,89.5,89.3,89.1,82.0,7.4,Weekly,0.8,NaN,0.5,1.7,6.0,3.4,8.1,NaN,6.1,Good
STU6418,6.31,1.0,1.0,60.6,74.9,60.1,67.8,3.9,Weekly,2.9,Actively Use,0.8,0.6,0.0,1.6,6.3,50.0,1.1,At-Risk
STU6087,7.35,2.0,NaN,69.5,83.3,63.8,69.1,2.6,Weekly,2.6,Silent,1.1,0.9,2.0,2.2,7.9,40.0,2.8,Average
STU5761,6.41,1.0,1.0,72.4,62.0,62.3,50.9,2.2,monthly,3.4,SILENT,1.2,0.6,0.0,2.4,6.1,46.0,2.0,At-Risk
STU0936,7.66,0.0,0.0,85.8,96.9,99.7,82.3,5.3,weekly,1.3,Keep Away,0.9,1.5,3.0,5.2,NaN,1.0,5.4,Good
STU7330,5.83,2.0,NaN,71.3,59.8,51.1,52.6,3.5,Weekly,3.6,actively use,2.0,1.2,2.0,1.7,6.4,40.0,3.3,At-Risk
STU5961,5.92,2.0,1.0,57.3,59.8,69.4,59.4,2.1,Weekly,3.3,Silent,1.0,NaN,1.0,1.6,7.3,27.0,3.4,Average
STU2746,9.01,0.0,0.0,90.3,NaN,93.6,73.2,6.9,Daily,1.5,Keep Away,0.7,2.4,3.0,3.2,7.9,NaN,6.3,Good
STU1934,8.38,0.0,0.0,92.4,92.8,69.6,89.9,6.1,Weekly,1.7,Keep Away,0.3,2.5,3.0,6.7,7.4,6.0,6.6,Good
STU5719,9.28,0.0,0.0,77.4,95.9,94.9,91.9,4.7,Weekly,0.4,Keep Away,0.2,1.2,4.0,7.7,NaN,25.0,3.4,Good
STU4929,5.93,1.0,1.0,71.2,70.8,55.0,62.0,3.3,MONTHLY,3.5, Keep Away ,1.6,1.4,2.0,3.5,7.1,49.0,1.1,Average
STU0929,6.12,2.0,1.0,75.1,77.3,70.1,NaN,4.1,Monthly,2.5,Silent,1.7,0.5,0.0,NaN,13.0,48.0,2.0,At-Risk
STU4669,7.05,2.0,1.0,68.4,70.3,65.2,64.0,4.2,MONTHLY,3.0,Silent,1.5,0.7,2.0,3.4,NaN,40.0,3.2,Average
STU3863,8.58,0.0,0.0,92.4,85.1,87.7,97.5,6.7,daily,0.5,Keep Away,0.1,2.0,6.0,7.8,8.6,21.0,5.3,Good
STU6291,9.12,0.0,0.0,81.8,96.2,96.2,71.9,3.8,Daily,0.3,Silent,0.8,1.2,5.0,4.9,7.3,5.0,4.7,Good
STU3002,8.42,0.0,0.0,94.7,99.2,80.3,97.0,6.4,NaN,1.9,Keep Away,0.1,1.5,4.0,4.6,7.6,22.0,3.7,Good
STU1579,4.8,2.0,2.0,53.8,19.1,37.3,39.6,0.5,Monthly,5.2,Actively Use,4.8,0.4,1.0,NaN,4.3,62.0,NaN,At-Risk
STU2510,8.71,NaN,0.0,77.5,87.8,78.7,89.3,4.7,Daily,1.3,Keep Away,0.1,1.4,6.0,NaN,NaN,3.0,3.7,Good
STU0898,9.49,0.0,0.0,89.0,97.8,79.5,85.8,6.5,Daily,NaN,Keep Away,0.7,NaN,4.0,4.0,7.5,30.0,3.0,Good
STU6402,9.95,0.0,0.0,89.1,102.2,82.6,NaN,6.0,Weekly,0.4,Keep Away,NaN,1.1,5.0,4.8,8.8,10.0,5.0,Good
STU3957,8.49,0.0,0.0,78.4,98.0,73.6,90.5,4.4,Daily,1.7,Silent,0.1,1.5,6.0,6.2,7.4,22.0,5.1,Good
STU5657,9.43,0.0,0.0,86.0,97.6,92.0,NaN,4.7,Daily,0.2,Keep Away,NaN,1.5,5.0,NaN,7.3,28.0,4.2,Good
STU4303,4.21,3.0,2.0,41.5,60.1,20.8,NaN,0.6,ONLY BEFORE EXAM,5.4,Actively Use,1.9,0.2,0.0,NaN,4.1,119.0,0.6,At-Risk
STU3019,9.75,0.0,0.0,NaN,93.7,NaN,97.0,7.7,Daily,1.3,Keep Away,0.0,2.0,3.0,7.4,8.3,7.0,6.5,Good
STU0803,8.47,0.0,NaN,82.2,95.6,93.3,69.7,5.7,Daily,0.6,Silent,0.7,1.2,3.0,6.3,7.6,6.0,3.8,Good
STU1919,9.46,0.0,0.0,87.7,86.7,85.5,92.6,4.1,Daily,0.5,Keep Away,0.2,1.8,5.0,6.8,8.5,0.0,NaN,Good
STU6765,8.24,0.0,0.0,76.2,93.5,78.6,NaN,6.8,Weekly,0.6,Keep Away,NaN,1.1,5.0,5.9,8.3,28.0,3.4,Good
STU0207,9.77,0.0,0.0,93.7,94.8,96.2,75.3,7.4,Daily,0.3,Keep Away,0.8,1.6,4.0,7.4,9.1,21.0,3.6,Good
STU3100,3.6,2.0,1.0,47.9,23.6,27.2,32.4,1.0,MONTHLY,4.7,NaN,1.4,0.4,1.0,1.6,5.2,55.0,NaN,At-Risk
STU2988,8.75,0.0,0.0,88.6,95.2,99.0,78.3,5.0,Weekly,0.6,Keep Away,0.7,2.9,4.0,7.9,8.9,NaN,6.5,Good
STU0070,6.98,1.0,1.0,66.1,70.2,59.3,53.3,2.2,MONTHLY,3.0,KEEP AWAY,1.1,1.4,2.0,2.1,7.3,NaN,2.9,Average
STU2386,8.83,0.0,0.0,86.8,95.1,84.7,95.6,4.5,DAILY,1.3,Keep Away,0.7,2.8,6.0,NaN,8.0,13.0,4.7,Good
STU6605,8.52,0.0,0.0,82.3,98.4,81.6,71.7,5.5,weekly,1.6,Keep Away,0.7,2.7,3.0,3.7,7.4,30.0,3.9,Good
STU4623,9.6,0.0,0.0,NaN,95.1,82.6,78.6,NaN,Daily,1.8,Keep Away,0.5,1.3,3.0,4.5,9.0,18.0,3.4,Good
STU0993,4.75,4.0,3.0,48.1,NaN,31.8,35.5,-0.2,Monthly,7.6,Actively Use,3.4,0.2,1.0,1.8,6.7,70.0,2.0,At-Risk
STU3320,9.98,0.0,0.0,83.3,98.1,85.6,89.4,NaN,WEEKLY,NaN,Silent,0.3,2.9,4.0,3.3,7.5,13.0,6.6,Good
STU3374,9.69,0.0,0.0,97.6,93.2,92.3,70.3,6.3,Daily,0.7,keep away,1.0,2.8,3.0,7.0,7.0,6.0,4.6,Good
STU3665,4.67,3.0,1.0,42.2,31.2,34.7,26.3,0.8,MONTHLY,6.8,SILENT,1.1,NaN,0.0,0.0,5.5,98.0,NaN,At-Risk
STU2167,8.55,0.0,0.0,95.7,87.5,80.8,96.7,NaN,Weekly,1.6,KEEP AWAY,0.8,1.1,6.0,4.0,8.1,12.0,4.5,Good
STU4031,7.53,0.0,0.0,NaN,NaN,81.2,100.1,5.6,NaN,1.7,Silent,0.2,1.5,5.0,5.8,7.0,29.0,NaN,Good
STU0859,5.19,4.0,2.0,40.3,NaN,46.6,46.5,1.9,Never,3.3,Actively Use,5.0,0.3,1.0,1.4,6.7,108.0,0.5,At-Risk
STU0466,3.1,3.0,NaN,40.8,52.9,40.2,34.4,0.0,Never,5.4,Actively Use,2.9,0.9,0.0,NaN,5.0,98.0,1.1,At-Risk
STU0297,8.95,0.0,0.0,89.0,87.8,89.7,81.0,6.1,Weekly,0.2,Keep Away,NaN,1.6,4.0,NaN,7.2,25.0,NaN,Good
STU5151,9.84,0.0,0.0,99.7,99.9,72.1,81.2,4.5,Weekly,0.5,Keep Away,0.0,2.3,3.0,NaN,8.9,18.0,4.9,Good
STU1359,3.59,2.0,2.0,54.2,39.2,39.4,31.0,1.3,Monthly,5.2,actively use,2.4,0.6,1.0,NaN,4.9,93.0,0.3,At-Risk
STU5924,6.05,1.0,1.0,74.3,NaN,65.2,73.0,2.4, Monthly ,2.4,Actively Use,0.7,0.7,2.0,2.9,6.3,36.0,2.4,At-Risk
STU4172,6.02,1.0,1.0,72.1,76.6,64.8,63.6,2.4,Weekly,3.1,Actively Use,1.1,0.8,1.0,1.6,7.5,60.0,1.3,At-Risk
STU7154,8.75,0.0,NaN,97.9,92.2,90.5,81.1,6.2,DAILY,1.2,KEEP AWAY,0.9,1.1,5.0,7.7,8.0,0.0,4.9,Good
STU5082,7.98,0.0,0.0,95.6,89.1,74.8,99.7,5.9,Daily,0.4,Keep Away,0.9,1.5,5.0,7.6,7.3,29.0,NaN,Good
STU5829,8.43,0.0,0.0,89.1,89.2,99.9,91.2,4.1,Daily,0.7,NaN,0.1,1.5,4.0,4.4,NaN,NaN,5.9,Good
STU2544,4.36,4.0,1.0,54.3,27.9,20.0,21.8,0.8,Only Before Exam,6.5,Actively Use,3.3,0.5,0.0,0.7,4.9,112.0,0.8,At-Risk
STU4277,3.01,2.0,2.0,51.1,34.0,29.4,40.6,0.6,Never,6.4,Silent,NaN,0.0,0.0,1.1,6.9,108.0,NaN,At-Risk
STU2091,9.9,0.0,0.0,103.3,94.7,89.6,87.2,6.7,Daily,NaN,NaN,0.5,2.2,3.0,5.7,8.2,12.0,6.6,Good
STU4462,8.0,0.0,0.0,85.2,99.4,82.2,73.3,4.7,Daily,1.1,Silent,0.2,NaN,NaN,6.6,8.8,0.0,6.4,Good
STU1256,3.04,5.0,NaN,34.7,22.7,26.1,22.8,1.3,Monthly,3.2,Actively Use,3.5,0.1,0.0,1.9,7.0,57.0,0.5,At-Risk
STU2155,9.93,0.0,0.0,83.4,87.9,85.7,86.5,7.1,Weekly,0.9,Silent,0.4,2.1,5.0,5.0,8.6,6.0,6.4,Good
STU1288,8.64,0.0,0.0,82.2,92.5,79.7,80.6,5.3,Weekly,1.4,KEEP AWAY,0.2,3.0,6.0,5.5,7.5,29.0,4.9,Good
STU2873,6.98,1.0,1.0,NaN,76.0,66.4,57.8,NaN,Monthly,3.5,ACTIVELY USE,1.4,0.7,2.0,2.6,7.4,27.0,1.7,Average
STU6755,NaN,0.0,0.0,78.9,89.8,72.7,76.1,6.0,Weekly,0.1,Keep Away,0.1,1.2,5.0,3.6,7.0,4.0,5.4,Good
STU6121,8.74,0.0,0.0,78.3,88.7,96.0,94.5,6.3,Weekly,1.4,Keep Away,0.8,1.1,4.0,NaN,8.5,14.0,5.4,Good
STU2184,4.55,2.0,1.0,NaN,NaN,26.8,26.0,1.0,Monthly,7.0,Actively Use,2.8,0.6,0.0,0.9,5.7,118.0,1.6,At-Risk
STU3026,8.12,0.0,0.0,97.1,87.2,90.1,99.5,4.2,NaN,NaN,keep away,0.2,1.4,4.0,3.6,8.3,6.0,NaN,Good
STU6329,7.0,2.0,NaN,73.3,76.2,53.0,NaN,2.9,weekly,2.6,Actively Use,0.8,1.1,2.0,2.5,NaN,50.0,1.5,At-Risk
STU4819,6.52,2.0,2.0,71.6,82.6,61.0,56.9,2.6,Monthly,3.2,SILENT,0.9,1.4,1.0,NaN,8.1,23.0,1.3,Average
STU7375,8.92,0.0,0.0,84.3,86.6,74.5,97.0,7.1, Weekly ,1.6, Silent ,0.1,1.1,3.0,3.1,7.9,3.0,5.0,Good
STU4036,3.71,3.0,2.0,33.8,25.5,33.5,25.5,1.3,MONTHLY,3.0,Silent,4.8,1.0,1.0,0.6,5.0,76.0,0.2,At-Risk
STU4991,8.85,0.0,0.0,78.8,94.3,71.9,NaN,NaN,DAILY,0.5,SILENT,NaN,1.8,5.0,6.9,8.3,1.0,4.3,Good
STU3896,7.82,0.0,0.0,94.5,89.8,92.0,95.1,4.4,Daily,1.9,Keep Away,0.6,1.1,5.0,4.6,8.9,2.0,5.4,Good
STU0837,5.19,5.0,2.0,51.9,46.4,NaN,42.5,0.6,Monthly,5.7,Actively Use,1.4,0.9,1.0,NaN,4.8,113.0,1.1,At-Risk
STU0546,5.88,2.0,1.0,70.6,84.5,55.6,60.2,NaN,MONTHLY,3.1,NaN,1.3,0.6,0.0,2.3,6.7,34.0,2.6,At-Risk
STU2410,4.79,5.0,1.0,41.8,34.9,20.5,31.6,1.3,Monthly,5.3,Actively Use,2.8,0.3,1.0,0.5,4.1,108.0,1.2,At-Risk
STU3210,7.73,0.0,0.0,78.8,95.5,79.3,81.1,7.2,Daily,NaN,Keep Away,NaN,1.6,3.0,3.4,7.9,27.0,3.7,Good
STU5308,8.16,0.0,0.0,NaN,88.6,82.8,90.7,7.7,daily,0.4,Keep Away,0.3,2.0,4.0,6.1,8.0,23.0,6.2,Good
STU0430,9.06,0.0,0.0,78.6,87.2,75.8,NaN,7.2,Weekly,1.3,Keep Away,0.3,1.4,5.0,6.8,8.1,11.0,NaN,Good
STU5488,9.67,0.0,0.0,87.1,99.7,91.1,73.0,4.4,WEEKLY,1.3,Keep Away,0.4,1.4,2.0,7.3,8.9,8.0,6.2,Good
STU6740,7.65,0.0,0.0,76.5,96.6,71.2,73.7,7.4,daily,1.1,Keep Away,0.9,1.8,4.0,4.9,7.4,23.0,6.7,Good
STU1980,9.83,0.0,NaN,91.1,96.6,75.6,97.0,5.9,Daily,0.4,Silent,0.1,1.6,3.0,3.2,7.5,4.0,3.2,Good
STU5212,9.37,0.0,0.0,82.4,96.9,77.3,75.2,8.0,Daily,0.6,silent,NaN,2.7,5.0,4.7,7.6,19.0,6.1,Good
STU5164,9.86,0.0,NaN,85.4,95.5,NaN,NaN,4.8,NaN,0.9,SILENT,0.9,2.2,4.0,3.4,7.5,25.0,3.9,Good
STU0269,7.91,0.0,0.0,74.3,94.4,92.1,85.1,4.5,Weekly,0.4,silent,0.0,1.3,6.0,7.5,7.5,2.0,4.4,Good
STU3932,7.6,0.0,0.0,94.8,NaN,82.9,78.3,5.2,Weekly,1.6,Keep Away,0.7,2.6,4.0,NaN,NaN,6.0,4.0,Good
STU6895,9.12,0.0,0.0,88.5,94.8,100.9,NaN,5.7,Weekly,0.7,Silent,0.0,NaN,5.0,NaN,8.9,NaN,6.1,Good
STU0018,9.02,0.0,NaN,73.0,86.8,87.1,69.3,4.4,Weekly,1.0,Keep Away,0.7,2.3,2.0,4.1,8.3,6.0,3.9,Good
STU1152,3.78,4.0,2.0,33.3,44.1,24.6,26.5,1.1,Never,6.2,Actively Use,1.5,0.2,0.0,0.5,6.9,66.0,0.8,At-Risk
STU0253,7.64,0.0,0.0,83.6,96.0,88.0,NaN,6.9,Weekly,0.4,keep away,0.4,2.5,2.0,3.5,7.4,10.0,4.1,Good
STU1505,5.56,2.0,NaN,72.9,64.9,NaN,66.9,3.3,Monthly,2.3,Keep Away,1.5,1.4,NaN,2.3,7.0,34.0,2.3,Average
STU3470,6.51,2.0,2.0,62.2,75.2,55.9,51.8,3.5,WEEKLY,2.8,Actively Use,0.7,0.7,0.0,NaN,7.3,41.0,2.5,At-Risk
STU4193,5.7,2.0,1.0,64.1,69.7,63.1,58.0,NaN,Weekly,NaN,KEEP AWAY,0.8,1.3,2.0,2.1,6.2,33.0,3.9,Average
STU5179,7.14,1.0,1.0,73.0,70.7,63.8,50.5,3.4,Weekly,3.7,Keep Away,0.6,0.8,1.0,1.3,6.5,58.0,3.3,Average
STU4474,8.3,0.0,0.0,88.2,89.3,85.4,94.3,6.6,Daily,1.7,Keep Away,0.6,2.8,6.0,3.7,8.2,18.0,5.4,Good
STU3536,5.24,5.0,3.0,47.5,20.3,29.5,38.1,1.2,NaN,6.5,Silent,4.0,0.5,1.0,2.0,6.8,66.0,0.1,At-Risk
STU2161,8.55,0.0,0.0,97.4,89.3,71.5,89.1,4.0,Weekly,0.6,keep away,0.4,2.1,3.0,8.0,7.4,NaN,4.5,Good
STU5373,9.88,0.0,0.0,94.0,98.7,84.5,75.1,6.4,DAILY,0.9,Keep Away,0.4,1.7,5.0,6.3,8.3,3.0,3.6,Good
STU5694,6.89,1.0,1.0,62.6,66.8,68.6,55.0,3.1,monthly,2.5,Keep Away,1.9,1.2,0.0,NaN,7.9,50.0,2.6,Average
STU0077,4.56,4.0,2.0,40.0,45.0,32.9,28.7,1.6,Only Before Exam,6.8,Silent,1.6,0.9,0.0,1.0,6.6,88.0,NaN,At-Risk
STU4905,9.58,0.0,0.0,76.8,89.2,82.0,89.7,5.3,Daily,0.4,Keep Away,0.4,2.9,4.0,5.2,7.4,27.0,3.0,Good
STU5241,8.18,0.0,0.0,88.1,95.2,86.3,73.2,4.6,NaN,1.4,SILENT,NaN,NaN,6.0,NaN,7.7,11.0,5.1,Good
STU3093,7.63,0.0,0.0,76.3,97.4,78.6,99.4,5.0,NaN,NaN,Silent,0.1,1.5,3.0,7.9,7.5,21.0,3.5,Good
STU3958,7.81,0.0,0.0,80.7,96.8,70.1,75.9,5.1,DAILY,0.2,Keep Away,0.1,1.6,3.0,3.5,8.7,9.0,3.3,Good
STU5071,9.06,0.0,0.0,91.9,NaN,81.6,85.5,7.6,Daily,1.3,Silent,0.9,2.2,6.0,6.7,7.0,16.0,4.4,Good
STU3500,5.94,NaN,1.0,72.0,62.5,63.0,66.7,3.4,Monthly,2.5, Silent ,1.8,1.3,0.0,2.5,7.1,56.0,NaN,At-Risk
STU1080,9.71,0.0,0.0,73.9,92.0,96.5,86.9,5.1,Weekly,0.7, Keep Away ,0.7,2.9,2.0,7.5,7.6,26.0,7.0,Good
STU3915,3.78,2.0,2.0,42.4,48.5,34.7,22.9,1.1,monthly,3.1,Actively Use,2.4,0.5,1.0,NaN,5.4,75.0,0.3,At-Risk
STU4527,5.68,2.0,1.0,69.5,62.5,NaN,NaN,3.6,Weekly,2.8,Actively Use,NaN,0.7,1.0,NaN,6.6,19.0,2.3,At-Risk
STU7361,9.55,0.0,0.0,92.5,98.0,95.7,81.4,5.6,Daily,NaN,Keep Away,0.7,1.0,5.0,5.7,7.0,26.0,4.8,Good
STU6477,4.22,4.0,3.0,48.1,44.1,43.6,46.4,0.7,NEVER,5.1,NaN,1.1,0.5,0.0,0.3,5.9,63.0,1.6,At-Risk
STU5090,9.96,0.0,0.0,75.7,89.9,76.6,78.4,4.6,daily,1.3,keep away,0.4,3.0,5.0,6.3,8.8,13.0,4.0,Good
STU3514,4.1,5.0,4.0,35.5,44.6,40.2,42.6,0.6,MONTHLY,8.1,silent,1.3,0.1,0.0,1.8,6.0,89.0,0.7,At-Risk
STU4118,8.71,0.0,0.0,76.9,89.4,74.7,79.5,4.9,Weekly,NaN, Silent ,0.5,2.0,6.0,5.9,7.8,13.0,NaN,Good
STU6275,8.25,0.0,0.0,86.8,NaN,97.8,78.7,7.1,Weekly,2.4,Keep Away,1.0,2.3,3.0,5.7,7.6,12.0,6.4,Good
STU7161,9.52,0.0,0.0,83.5,85.8,91.4,74.1,5.9,Weekly,0.1,keep away,0.4,2.8,2.0,NaN,7.5,27.0,5.9,Good
STU5250,6.14,2.0,2.0,65.0,68.0,51.6,NaN,1.9, Monthly ,3.0,KEEP AWAY,NaN,0.8,2.0,3.5,7.8,23.0,1.4,Average
STU7086,NaN,1.0,1.0,74.5,71.5,52.6,60.1,NaN,MONTHLY,3.9,keep away,1.2,0.7,2.0,2.7,8.0,22.0,1.5,Average
STU0908,8.78,0.0,0.0,92.6,85.4,77.1,90.6,4.1,Weekly,1.6,Silent,0.1,2.7,2.0,4.8,8.2,28.0,3.6,Good
STU6408,9.37,0.0,0.0,78.6,86.2,93.6,99.6,4.2,Weekly,0.5,SILENT,0.6,2.9,5.0,NaN,8.7,4.0,6.7,Good
STU6517,6.23,2.0,2.0,64.7,76.6,60.9,54.8,2.1,Weekly,2.4,Actively Use,NaN,0.8,0.0,1.1,6.8,15.0,3.5,At-Risk
STU6251,5.5,2.0,1.0,74.7,71.8,65.4,68.3,2.7,Weekly,3.0,ACTIVELY USE,0.8,1.4,2.0,2.9,6.4,28.0,2.7,Average
STU3968,7.23,2.0,1.0,63.5,66.2,NaN,60.5,NaN,NaN,2.6,Actively Use,1.9,1.5,0.0,1.0,6.5,44.0,1.1,At-Risk
STU2229,5.43,4.0,1.0,46.0,34.8,40.1,42.0,-0.0,Only Before Exam,5.4,Actively Use,4.0,0.5,0.0,1.6,5.6,82.0,2.0,At-Risk
STU4960,9.54,0.0,NaN,82.0,85.8,NaN,103.7,4.0,Daily,1.0,Keep Away,0.7,2.6,2.0,6.7,7.2,29.0,NaN,Good
STU7308,8.13,0.0,0.0,89.5,93.5,81.0,85.9,5.0,Daily,1.1,Keep Away,0.7,1.7,4.0,5.1,7.4,23.0,5.5,Good
STU3280,9.27,0.0,0.0,96.4,98.9,86.0,82.4,7.3,Weekly,1.0,Silent,0.6,1.9,2.0,4.9,8.0,NaN,4.5,Good
STU6881,6.15,2.0,2.0,72.1,78.0,58.5,59.2,2.8,Monthly,4.0,actively use,1.5,1.0,2.0,2.9,6.3,56.0,1.9,At-Risk
STU3860,3.1,NaN,2.0,50.1,55.6,30.4,28.4,0.8,Only Before Exam,6.1,Actively Use,1.8,0.8,0.0,0.4,4.1,77.0,1.0,At-Risk
STU5728,7.05,2.0,1.0,69.9,81.6,55.6,59.4,3.9,Weekly,2.7,SILENT,1.2,1.4,2.0,3.2,7.3,56.0,NaN,Average
STU6060,9.04,0.0,0.0,98.2,86.1,92.1,NaN,6.5,Daily,1.6,Silent,0.7,1.3,5.0,3.6,8.7,12.0,3.3,Good
STU4684,7.78,0.0,0.0,92.1,88.5,94.0,93.4,7.7,Daily,0.4,Silent,0.8,2.8,3.0,3.2,9.0,30.0,4.2,Good
STU6137,5.8,2.0,1.0,65.2,73.0,56.1,57.2,2.1,Weekly,2.1,silent,0.5,0.7,1.0,3.6,6.8,51.0,1.4,Average
STU1636,9.44,0.0,0.0,86.7,86.9,92.8,76.2,5.3,Daily,0.5,Silent,0.7,NaN,6.0,NaN,7.7,30.0,3.4,Good
STU2062,8.75,0.0,NaN,79.4,96.2,NaN,85.2,6.0, Daily ,1.9,Keep Away,0.7,1.6,2.0,4.2,7.4,15.0,6.0,Good
STU4154,5.89,1.0,1.0,68.6,63.3,58.2,60.9,3.6,Weekly,3.5,Keep Away,0.8,1.5,1.0,1.5,6.2,17.0,3.0,Average
STU7169,8.42,0.0,0.0,93.8,95.0,89.7,93.3,6.8,Daily,0.6,Keep Away,NaN,NaN,3.0,3.8,8.4,27.0,5.7,Good
STU6410,5.76,2.0,1.0,69.5,69.6,62.1,64.6,3.5,Monthly,2.5,Keep Away,NaN,0.6,0.0,1.2,6.6,31.0,2.6,At-Risk
STU2193,3.3,4.0,3.0,30.2,33.7,50.9,28.8,1.3,Monthly,3.5,NaN,3.4,1.0,1.0,0.6,6.3,70.0,2.0,At-Risk
STU1473,9.13,0.0,0.0,77.7,91.4,87.2,83.4,6.4,Daily,0.1,keep away,0.7,2.4,2.0,3.6,8.1,23.0,5.3,Good
STU6659,3.76,3.0,3.0,54.4,29.1,30.5,41.4,0.9,Only Before Exam,6.4,NaN,3.6,0.7,1.0,0.8,NaN,NaN,1.7,At-Risk
STU1204,9.3,0.0,0.0,87.3,94.0,80.2,77.2,5.6,DAILY,NaN,KEEP AWAY,0.8,1.7,2.0,5.0,8.9,10.0,5.0,Good
STU5416,9.36,0.0,0.0,81.6,95.9,94.7,99.6,6.4,Weekly,1.0, Keep Away ,0.6,2.0,5.0,3.8,NaN,23.0,6.9,Good
STU6310,7.39,2.0,1.0,71.4,67.4,53.5,NaN,2.2,Monthly,4.3,Keep Away,1.0,1.4,0.0,NaN,7.9,26.0,2.3,Average
STU6790,8.36,0.0,0.0,79.0,99.9,98.2,74.3,NaN,Weekly,1.1,KEEP AWAY,0.4,2.4,2.0,5.5,8.2,7.0,5.7,Good
STU3076,7.28,1.0,1.0,70.0,65.0,64.9,66.7,3.3,Monthly,2.6,Silent,1.4,0.8,1.0,3.0,NaN,26.0,3.8,Average
STU3072,3.98,3.0,3.0,35.3,26.6,31.6,NaN,0.8,MONTHLY,4.7,Silent,1.7,0.4,0.0,0.2,6.6,NaN,NaN,At-Risk
STU3603,8.06,0.0,0.0,96.9,88.5,86.3,92.6,4.0,Weekly,1.7,keep away,0.7,1.1,6.0,7.5,8.0,NaN,5.6,Good
STU5748,7.63,0.0,0.0,88.3,97.0,88.2,72.6,5.7,Weekly,NaN,Keep Away,NaN,2.7,3.0,3.6,7.3,13.0,4.6,Good
STU1580,6.66,1.0,1.0,65.1,82.6,53.1,66.1,3.2,Weekly,NaN,KEEP AWAY,NaN,0.9,0.0,3.4,6.8,25.0,3.6,Average
STU1305,7.99,0.0,0.0,76.9,82.9,NaN,93.2,4.8,daily,1.6,Keep Away,0.3,1.8,2.0,7.9,7.5,18.0,4.5,Good
STU0347,6.92,1.0,1.0,63.3,68.1,NaN,58.7,3.7,WEEKLY,3.8,Silent,1.3,1.0,0.0,1.3,7.1,57.0,2.1,Average
STU1644,7.56,0.0,0.0,95.2,95.8,73.6,85.9,5.3,Daily,1.2,Silent,0.4,NaN,6.0,6.5,7.4,25.0,3.2,Good
STU2991,8.14,0.0,0.0,83.2,92.1,79.7,99.1,7.0,WEEKLY,0.7,Keep Away,0.8,1.9,5.0,3.1,8.1,10.0,5.5,Good
STU0834,5.24,5.0,NaN,51.0,34.9,NaN,27.5,0.7,MONTHLY,3.9,Actively Use,3.4,0.5,0.0,1.7,3.9,41.0,1.3,At-Risk
STU1165,4.91,5.0,1.0,46.9,27.3,35.0,44.1,2.1,Only Before Exam,NaN,Actively Use,1.8,0.6,0.0,0.7,4.1,98.0,NaN,At-Risk
STU6163,6.83,2.0,2.0,61.0,79.6,52.4,71.5,2.1,Weekly,3.9,silent,1.7,0.7,2.0,1.5,6.1,42.0,1.7,At-Risk
STU6182,7.76,0.0,0.0,94.9,99.0,80.6,74.3,6.7,Daily,0.8,Silent,0.2,1.2,5.0,4.0,7.7,15.0,6.2,Good
STU1492,9.85,0.0,0.0,91.6,89.1,90.9,73.2,7.2,Weekly,1.2,NaN,0.4,1.1,2.0,4.9,8.8,29.0,3.1,Good
STU3051,5.45,5.0,1.0,40.7,29.4,27.4,39.0,1.3,Monthly,6.7,Actively Use,1.3,0.6,0.0,1.9,4.3,66.0,0.2,At-Risk
STU5994,6.9,1.0,1.0,66.0,81.0,53.5,52.9,3.5,monthly,NaN,Keep Away,1.6,0.5,2.0,3.0,6.0,42.0,3.3,Average
STU0264,9.84,0.0,0.0,74.5,100.3,79.3,82.6,4.0,Weekly,0.3,Keep Away,0.5,NaN,3.0,5.5,8.9,27.0,3.4,Good
STU0382,5.98,2.0,1.0,68.9,80.6,55.6,59.5,2.2, Weekly ,4.0,Actively Use,1.5,1.4,0.0,NaN,7.5,34.0,3.3,At-Risk
STU0614,7.47,2.0,1.0,73.9,63.9,69.3,64.9,3.0,MONTHLY,3.2,Actively Use,1.8,1.0,0.0,2.1,7.0,60.0,2.7,At-Risk
STU4135,9.4,0.0,0.0,83.8,88.0,95.7,96.6,4.6,Daily,2.1, Keep Away ,NaN,2.3,6.0,5.6,7.4,23.0,3.5,Good
STU0216,5.75,NaN,1.0,75.6,72.7,60.7,62.1,2.9,Weekly,2.1,Silent,1.5,0.7,1.0,3.1,7.5,17.0,3.4,Average
STU6530,8.03,0.0,0.0,91.4,93.4,92.3,86.7,NaN,Weekly,1.0,KEEP AWAY,0.5,2.6,4.0,4.0,8.7,21.0,4.5,Good
STU4837,8.99,0.0,0.0,101.0,99.6,101.2,83.8,5.3,Weekly,1.4,SILENT,0.6,1.6,6.0,6.2,8.2,25.0,6.6,Good
STU3427,6.38,1.0,1.0,65.1,67.4,60.4,55.6,3.3,Monthly,2.7,Keep Away,1.8,0.9,2.0,2.3,7.2,39.0,1.4,Average
STU2866,9.17,0.0,0.0,78.9,96.2,79.7,79.7,4.8, Weekly ,0.4,Keep Away,0.1,1.6,4.0,7.3,8.3,21.0,6.5,Good
STU3387,7.88,0.0,0.0,80.1,85.1,78.2,NaN,4.9,Daily,0.6,Keep Away,NaN,1.2,3.0,4.8,7.4,6.0,NaN,Good
STU1113,6.63,1.0,1.0,63.4,74.4,52.3,58.0,2.9,Monthly,3.9,Silent,0.9,1.4,1.0,2.9,6.0,27.0,3.2,Average
STU3404,8.55,0.0,0.0,87.6,93.5,NaN,88.4,4.5, Daily ,1.5,Silent,0.2,1.6,5.0,3.9,8.4,12.0,5.3,Good
STU5962,8.13,0.0,0.0,89.8,85.0,76.3,77.9,4.4,Daily,0.9,Keep Away,0.6,1.1,6.0,3.7,8.8,17.0,3.9,Good
STU4741,7.83,0.0,0.0,93.6,92.0,NaN,95.6,4.1,daily,0.8,Keep Away,NaN,1.9,2.0,7.5,6.7,16.0,5.0,Good
STU1694,7.06,2.0,1.0,67.9,63.6,69.2,65.4,3.1,NaN,2.7,SILENT,1.8,0.7,2.0,1.9,6.0,52.0,3.3,Average
STU6906,7.84,0.0,0.0,96.7,84.4,96.7,75.5,7.2,Daily,1.5,Keep Away,0.8,2.1,3.0,4.7,7.4,4.0,6.8,Good
STU3056,3.58,3.0,NaN,43.5,50.1,36.7,27.2,0.6,Monthly,3.3,Actively Use,4.8,NaN,1.0,0.1,4.4,90.0,1.2,At-Risk
STU0033,6.97,1.0,1.0,71.1,NaN,55.1,63.9,NaN,Monthly,4.2,Keep Away,1.1,0.9,2.0,3.3,6.6,NaN,3.8,Average
STU0115,3.45,5.0,1.0,116.6,59.4,26.4,49.5,1.1,ONLY BEFORE EXAM,4.3,Actively Use,4.5,0.4,1.0,1.0,5.1,67.0,1.2,At-Risk
STU5184,7.55,0.0,0.0,79.1,86.8,74.2,77.3,4.9,DAILY,0.6,Silent,0.9,NaN,6.0,4.7,7.5,19.0,6.9,Good
STU5715,8.09,0.0,0.0,85.9,95.3,88.5,87.6,6.6,Daily,0.5,Silent,0.9,1.1,4.0,3.9,7.0,3.0,5.7,Good
STU3272,NaN,0.0,0.0,92.9,91.8,68.4,78.4,3.8,WEEKLY,0.8,KEEP AWAY,0.3,3.0,3.0,7.3,8.7,22.0,5.0,Good
STU0587,8.96,0.0,0.0,89.3,89.0,92.8,77.3,5.6,Weekly,1.1,Keep Away,NaN,2.6,3.0,5.0,8.2,NaN,3.6,Good
STU1348,6.34,2.0,2.0,73.0,72.5,69.4,58.6,3.4,Weekly,1.8,silent,1.5,1.4,1.0,3.8,8.0,NaN,NaN,At-Risk
STU4531,6.76,1.0,1.0,62.7,82.2,55.7,61.4,2.1,MONTHLY,NaN,Silent,NaN,NaN,0.0,2.3,6.5,18.0,2.5,At-Risk
STU1099,9.39,0.0,0.0,NaN,91.5,84.8,71.3,4.0,daily,0.3,SILENT,0.2,2.0,4.0,7.2,7.6,25.0,6.7,Good
STU0394,4.49,4.0,2.0,55.4,36.5,47.5,32.8,0.1,Never,3.9,Actively Use,2.7,0.2,NaN,0.0,6.7,91.0,1.7,At-Risk
STU5388,6.08,1.0,NaN,76.1,81.5,61.4,61.3,2.2,Weekly,3.3,Silent,1.9,1.4,0.0,1.3,NaN,22.0,3.9,Average
STU6616,9.58,0.0,0.0,93.5,90.1,79.4,85.6,7.4, Daily ,0.6,Keep Away,0.8,1.6,5.0,4.7,8.4,30.0,5.7,Good
STU4516,6.03,1.0,1.0,66.8,NaN,47.6,58.4,2.8,Monthly,2.5,Actively Use,0.9,0.5,2.0,3.4,6.6,16.0,1.7,Average
STU2446,6.17,1.0,1.0,74.1,57.6,51.9,49.0,2.1,Weekly,2.3,Actively Use,NaN,NaN,NaN,2.9,7.4,29.0,3.3,Average
STU3478,3.17,3.0,1.0,43.5,NaN,29.4,44.6,NaN,Monthly,8.0,Silent,1.1,0.1,0.0,0.6,5.6,106.0,0.4,At-Risk
STU2329,9.78,0.0,0.0,73.2,NaN,75.8,72.7,6.3,WEEKLY,1.5,Keep Away,0.4,1.1,3.0,7.5,8.3,8.0,4.1,Good
STU5415,7.7,0.0,0.0,82.9,94.6,77.3,73.5,4.3,Daily,0.8,Keep Away,0.1,1.7,3.0,3.9,7.7,20.0,4.8,Good
STU1710,8.02,0.0,0.0,80.6,88.9,87.7,101.9,6.6,Daily,NaN,Silent,0.4,1.6,5.0,7.6,9.0,21.0,5.0,Good
STU0984,5.95,2.0,1.0,62.7,64.2,58.3,52.2,2.6,Weekly,2.6,Keep Away,2.0,1.5,0.0,1.3,7.4,54.0,1.2,Average
STU4286,6.73,1.0,1.0,68.5,68.0,63.5,62.4,3.1,Monthly,3.4,Keep Away,1.4,0.7,2.0,NaN,6.6,53.0,3.2,Average
STU6216,6.39,2.0,2.0,71.0,80.9,55.3,72.2,NaN,WEEKLY,3.1,SILENT,1.0,0.6,2.0,2.4,6.7,31.0,3.1,At-Risk
STU0554,5.27,3.0,2.0,44.3,22.3,35.7,40.1,1.7,Only Before Exam,5.4,Actively Use,NaN,0.3,0.0,0.8,6.7,94.0,1.8,At-Risk
STU6361,6.16,2.0,1.0,58.1,68.1,63.7,61.8,2.4,Weekly,2.2,Keep Away,1.0,NaN,1.0,3.8,6.0,NaN,2.9,Average
STU3308,9.49,0.0,0.0,86.6,90.2,NaN,82.3,6.2,Daily,0.9,KEEP AWAY,0.6,2.5,3.0,6.5,7.4,2.0,5.3,Good
STU6916,9.23,0.0,0.0,98.3,85.8,86.9,81.5,6.1, Daily ,1.9,Keep Away,NaN,1.5,4.0,3.5,8.1,13.0,6.1,Good
STU1254,8.46,0.0,NaN,87.3,NaN,81.8,84.7,4.0,Weekly,0.4,KEEP AWAY,0.6,2.4,5.0,5.9,7.4,13.0,4.8,Good
STU4469,6.81,1.0,NaN,65.0,62.5,50.9,65.9,2.8,Monthly,2.1,Keep Away,NaN,0.8,2.0,2.2,7.9,44.0,1.0,Average
STU7354,9.88,NaN,0.0,84.1,93.3,74.1,96.7,4.5,Weekly,1.7,Keep Away,0.2,NaN,3.0,5.3,8.2,3.0,3.1,Good
STU5258,7.77,0.0,0.0,92.4,87.8,97.2,75.0,6.6,Daily,0.8, Keep Away ,NaN,1.1,3.0,5.4,7.9,10.0,3.2,Good
STU2788,6.63,1.0,1.0,72.4,66.1,61.9,66.0,NaN,Weekly,NaN,Silent,1.8,0.7,0.0,3.5,6.4,52.0,1.6,Average
STU5418,7.0,2.0,2.0,57.9,66.0,55.6,NaN,2.9,Monthly,3.2,Actively Use,1.3,1.5,2.0,1.5,7.3,53.0,NaN,At-Risk
STU5197,7.75,0.0,0.0,94.2,87.1,75.6,86.3,7.3,Weekly,1.2,silent,0.9,2.4,2.0,3.6,8.8,16.0,3.6,Good
STU0667,3.69,4.0,1.0,34.3,NaN,29.1,28.5,1.0,monthly,7.7,Actively Use,1.4,0.7,1.0,1.4,4.5,87.0,1.8,At-Risk
STU7332,6.63,1.0,1.0,63.1,65.6,69.1,66.5,2.2,Monthly,NaN,ACTIVELY USE,1.6,1.1,2.0,2.1,7.6,55.0,NaN,Average
STU2680,8.04,0.0,0.0,96.4,86.1,89.3,96.2,7.6,Weekly,1.1,Keep Away,1.0,1.8,5.0,4.1,8.1,6.0,5.6,Good
STU1414,5.83,2.0,2.0,55.0,83.4,69.2,66.5,3.7,Monthly,3.5,SILENT,1.5,NaN,2.0,3.1,7.2,20.0,NaN,Average
STU4735,9.39,0.0,0.0,87.5,87.4,82.7,99.7,7.5,Weekly,0.2,NaN,0.8,1.3,4.0,5.9,8.8,3.0,5.2,Good
STU0529,3.42,2.0,2.0,NaN,39.5,29.4,28.4,1.3,Monthly,6.2,Actively Use,4.3,0.4,1.0,0.1,4.8,81.0,2.0,At-Risk
STU5771,8.69,0.0,0.0,90.3,99.6,82.7,88.8,4.6,Daily,0.4,NaN,0.5,2.4,6.0,5.2,NaN,27.0,NaN,Good
STU2061,8.67,0.0,0.0,85.0,91.8,80.4,99.0,4.2,daily,1.4,SILENT,0.9,2.9,5.0,3.9,8.2,11.0,3.2,Good
STU0486,9.61,0.0,0.0,81.6,94.7,91.8,75.3,5.4,Daily,1.3,Silent,0.1,1.7,6.0,5.7,9.0,7.0,4.9,Good
STU3592,6.35,2.0,1.0,63.9,84.6,54.2,NaN,3.0,Weekly,NaN,Silent,1.9,1.1,1.0,NaN,6.5,35.0,3.8,Average
STU5697,6.56,2.0,2.0,71.0,67.9,52.1,69.3,3.5,Weekly,2.8, Actively Use ,NaN,0.5,0.0,1.2,6.9,40.0,1.7,At-Risk
STU6148,8.28,NaN,0.0,76.8,NaN,101.2,NaN,6.4,Daily,1.3,Keep Away,0.6,2.7,6.0,6.7,8.6,NaN,3.4,Good
STU5616,8.47,0.0,0.0,98.2,NaN,96.4,NaN,4.4,Daily,0.7,Silent,0.6,NaN,4.0,5.3,7.4,17.0,NaN,Good
STU5210,9.81,0.0,0.0,78.4,88.7,99.8,87.9,5.5,Daily,2.1, Silent ,NaN,1.4,4.0,3.9,8.6,14.0,6.1,Good
STU2782,4.88,5.0,4.0,36.1,30.2,48.5,49.3,1.1,Never,7.0,Actively Use,1.6,0.2,1.0,0.4,4.2,99.0,NaN,At-Risk
STU5604,6.82,1.0,1.0,65.5,79.0,60.3,70.2,3.6,Weekly,3.0,Silent,NaN,0.5,0.0,1.3,6.3,21.0,1.6,Average
STU3864,7.86,0.0,0.0,91.9,99.0,98.8,85.1,6.0,Weekly,1.0,Silent,0.9,NaN,2.0,4.3,8.3,11.0,6.5,Good
STU2918,9.28,0.0,0.0,83.5,96.8,96.1,82.7,5.6,Weekly,1.0,Silent,0.2,2.9,3.0,5.2,7.3,21.0,6.1,Good
STU6242,5.83,1.0,1.0,66.2,73.8,48.5,60.6,3.6,Weekly,3.9,Silent,1.0,NaN,1.0,3.3,6.6,51.0,2.6,Average
STU5698,8.65,0.0,0.0,87.1,NaN,88.1,87.4,5.8,Weekly,0.7,Keep Away,0.4,1.1,5.0,4.6,7.3,22.0,4.2,Good
STU6546,8.63,0.0,0.0,86.3,101.5,98.7,72.7,5.3,Daily,0.1,Silent,0.5,1.6,5.0,3.4,8.3,12.0,3.4,Good
STU1598,9.51,0.0,0.0,96.9,85.6,84.0,74.4,6.9,weekly,NaN,Keep Away,0.9,1.5,5.0,5.3,7.4,27.0,4.5,Good
STU4255,4.93,2.0,2.0,45.7,31.9,42.2,48.8,1.1, Monthly ,6.4,Actively Use,4.5,0.8,1.0,0.7,7.0,108.0,0.1,At-Risk
STU1468,5.54,1.0,1.0,61.8,60.2,60.5,57.8,3.0,MONTHLY,2.2,Silent,1.0,1.3,2.0,NaN,7.4,52.0,NaN,Average
STU7003,9.82,0.0,NaN,91.1,90.3,91.1,85.1,4.3,Weekly,0.1,Silent,0.0,2.6,6.0,7.4,8.1,11.0,NaN,Good
STU3289,7.8,0.0,0.0,80.5,90.5,97.9,NaN,5.3,Weekly,NaN,Keep Away,0.6,1.8,2.0,NaN,8.5,NaN,6.2,Good
STU4676,9.06,0.0,0.0,80.4,91.1,83.3,72.4,4.4,DAILY,1.3,KEEP AWAY,0.8,3.0,5.0,NaN,NaN,14.0,4.3,Good
STU5146,9.58,0.0,0.0,79.6,99.1,85.1,76.6,6.8,Daily,1.0,silent,0.6,2.7,4.0,4.3,7.4,3.0,7.0,Good
STU1124,7.73,0.0,NaN,91.9,92.5,97.0,88.8,4.1,Weekly,1.2,Keep Away,0.1,2.6,6.0,8.0,8.0,8.0,5.7,Good
STU6652,8.01,0.0,0.0,90.7,86.8,100.8,92.3,7.2,daily,1.2,Keep Away,0.6,1.4,2.0,7.6,8.2,19.0,4.7,Good
STU0227,8.37,0.0,0.0,83.1,87.3,79.6,87.7,7.8,WEEKLY,NaN,Silent,0.0,2.8,5.0,NaN,8.7,3.0,4.8,Good
STU1029,7.97,0.0,0.0,87.0,97.8,77.0,90.9,5.6,weekly,0.6,Keep Away,0.7,1.9,3.0,7.1,NaN,9.0,6.2,Good
STU3670,9.25,0.0,0.0,99.0,NaN,86.5,72.1,5.6,weekly,0.3,KEEP AWAY,0.3,NaN,3.0,NaN,8.7,NaN,3.6,Good
STU3904,3.19,3.0,2.0,37.5,33.4,36.8,34.0,0.2,Only Before Exam,5.5, Actively Use ,4.7,0.0,0.0,NaN,6.1,67.0,1.8,At-Risk
STU5574,7.28,2.0,1.0,59.6,60.8,51.2,58.0,2.6,NaN,2.2,KEEP AWAY,1.2,0.7,1.0,1.2,7.2,55.0,2.7,At-Risk
STU6504,NaN,0.0,0.0,92.7,97.6,93.2,98.1,7.9,WEEKLY,0.7,Silent,0.8,2.0,5.0,4.3,8.5,14.0,4.0,Good
STU0556,4.43,5.0,2.0,38.3,33.2,NaN,45.7,1.3, Never ,5.0,ACTIVELY USE,4.0,0.2,0.0,0.3,5.0,53.0,1.6,At-Risk
STU2138,8.75,0.0,NaN,96.2,98.7,NaN,96.6,5.9,Weekly,0.6,KEEP AWAY,0.8,1.2,4.0,7.4,8.2,5.0,6.5,Good
STU5744,9.17,0.0,0.0,98.7,92.5,100.2,96.3,7.3,Weekly,0.6,Silent,0.1,2.6,3.0,3.7,NaN,25.0,6.7,Good
STU7172,6.79,1.0,1.0,72.5,61.4,54.8,59.6,3.1,WEEKLY,2.3,Silent,1.9,1.3,1.0,2.1,7.2,17.0,2.1,Average
STU3687,5.01,3.0,2.0,52.8,44.3,35.1,47.2,0.3,Never,6.6,Actively Use,1.2,0.1,1.0,0.9,6.6,47.0,1.5,At-Risk
STU6283,6.14,1.0,1.0,59.9,74.7,50.2,51.0,2.2,Weekly,3.2,NaN,1.0,0.9,0.0,3.8,13.0,49.0,1.2,At-Risk
STU5775,7.62,0.0,0.0,98.4,92.5,91.3,74.5,7.3,Weekly,1.8,Keep Away,0.5,2.3,5.0,5.6,8.3,26.0,6.6,Good
STU0708,9.3,0.0,0.0,94.7,85.5,84.0,75.1,4.8,NaN,1.7,NaN,0.1,1.9,3.0,NaN,7.4,5.0,6.9,Good
STU6255,6.62,1.0,1.0,53.8,NaN,57.4,60.9,2.9,MONTHLY,3.8,Actively Use,2.0,0.6,0.0,3.2,6.8,35.0,1.4,At-Risk
STU6932,7.94,0.0,NaN,94.6,94.0,81.3,87.2,7.0,Daily,1.8,silent,0.7,2.5,3.0,NaN,8.2,22.0,3.3,Good
STU5783,9.25,0.0,0.0,88.3,90.9,72.7,96.3,7.4,WEEKLY,0.1, Keep Away ,0.8,1.3,4.0,NaN,7.9,10.0,5.7,Good
STU3729,8.71,0.0,0.0,78.2,85.4,98.4,88.6,4.3,Daily,1.3,KEEP AWAY,0.8,1.7,2.0,NaN,7.5,NaN,3.3,Good
STU3659,8.86,0.0,0.0,83.1,99.7,88.9,79.4,4.0,DAILY,0.7,Silent,0.0,1.3,6.0,6.2,8.6,NaN,4.9,Good
STU0292,9.7,0.0,0.0,97.7,91.7,78.3,NaN,7.3,Weekly,0.4, Keep Away ,0.7,1.6,3.0,7.0,9.1,7.0,NaN,Good
STU5200,9.21,0.0,0.0,90.0,NaN,75.7,81.0,3.9,Daily,NaN,Keep Away,0.3,1.8,5.0,5.9,8.1,24.0,5.4,Good
STU1172,9.18,0.0,0.0,89.1,88.9,96.2,84.6,7.5,Weekly,0.9,Keep Away,1.0,2.5,3.0,7.8,7.7,3.0,4.9,Good
STU3277,3.46,2.0,1.0,51.1,26.9,41.5,22.2,0.8,ONLY BEFORE EXAM,4.5,Silent,2.5,0.5,0.0,1.2,5.6,49.0,NaN,At-Risk
STU2777,6.95,2.0,1.0,64.9,64.3,58.3,54.9,2.2,Weekly,3.3,actively use,NaN,1.1,1.0,2.6,5.9,NaN,1.4,At-Risk
STU7078,5.95,2.0,2.0,63.3,82.3,55.8,61.5,2.3, Monthly ,2.4,ACTIVELY USE,0.7,1.1,1.0,2.4,6.5,41.0,4.0,At-Risk
STU5431,5.94,2.0,2.0,58.6,71.4,54.3,59.8,2.3,Weekly,3.0,Actively Use,0.7,NaN,1.0,1.9,7.7,21.0,3.4,Average
STU2677,4.63,3.0,1.0,34.6,59.1,43.1,26.3,1.1,Monthly,5.1,Silent,2.4,0.8,0.0,0.2,5.2,114.0,0.9,At-Risk
STU5194,9.4,0.0,0.0,77.3,98.8,69.7,96.5,4.7,Daily,1.6,Silent,0.9,2.1,4.0,NaN,6.9,23.0,3.5,Good
STU5261,9.46,0.0,0.0,95.6,88.1,83.7,75.0,6.5,DAILY,0.5,Keep Away,0.8,NaN,3.0,5.6,7.0,23.0,5.2,Good
STU4449,7.09,1.0,1.0,64.4,60.9,57.8,58.7,3.6,Weekly,2.8,Silent,1.7,1.1,0.0,1.1,7.9,NaN,1.5,Average
STU0477,4.13,3.0,1.0,54.5,48.9,31.6,23.5,0.6,Monthly,3.5,ACTIVELY USE,1.6,0.1,1.0,0.8,6.5,109.0,0.3,At-Risk
STU4833,8.43,0.0,0.0,79.5,101.0,68.5,83.9,7.0,Daily,0.5,Keep Away,0.1,1.3,5.0,5.0,7.8,28.0,5.9,Good
STU6026,8.45,0.0,0.0,97.9,95.3,76.0,79.1,5.4,Daily,0.6,Keep Away,0.9,1.9,5.0,4.8,7.5,12.0,6.6,Good
STU4831,7.17,2.0,NaN,61.2,79.6,62.4,66.0,3.5,WEEKLY,3.0,Keep Away,NaN,1.3,1.0,2.1,6.3,45.0,3.6,Average
STU2513,9.3,0.0,0.0,80.7,NaN,73.4,85.7,4.2,Daily,NaN,Silent,0.3,2.7,3.0,4.0,8.6,4.0,6.2,Good
STU2066,9.07,0.0,0.0,90.2,95.5,NaN,79.5,5.7,Weekly,1.0,KEEP AWAY,0.8,1.7,3.0,3.8,7.5,26.0,3.9,Good
STU0104,9.66,0.0,0.0,84.3,98.1,76.3,99.6,6.9,Weekly,1.6,Silent,0.8,2.5,3.0,6.1,7.3,8.0,3.1,Good
STU5094,7.92,0.0,0.0,82.6,NaN,96.5,97.8,5.1,Weekly,0.1,Silent,0.6,2.0,5.0,6.6,8.0,28.0,4.6,Good
STU0524,8.14,0.0,0.0,83.5,97.2,72.9,92.7,6.4,Weekly,1.7,Keep Away,0.7,1.4,2.0,5.8,8.6,21.0,4.7,Good
STU0067,8.76,0.0,0.0,87.6,82.1,94.1,96.3,NaN,Weekly,1.3,Silent,NaN,NaN,3.0,NaN,8.4,22.0,5.4,Good
STU4801,7.63,0.0,0.0,89.4,91.3,98.7,91.5,6.6,Daily,0.8,keep away,0.6,2.3,6.0,4.7,8.6,7.0,6.9,Good
STU7039,7.6,0.0,0.0,72.4,98.6,83.5,79.2,6.1,Daily,0.1,Silent,0.0,1.2,NaN,7.0,7.4,21.0,5.0,Good
STU6751,6.75,2.0,2.0,67.4,76.4,64.3,64.5,2.9,Weekly,1.9, Keep Away ,0.7,NaN,1.0,3.0,NaN,37.0,3.3,Average
STU4336,6.56,1.0,1.0,62.1,84.8,65.5,57.7,3.5, Monthly ,3.8,silent,1.9,0.6,1.0,3.9,7.0,32.0,3.0,Average
STU3900,6.09,2.0,1.0,57.4,69.8,65.4,51.4,3.7, Weekly ,3.7,Actively Use,NaN,1.4,2.0,1.2,7.3,44.0,3.4,Average
STU1940,8.88,0.0,0.0,98.6,92.7,73.0,87.8,7.1, Weekly ,0.2,Keep Away,0.1,1.4,5.0,6.7,8.3,7.0,5.2,Good
STU2667,9.07,0.0,0.0,85.0,90.2,86.4,93.1,7.2,Weekly,0.3,Keep Away,0.2,1.1,5.0,3.0,7.5,28.0,6.2,Good
STU1397,5.89,1.0,1.0,NaN,76.8,63.9,57.4,3.9,Weekly,3.0,Keep Away,1.3,0.6,0.0,NaN,6.5,22.0,2.6,Average
STU2869,6.34,2.0,2.0,61.5,74.9,58.4,53.7,3.7,Weekly,2.3,Actively Use,1.5,0.8,2.0,2.3,6.4,19.0,3.3,At-Risk
STU0752,7.71,0.0,0.0,78.2,89.8,72.6,73.6,7.2,Daily,0.2,keep away,0.7,1.5,4.0,7.4,7.9,23.0,4.2,Good
STU5523,7.0,2.0,1.0,68.0,78.7,51.9,56.1,2.9, Weekly ,4.4,Keep Away,0.5,1.3,0.0,NaN,6.1,30.0,2.0,Average
STU4066,5.57,1.0,1.0,71.5,59.6,61.1,52.5,1.7,NaN,2.7,Keep Away,1.3,0.6,2.0,2.8,7.2,34.0,3.9,Average
STU4434,6.07,2.0,1.0,60.5,79.7,65.2,55.3,3.6,Weekly,2.3,Keep Away,0.7,0.9,1.0,3.7,7.6,49.0,2.2,Average
STU2107,6.22,1.0,1.0,NaN,73.3,NaN,57.3,3.4,Monthly,2.6,keep away,1.3,1.1,0.0,2.0,6.9,30.0,1.8,Average
STU5372,7.32,1.0,1.0,62.3,78.2,52.7,56.9,2.8,Monthly,2.9,Keep Away,1.4,1.1,2.0,1.3,6.2,22.0,1.2,Average
STU5106,7.23,1.0,1.0,66.7,67.2,61.1,50.6,2.7,weekly,3.8, Actively Use ,0.6,NaN,2.0,NaN,NaN,60.0,1.2,Average
STU6996,5.16,5.0,2.0,47.3,42.2,41.4,41.6,0.4,Monthly,4.0,Actively Use,4.9,0.2,0.0,NaN,NaN,71.0,0.8,At-Risk
STU2004,3.19,3.0,NaN,32.2,38.3,47.7,31.9,0.6,NaN,7.9,Silent,NaN,0.4,0.0,0.8,4.7,72.0,1.0,At-Risk
STU3556,8.18,0.0,0.0,97.9,97.9,72.2,77.0,7.6,Weekly,0.4,Silent,1.0,1.5,4.0,NaN,NaN,20.0,3.5,Good
STU0703,3.33,5.0,1.0,35.9,22.1,48.9,31.5,NaN,NaN,3.9, Silent ,3.4,0.1,0.0,1.7,7.1,42.0,0.5,At-Risk
STU0011,9.52,NaN,0.0,96.5,90.7,72.0,78.4,5.6,Daily,1.8,Silent,0.9,1.0,2.0,5.6,7.8,1.0,3.9,Good
STU4611,8.5,0.0,0.0,81.7,100.2,77.6,84.6,7.1,daily,1.9,KEEP AWAY,NaN,2.8,4.0,3.7,8.9,27.0,3.0,Good
STU2201,4.18,4.0,1.0,40.6,38.1,31.3,37.0,2.1,never,6.3,Silent,3.9,0.6,1.0,1.3,5.8,64.0,0.1,At-Risk
STU2098,9.3,0.0,0.0,95.8,98.5,75.1,98.3,4.3,Daily,0.8,Silent,0.3,1.1,5.0,5.0,8.2,16.0,6.5,Good
STU2273,3.91,2.0,2.0,32.5,42.4,42.7,26.2,0.3,Only Before Exam,4.3,Silent,3.7,1.0,0.0,NaN,4.9,73.0,0.1,At-Risk
STU0775,6.31,1.0,1.0,58.3,72.2,61.5,60.0,3.3,Monthly,4.0,Actively Use,1.9,1.4,1.0,3.4,7.9,58.0,1.3,At-Risk
STU0760,8.06,0.0,0.0,92.9,97.9,86.5,84.6,5.7,Daily,NaN,Silent,0.5,2.2,2.0,7.9,8.8,7.0,6.4,Good
STU5025,8.92,0.0,0.0,89.3,90.8,90.6,81.8,4.0,Daily,-0.0,Silent,0.9,2.4,6.0,NaN,8.9,NaN,6.0,Good
STU6342,6.54,1.0,1.0,57.5,84.2,58.4,71.7,1.9,Monthly,3.0,Keep Away,1.6,1.4,1.0,3.3,6.7,33.0,1.7,Average
STU4207,8.8,0.0,0.0,88.9,92.6,90.7,80.0,6.7,DAILY,-0.0,Keep Away,NaN,NaN,6.0,5.1,8.6,NaN,5.6,Good
STU6091,9.84,0.0,0.0,84.6,87.5,90.7,90.0,5.7,Weekly,0.5,Keep Away,0.6,1.9,2.0,3.7,8.4,14.0,5.8,Good
STU0491,8.01,NaN,0.0,92.4,NaN,99.8,84.5,6.1,Weekly,1.1,Keep Away,0.9,NaN,3.0,5.3,8.5,9.0,5.3,Good
STU1191,5.23,4.0,1.0,45.2,48.3,40.0,34.1,NaN,Monthly,3.6,Silent,4.4,0.8,1.0,0.5,6.3,120.0,0.0,At-Risk
STU4003,9.3,0.0,0.0,89.9,98.2,89.5,96.4,4.8,Weekly,0.3, Keep Away ,0.3,2.0,4.0,7.6,8.8,12.0,6.5,Good
STU1090,7.33,2.0,2.0,NaN,70.5,66.9,55.9,2.9,monthly,3.7,Actively Use,1.4,NaN,0.0,3.0,7.7,51.0,3.8,At-Risk
STU4243,4.16,2.0,NaN,53.8,27.5,22.2,37.1,NaN,Never,4.5,actively use,3.3,0.6,0.0,0.9,5.4,60.0,2.0,At-Risk
STU1480,3.32,5.0,NaN,39.9,48.5,27.8,36.2,1.1,Monthly,3.5, Silent ,2.3,0.7,0.0,1.2,4.5,111.0,0.3,At-Risk
STU3202,8.69,0.0,0.0,87.9,83.4,NaN,88.2,4.7,Weekly,0.8,Keep Away,1.0,2.8,5.0,5.1,7.8,8.0,3.5,Good
STU6521,9.7,0.0,0.0,89.9,89.7,82.2,91.3,7.4,Weekly,1.7,KEEP AWAY,0.1,2.7,NaN,3.3,7.4,16.0,3.1,Good
STU2073,8.09,0.0,0.0,84.5,95.3,100.2,78.0,7.9,Daily,1.1,keep away,0.8,1.2,2.0,4.5,7.0,17.0,NaN,Good
STU0072,8.02,0.0,0.0,100.4,90.5,73.5,71.1,5.9,Daily,1.2,Silent,0.1,2.6,3.0,5.3,8.1,17.0,4.8,Good
STU5627,7.13,2.0,1.0,73.0,74.7,56.2,55.4,3.9, Weekly ,NaN,Silent,1.2,0.8,1.0,1.6,6.4,45.0,1.6,At-Risk
STU1853,8.38,0.0,0.0,94.3,99.7,79.7,81.7,4.3,Daily,0.8,keep away,0.4,1.4,4.0,7.5,7.2,18.0,5.5,Good
STU2728,8.58,0.0,0.0,85.6,91.7,86.3,71.5,4.3,NaN,0.5, Keep Away ,0.7,2.2,2.0,6.8,8.4,17.0,6.4,Good
STU5028,7.77,0.0,0.0,99.8,96.1,90.4,83.4,5.8,weekly,0.5,Keep Away,0.4,NaN,5.0,NaN,7.5,5.0,5.0,Good
STU7106,6.45,2.0,1.0,57.3,72.5,51.2,57.1,3.7, Weekly ,NaN,Silent,1.4,0.8,2.0,1.4,6.9,NaN,1.1,Average
STU3849,3.77,4.0,2.0,42.9,39.4,51.2,42.4,0.7, Never ,5.3,Silent,2.0,0.8,0.0,NaN,7.0,101.0,1.1,At-Risk
STU0825,7.96,0.0,0.0,83.9,97.1,73.5,95.9,NaN,Weekly,1.6,Silent,0.1,2.4,2.0,6.4,8.8,11.0,3.2,Good
STU0387,9.51,0.0,0.0,94.9,88.1,97.9,80.2,6.5,Daily,1.3,KEEP AWAY,0.8,2.9,6.0,NaN,8.6,23.0,3.5,Good
STU0348,9.02,0.0,0.0,83.7,87.0,73.0,78.6,4.3,Daily,0.4,Silent,NaN,1.9,4.0,5.7,8.5,4.0,7.0,Good
STU3673,9.65,0.0,0.0,76.5,85.9,72.6,96.1,7.1, Daily ,1.5,Silent,0.5,2.1,2.0,4.5,8.6,21.0,6.3,Good
STU2808,7.0,2.0,2.0,72.8,62.8,56.4,65.8,3.4,Weekly,3.8,Silent,2.0,1.4,2.0,2.6,6.7,43.0,2.7,At-Risk
STU5584,6.39,2.0,2.0,67.4,NaN,64.5,60.7,3.3,weekly,3.2,KEEP AWAY,0.8,1.3,2.0,2.7,7.5,38.0,NaN,Average
STU0469,9.69,0.0,NaN,81.0,93.7,76.3,71.4,7.9,Daily,1.4,keep away,NaN,1.1,4.0,7.2,7.9,26.0,4.4,Good
STU1419,8.3,0.0,0.0,77.6,96.8,91.7,78.3,5.2,Weekly,1.0,Keep Away,0.0,2.6,6.0,4.6,8.8,24.0,6.2,Good
STU5187,8.84,0.0,0.0,84.9,95.2,68.3,NaN,6.8,NaN,1.9,Silent,0.8,1.2,2.0,NaN,8.1,17.0,NaN,Good
STU0342,4.2,2.0,2.0,NaN,30.6,33.7,17.7,0.1,Monthly,4.3,Actively Use,1.1,0.6,1.0,0.9,5.5,40.0,0.3,At-Risk
STU1300,5.72,1.0,1.0,55.7,77.6,63.0,64.6,3.2,NaN,2.2,Silent,NaN,0.6,0.0,NaN,7.6,31.0,NaN,At-Risk
STU2228,5.03,3.0,1.0,44.7,41.6,41.2,37.5,1.6,Never,6.0,Actively Use,2.9,0.5,1.0,1.6,5.9,58.0,1.3,At-Risk
STU1620,8.42,0.0,0.0,92.5,100.0,72.3,80.7,5.8,weekly,0.8,KEEP AWAY,0.8,1.9,3.0,3.1,8.3,NaN,6.5,Good
STU4749,7.85,0.0,0.0,77.7,97.8,88.8,87.0,7.5,Daily,-0.1,KEEP AWAY,0.2,1.4,4.0,NaN,8.8,14.0,6.5,Good
STU2491,6.97,1.0,1.0,74.5,74.1,68.5,53.0,2.3,Weekly,NaN,Silent,1.2,1.3,0.0,2.0,NaN,17.0,2.6,Average
STU7265,9.62,0.0,0.0,82.5,85.4,83.8,69.8,NaN,Daily,1.0,SILENT,0.0,1.1,6.0,3.8,8.1,26.0,6.9,Good
STU3176,4.61,4.0,1.0,39.4,25.2,29.2,21.1,1.0,Never,6.9,Actively Use,2.1,0.1,1.0,0.7,4.9,66.0,0.9,At-Risk
STU4491,7.97,0.0,0.0,79.2,91.0,97.2,70.4,7.3,Daily,1.2,Silent,0.0,2.2,5.0,NaN,8.8,21.0,6.6,Good
STU6770,7.77,0.0,NaN,82.6,96.9,86.9,76.3,NaN,Weekly,NaN,Silent,0.4,1.5,2.0,6.5,8.7,17.0,4.8,Good
STU1928,7.53,0.0,0.0,83.1,88.0,NaN,90.0,7.4,Weekly,1.7,Keep Away,NaN,1.3,5.0,4.0,8.9,NaN,5.2,Good
STU5881,5.92,1.0,1.0,60.8,69.4,NaN,50.2,2.5,Monthly,2.7,KEEP AWAY,NaN,1.2,1.0,NaN,7.6,36.0,1.1,Average
STU0720,6.07,2.0,2.0,68.9,73.0,54.8,53.4,2.6,Weekly,2.6,SILENT,1.7,1.3,2.0,2.4,NaN,56.0,NaN,Average
STU6705,7.13,2.0,1.0,70.3,76.4,59.0,61.5,2.4,WEEKLY,2.4,Keep Away,1.0,1.3,0.0,NaN,7.6,45.0,3.7,Average
STU4630,8.31,0.0,NaN,93.0,93.4,100.0,86.2,5.3,Weekly,1.6,Keep Away,0.4,NaN,3.0,NaN,8.1,1.0,5.0,Good
STU4013,3.6,3.0,2.0,40.0,23.2,45.1,24.9,1.3,Only Before Exam,5.8,Actively Use,2.9,0.6,0.0,NaN,4.2,78.0,0.7,At-Risk
STU3181,9.82,0.0,0.0,74.3,97.3,88.3,88.0,7.0,Weekly,0.3, Keep Away ,0.5,1.6,3.0,NaN,7.0,25.0,NaN,Good
STU4857,6.64,2.0,2.0,67.3,65.8,50.6,69.9,4.0,WEEKLY,3.7,Keep Away,1.1,0.7,1.0,2.1,7.6,37.0,NaN,At-Risk
STU1654,8.78,0.0,0.0,85.2,87.7,95.2,99.4,6.3,Daily,1.6,Keep Away,0.9,2.4,4.0,NaN,7.2,9.0,3.3,Good
STU0750,9.54,0.0,0.0,88.7,86.3,75.6,80.1,5.8,Daily,0.3,Keep Away,0.5,1.3,4.0,7.9,7.1,9.0,6.7,Good
STU0689,8.13,0.0,0.0,99.5,95.8,93.6,72.9,4.8,daily,NaN,Keep Away,NaN,2.6,5.0,3.1,8.1,5.0,4.5,Good
STU6249,6.7,2.0,2.0,68.4,74.7,59.4,55.0,3.5,Weekly,NaN,Silent,1.9,0.6,2.0,1.8,7.6,37.0,3.3,Average
STU4937,5.61,2.0,2.0,65.9,74.5,56.2,58.9,3.8,Weekly,2.1, Actively Use ,1.3,NaN,2.0,3.9,7.5,17.0,2.6,Average
STU3373,9.79,0.0,0.0,93.1,91.8,87.1,91.1,NaN,NaN,1.6,Keep Away,0.9,2.6,6.0,3.7,8.3,14.0,6.3,Good
STU3097,9.43,0.0,0.0,89.7,93.9,88.5,91.5,4.3,daily,-0.0, Keep Away ,0.1,1.5,5.0,5.1,8.6,4.0,4.4,Good
STU1559,5.15,5.0,4.0,38.1,34.0,43.0,31.4,1.6,Never,4.3,Actively Use,3.8,0.0,0.0,NaN,5.0,111.0,1.6,At-Risk
STU1082,9.54,0.0,0.0,83.3,98.8,93.0,70.9,4.3,Daily,0.4,Keep Away,0.7,1.4,2.0,NaN,7.2,30.0,6.7,Good
STU3472,8.27,0.0,0.0,93.6,96.4,83.8,NaN,6.8,Daily,0.7,silent,0.8,2.5,6.0,7.0,8.4,16.0,4.5,Good
STU1854,9.73,0.0,0.0,95.6,95.9,72.7,96.1,5.3,Weekly,1.6,Silent,0.7,2.6,3.0,3.4,8.3,8.0,6.3,Good
STU5338,6.43,2.0,1.0,63.0,74.6,57.7,66.8,3.2,Weekly,2.7,Actively Use,1.7,1.0,1.0,NaN,7.7,41.0,2.4,Average
STU7336,8.7,NaN,0.0,78.0,100.6,96.3,93.3,6.9,DAILY,-0.1,Keep Away,0.5,2.5,2.0,NaN,NaN,22.0,6.7,Good
STU6518,6.0,2.0,1.0,68.5,67.8,61.0,61.4,2.7,Monthly,2.1,Keep Away,1.4,0.9,0.0,1.6,7.7,55.0,3.2,Average
STU5551,8.76,0.0,0.0,88.1,98.2,89.5,95.2,7.1,Weekly,1.5,Silent,NaN,2.7,5.0,5.8,7.9,5.0,5.8,Good
STU6651,7.26,2.0,1.0,62.4,78.3,61.2,57.8,3.8,Monthly,2.1,Silent,1.9,1.2,0.0,3.6,6.1,53.0,NaN,At-Risk
STU7173,8.64,0.0,0.0,89.9,94.0,87.4,81.4,6.7,Weekly,0.5,Keep Away,0.2,1.0,4.0,6.0,9.0,2.0,4.7,Good
STU2660,4.04,4.0,3.0,35.8,50.5,44.4,31.5,0.4,Never,NaN,actively use,1.7,NaN,1.0,0.8,4.5,96.0,1.9,At-Risk
STU7205,6.87,2.0,1.0,67.9,66.2,58.4,61.5,2.8,Weekly,2.8,Keep Away,1.8,0.8,0.0,2.8,7.7,53.0,3.9,Average
STU2190,3.39,5.0,4.0,49.2,16.9,23.3,NaN,0.3, Monthly ,5.7,Actively Use,2.6,NaN,0.0,1.9,6.4,104.0,0.4,At-Risk
STU3990,9.63,0.0,0.0,86.8,84.3,73.5,92.0,5.2,Weekly,1.0, Keep Away ,0.4,1.6,2.0,6.9,8.5,1.0,5.6,Good
STU1532,9.09,0.0,0.0,95.5,89.3,98.5,94.2,6.5,Weekly,1.3,Silent,0.6,1.1,4.0,4.1,8.9,28.0,5.1,Good
STU7164,9.34,0.0,0.0,87.8,95.9,95.7,97.5,NaN,Weekly,1.5, Keep Away ,0.4,2.6,6.0,6.0,7.9,16.0,NaN,Good
STU7182,7.43,2.0,1.0,72.4,60.4,58.0,56.5,3.1,Weekly,2.5,Silent,0.9,1.3,NaN,NaN,6.3,29.0,1.7,Average
STU0339,9.55,0.0,0.0,77.7,99.8,99.3,77.0,5.1,WEEKLY,1.3, Keep Away ,0.3,2.7,4.0,3.5,7.4,7.0,6.9,Good
STU2348,9.58,0.0,0.0,79.6,95.7,99.1,96.1,NaN,NaN,NaN,Silent,0.1,2.9,6.0,7.9,7.5,10.0,5.7,Good
STU4716,8.42,0.0,0.0,NaN,96.7,82.5,76.2,7.4,Weekly,0.5,Keep Away,1.0,2.5,6.0,6.4,7.1,12.0,NaN,Good
STU1252,9.96,0.0,0.0,84.0,98.4,92.9,86.5,6.9,DAILY,0.1,Keep Away,0.7,1.5,5.0,7.2,7.2,22.0,6.1,Good
STU1893,4.92,2.0,2.0,42.5,40.3,32.8,27.6,0.6,Only Before Exam,4.3,NaN,3.2,0.9,1.0,1.8,4.2,105.0,0.2,At-Risk
STU4053,4.16,4.0,1.0,34.7,35.7,38.8,46.2,1.0,Only Before Exam,3.7,Actively Use,3.5,0.9,1.0,1.0,6.8,62.0,0.7,At-Risk
STU3671,8.27,0.0,0.0,80.0,86.4,82.2,75.5,8.4,Daily,0.8,Keep Away,0.1,1.9,4.0,3.9,7.3,18.0,4.1,Good
STU0569,8.09,0.0,0.0,96.4,101.6,91.9,83.9,6.0,Daily,2.1,Keep Away,1.0,1.4,6.0,7.1,7.4,13.0,3.9,Good
STU3454,8.08,0.0,0.0,83.2,88.0,83.0,91.7,4.1,Weekly,NaN,Silent,0.4,1.2,2.0,6.8,8.6,NaN,6.3,Good
STU5344,6.69,2.0,1.0,58.9,80.4,56.3,64.7,2.9,Weekly,2.0,Silent,0.9,0.9,0.0,3.2,6.1,60.0,1.9,At-Risk
STU0437,6.9,1.0,1.0,66.2,71.9,48.6,63.6,3.3,Weekly,2.0,Actively Use,1.1,1.5,2.0,2.3,7.0,29.0,3.7,Average
STU1560,9.92,0.0,0.0,87.9,NaN,89.6,98.1,7.4,Daily,0.1,Silent,0.7,NaN,3.0,3.1,7.5,8.0,6.7,Good
STU5233,9.65,0.0,0.0,NaN,99.9,92.2,79.8,5.3,daily,1.5,Keep Away,0.5,1.5,6.0,6.3,8.8,11.0,4.4,Good
STU0656,5.61,2.0,1.0,59.1,61.1,60.5,58.6,3.8,Weekly,2.3,Keep Away,1.0,0.9,0.0,1.0,7.9,48.0,1.1,Average
STU0555,4.71,5.0,2.0,49.9,22.9,48.6,29.0,0.5,Never,4.2,Actively Use,2.7,0.3,1.0,NaN,4.5,108.0,NaN,At-Risk
STU5035,8.3,0.0,0.0,79.5,91.3,82.0,73.7,7.5,Daily,1.1,Keep Away,0.3,3.0,4.0,NaN,NaN,25.0,3.9,Good
STU2043,9.89,0.0,0.0,77.2,87.2,94.5,92.3,6.3,daily,0.8,Silent,0.7,1.6,5.0,4.2,8.0,15.0,3.9,Good
STU4876,8.63,0.0,0.0,76.0,NaN,78.7,NaN,6.5,Weekly,1.3,Keep Away,0.3,2.6,6.0,5.1,8.1,10.0,NaN,Good
STU7050,9.67,0.0,NaN,88.0,99.4,82.6,83.0,5.1,Daily,1.2,keep away,0.5,2.8,3.0,NaN,8.3,23.0,5.8,Good
STU5422,6.45,2.0,2.0,64.9,69.9,50.2,53.7,2.7,Monthly,3.3,Keep Away,0.8,0.9,0.0,2.7,7.6,43.0,2.0,At-Risk
STU0603,9.74,0.0,0.0,98.4,95.8,68.6,96.2,5.6,Weekly,0.2,Silent,0.4,1.1,4.0,5.7,7.7,14.0,4.9,Good
STU0612,9.86,0.0,0.0,89.4,89.4,78.6,72.5,5.4,Weekly,1.4,Keep Away,0.5,2.9,2.0,5.0,8.3,11.0,5.0,Good
STU2358,3.23,2.0,1.0,NaN,45.5,NaN,41.9,0.5,Only Before Exam,6.0,ACTIVELY USE,2.1,0.7,0.0,1.4,5.6,110.0,0.5,At-Risk
STU4205,3.2,2.0,2.0,31.9,NaN,37.7,26.5,0.2,Only Before Exam,7.3,ACTIVELY USE,1.2,0.7,1.0,0.3,5.8,72.0,NaN,At-Risk
STU7127,6.32,1.0,1.0,66.9,83.5,56.9,52.3,3.7,Monthly,3.8,ACTIVELY USE,NaN,1.4,1.0,2.5,6.0,50.0,2.6,At-Risk
STU4040,8.38,0.0,0.0,89.6,98.6,72.8,78.3,6.4,Weekly,0.0,Keep Away,0.7,1.8,6.0,7.7,8.3,12.0,4.5,Good
STU2472,4.07,5.0,1.0,30.2,45.2,20.8,45.1,1.4,Never,4.9,Actively Use,3.6,0.1,0.0,1.4,6.6,52.0,1.6,At-Risk
STU1734,7.37,2.0,1.0,63.0,76.0,63.4,60.7,4.1,Monthly,1.9,Actively Use,0.9,NaN,0.0,NaN,7.7,20.0,2.9,Average
STU6298,9.65,0.0,0.0,79.4,89.1,83.4,81.0,6.7,Weekly,-0.0,keep away,0.8,2.7,6.0,5.2,8.9,13.0,4.5,Good
STU4883,8.06,0.0,0.0,97.3,87.7,76.5,96.5,6.1,Weekly,1.4,Keep Away,0.8,2.3,3.0,3.9,NaN,25.0,3.3,Good
STU0152,8.16,0.0,0.0,75.0,NaN,99.1,76.2,NaN,Daily,1.2,Keep Away,0.4,1.4,4.0,3.6,8.1,30.0,6.1,Good
STU5813,7.25,1.0,1.0,62.6,77.0,59.8,57.6,3.0,Weekly,3.4,Actively Use,1.9,0.7,2.0,2.9,6.4,22.0,2.6,Average
STU4951,5.71,1.0,1.0,61.3,65.4,64.7,62.2,3.6,NaN,3.3,Actively Use,0.7,1.5,1.0,NaN,6.8,54.0,3.1,Average
STU4266,8.51,0.0,0.0,100.7,91.9,71.3,78.9,5.7,Daily,2.1,Keep Away,0.6,2.4,5.0,3.4,8.8,12.0,5.2,Good
STU2074,9.95,0.0,0.0,79.1,96.1,67.9,92.4,4.8,Weekly,0.4,silent,0.3,2.5,2.0,3.5,7.5,6.0,3.0,Good
STU0783,8.84,0.0,0.0,95.4,97.8,76.0,82.6,6.4,Weekly,NaN,keep away,1.0,1.5,4.0,NaN,7.8,18.0,3.0,Good
STU4494,6.38,1.0,1.0,65.9,71.7,72.1,NaN,2.6,Weekly,3.9,Keep Away,NaN,1.1,0.0,1.2,6.6,50.0,1.1,Average
STU3054,5.22,3.0,3.0,39.9,53.2,41.0,43.5,2.0,MONTHLY,6.7,ACTIVELY USE,1.1,0.2,1.0,0.1,4.6,74.0,NaN,At-Risk
STU0167,6.72,2.0,2.0,58.5,79.1,62.3,72.0,2.0,Weekly,2.1,Silent,0.9,0.8,2.0,1.7,7.9,34.0,1.7,Average
STU3790,5.26,4.0,2.0,46.1,55.0,48.2,20.8,1.8,Never,3.1,ACTIVELY USE,4.7,NaN,1.0,NaN,5.9,62.0,1.8,At-Risk
STU5563,9.08,0.0,0.0,98.4,94.9,80.4,91.3,4.6,NaN,0.9,Keep Away,0.5,NaN,3.0,NaN,7.3,9.0,5.1,Good
STU6767,6.19,1.0,1.0,59.9,82.3,52.8,52.4,NaN,Weekly,2.7,Actively Use,0.8,1.4,1.0,1.1,7.6,59.0,2.2,Average
STU6198,7.9,0.0,0.0,87.8,NaN,92.4,71.6,NaN,DAILY,1.2,Keep Away,NaN,1.6,6.0,5.4,8.0,21.0,5.4,Good
STU5555,7.43,2.0,2.0,72.7,64.9,67.1,NaN,3.0,Monthly,2.1,Actively Use,0.7,0.6,1.0,3.4,7.0,22.0,3.1,At-Risk
STU0143,6.38,2.0,2.0,57.0,78.3,52.9,62.1,3.5,Monthly,2.2,Silent,0.6,1.3,1.0,2.4,6.2,29.0,NaN,Average
STU1987,8.65,0.0,0.0,77.8,88.6,88.8,79.2,6.5,Weekly,1.7,Keep Away,0.4,2.8,4.0,3.4,NaN,27.0,6.3,Good
STU5614,9.77,0.0,0.0,88.9,87.3,73.9,78.7,6.4,Daily,0.5,Keep Away,0.2,2.7,5.0,7.9,7.1,28.0,3.4,Good
STU6949,8.71,0.0,NaN,77.1,87.0,69.9,87.7,7.4,Weekly,1.6,Silent,NaN,2.8,4.0,NaN,8.4,2.0,NaN,Good
STU6259,8.83,0.0,0.0,86.0,93.0,100.7,74.8,8.0,Daily,-0.0,KEEP AWAY,0.1,2.3,3.0,4.3,7.9,25.0,5.9,Good
STU4060,5.07,2.0,2.0,33.8,40.4,32.4,34.4,1.6, Monthly ,4.6,Actively Use,NaN,0.9,NaN,0.2,6.3,120.0,0.1,At-Risk
STU3444,9.92,0.0,0.0,94.8,88.4,84.0,88.5,NaN,Weekly,1.8,Keep Away,0.5,2.8,6.0,7.8,8.4,21.0,3.4,Good
STU3982,8.38,0.0,0.0,89.8,97.5,96.5,88.5,7.9,Weekly,0.7,Silent,0.8,2.6,5.0,NaN,9.0,22.0,5.0,Good
STU2694,7.83,0.0,0.0,88.4,92.2,77.0,92.1,NaN,Weekly,1.7,Keep Away,0.2,1.7,4.0,6.1,NaN,11.0,3.3,Good
STU4334,3.74,2.0,1.0,53.9,47.0,31.5,19.5,1.8,Monthly,6.2,Actively Use,2.0,0.5,0.0,1.3,4.7,107.0,0.2,At-Risk
STU0990,4.57,2.0,2.0,45.3,57.7,31.3,29.0,1.3,Never,7.4,silent,4.7,NaN,NaN,0.9,5.8,55.0,1.7,At-Risk
STU3423,3.74,5.0,1.0,38.8,36.0,44.0,29.8,1.9,Monthly,7.9,Actively Use,2.3,0.5,0.0,NaN,5.7,40.0,0.7,At-Risk
STU1759,9.46,0.0,0.0,77.5,92.1,90.7,NaN,4.2,Daily,0.7, Silent ,0.6,1.1,3.0,3.7,8.2,12.0,5.1,Good
STU2370,3.97,3.0,2.0,47.7,23.3,27.3,34.1,1.9,Only Before Exam,5.9,Silent,4.9,0.1,1.0,0.9,5.2,84.0,1.2,At-Risk
STU1022,9.44,0.0,0.0,88.1,97.5,89.0,79.2,6.3,Daily,1.0,Keep Away,0.8,NaN,6.0,5.1,8.5,26.0,NaN,Good
STU6138,9.76,0.0,0.0,90.3,NaN,93.2,83.8,6.0,Daily,0.9,Keep Away,0.1,2.9,3.0,4.3,8.2,9.0,6.4,Good
STU0867,4.62,3.0,NaN,43.5,23.7,NaN,37.3,1.2, Never ,5.5,silent,3.0,0.2,1.0,0.6,4.7,97.0,0.4,At-Risk
STU3021,8.38,0.0,0.0,90.2,99.7,86.3,89.9,6.6,weekly,1.0,SILENT,0.3,1.8,3.0,4.6,8.8,25.0,6.3,Good
STU6696,8.73,0.0,0.0,95.2,92.5,94.0,NaN,NaN,Daily,0.9,Keep Away,0.3,2.9,5.0,5.0,9.0,21.0,5.6,Good
STU6580,6.08,1.0,1.0,74.2,84.6,68.7,60.8,2.7,weekly,3.6,Actively Use,1.1,1.0,0.0,2.6,NaN,57.0,2.9,At-Risk
STU6268,7.54,0.0,0.0,89.6,96.0,72.6,87.5,5.3,WEEKLY,1.2, Keep Away ,0.5,2.2,2.0,NaN,7.4,18.0,5.2,Good
STU1698,3.33,3.0,3.0,47.1,59.9,37.2,19.8,NaN,Only Before Exam,3.5,Actively Use,2.7,0.8,1.0,0.9,5.2,45.0,NaN,At-Risk
STU4662,9.62,0.0,0.0,NaN,90.1,71.7,73.3,4.3,Weekly,0.4,Keep Away,0.6,1.3,3.0,3.4,8.9,15.0,7.0,Good
STU0328,9.98,0.0,0.0,74.6,93.9,89.7,91.1,4.4,weekly,1.8,SILENT,0.2,2.2,2.0,4.1,7.6,22.0,5.2,Good
STU5356,6.72,1.0,1.0,64.0,64.7,60.7,63.7,3.9,NaN,3.8,Silent,1.2,1.2,0.0,1.3,6.8,45.0,2.3,Average
STU0804,9.84,0.0,0.0,74.3,89.7,69.5,81.8,6.4,Daily,0.5,Silent,0.1,1.8,6.0,6.4,8.6,5.0,5.1,Good
STU5264,7.78,0.0,0.0,79.4,97.9,79.9,79.7,3.9,Daily,0.3,keep away,0.4,1.7,5.0,5.1,8.4,NaN,5.6,Good
STU5159,9.12,0.0,0.0,77.9,98.1,82.8,89.8,4.5,Weekly,0.9,Silent,0.5,NaN,5.0,6.1,7.8,15.0,4.1,Good
STU7103,5.89,1.0,1.0,55.6,NaN,57.3,54.2,2.2,Monthly,3.8,Actively Use,1.9,0.8,0.0,2.0,6.6,39.0,3.6,At-Risk
STU2904,8.61,0.0,0.0,99.1,97.2,96.4,90.5,5.5,Daily,1.6,Keep Away,0.2,1.8,4.0,7.0,8.4,1.0,NaN,Good
STU5083,5.87,2.0,2.0,72.7,73.1,55.6,67.3,2.8,Weekly,3.5,Silent,1.5,1.2,0.0,NaN,7.9,28.0,2.7,At-Risk
STU4916,9.44,0.0,0.0,90.4,87.8,81.3,84.0,6.8,Daily,1.6,Silent,0.1,2.0,6.0,3.8,8.5,25.0,5.6,Good
STU4162,6.54,2.0,2.0,NaN,79.1,69.4,53.3,3.3,Monthly,3.3,Silent,1.6,1.5,2.0,2.4,6.7,60.0,3.6,At-Risk
STU4988,8.38,0.0,0.0,85.0,88.0,93.8,89.1,6.1,Daily,1.0,keep away,0.9,1.5,6.0,4.7,8.9,8.0,3.3,Good
STU0402,5.53,1.0,1.0,67.7,NaN,67.9,65.7,3.7,Weekly,3.8,Keep Away,0.8,0.8,1.0,1.9,6.9,46.0,2.2,Average
STU3414,3.19,2.0,1.0,44.2,35.4,24.7,26.8,1.3,Monthly,7.3,Actively Use,1.4,0.5,0.0,NaN,6.2,114.0,1.1,At-Risk
STU1347,8.91,0.0,0.0,83.2,94.2,80.6,78.0,4.1,Daily,0.6,Keep Away,0.2,2.1,2.0,6.0,8.4,1.0,4.6,Good
STU2392,3.31,2.0,2.0,41.3,42.4,22.4,39.6,2.2,Never,NaN, Actively Use ,4.3,0.3,1.0,0.0,6.6,73.0,0.1,At-Risk
STU1268,8.72,0.0,0.0,84.9,NaN,94.8,70.8,4.6,Daily,2.1,KEEP AWAY,0.5,2.7,5.0,3.3,8.1,20.0,5.2,Good
STU1444,4.25,4.0,2.0,46.6,53.7,30.2,32.9,NaN,Never,5.9,actively use,1.1,0.5,1.0,1.6,5.4,62.0,0.5,At-Risk
STU6414,6.25,2.0,1.0,72.2,71.8,59.1,68.4,2.4,WEEKLY,3.3,Silent,0.9,1.1,0.0,3.3,6.3,21.0,1.3,Average
STU0186,4.76,4.0,3.0,41.4,24.0,26.7,18.0,0.6,NaN,4.4,Actively Use,3.4,NaN,0.0,0.6,6.1,76.0,0.1,At-Risk
STU7109,4.97,4.0,3.0,50.8,59.3,27.5,47.6,1.5,Only Before Exam,6.4,Actively Use,3.7,0.5,0.0,0.8,6.7,41.0,0.3,At-Risk
STU2086,3.19,3.0,NaN,33.7,44.0,30.6,NaN,0.8,only before exam,5.2,Silent,4.6,0.1,1.0,0.6,5.6,55.0,1.4,At-Risk
STU0097,9.24,0.0,0.0,91.6,93.6,90.4,74.9,7.6,Daily,1.4, Keep Away ,0.0,2.7,5.0,3.6,7.6,28.0,NaN,Good
STU4966,9.17,0.0,0.0,77.2,NaN,78.6,98.8,7.4,daily,1.2,Keep Away,0.4,1.6,4.0,7.0,7.5,17.0,5.5,Good
STU7014,7.83,0.0,0.0,78.6,94.3,89.7,71.7,6.8,Daily,1.3,Keep Away,1.0,1.2,4.0,6.5,7.3,26.0,3.8,Good
STU2120,6.2,2.0,1.0,68.2,68.1,50.1,58.7,2.8,Monthly,3.4,Keep Away,0.9,0.7,0.0,1.8,6.4,19.0,2.8,Average
STU4815,9.53,0.0,NaN,93.9,90.9,85.8,75.8,4.5,Daily,1.1,Keep Away,0.8,NaN,5.0,7.6,8.8,27.0,6.1,Good
STU5812,8.31,0.0,0.0,94.0,87.1,96.6,93.4,5.5,Weekly,0.3,Keep Away,NaN,2.6,2.0,3.2,7.8,10.0,4.0,Good
STU1753,NaN,1.0,1.0,72.2,66.4,58.6,55.5,NaN,Monthly,2.6,actively use,1.8,0.7,1.0,1.0,6.4,28.0,1.6,At-Risk
STU0470,8.87,0.0,0.0,77.7,96.8,87.2,NaN,4.6,NaN,0.5,Silent,0.1,2.2,3.0,7.2,7.0,18.0,3.2,Good
STU4750,8.98,0.0,0.0,93.7,102.5,91.0,79.5,6.7,Weekly,1.4,Keep Away,0.6,1.5,4.0,5.0,8.0,1.0,3.6,Good
STU1660,7.24,2.0,2.0,72.0,67.7,50.8,65.3,NaN,Monthly,2.2,Silent,1.8,0.8,2.0,1.7,7.7,46.0,3.7,At-Risk
STU3763,7.56,0.0,0.0,79.5,94.7,90.5,86.9,8.3,daily,0.9,Keep Away,0.4,2.8,2.0,5.7,7.8,18.0,5.9,Good
STU3239,9.17,0.0,0.0,75.4,88.9,71.3,74.3,4.8,Weekly,1.1,Keep Away,0.1,2.9,2.0,NaN,NaN,1.0,3.2,Good
STU3826,3.81,3.0,2.0,45.2,25.8,36.1,41.5,1.8,NEVER,6.9,Silent,2.5,0.8,1.0,1.8,5.3,109.0,0.0,At-Risk
STU1477,5.16,5.0,2.0,45.3,33.4,31.1,NaN,0.9,Only Before Exam,4.0,Actively Use,3.4,0.9,1.0,NaN,4.8,102.0,NaN,At-Risk
STU7102,5.37,5.0,1.0,41.9,39.6,25.2,46.8,1.0,NaN,5.7,Actively Use,3.3,0.8,1.0,0.4,6.7,74.0,0.4,At-Risk
STU3159,6.72,2.0,1.0,64.6,61.8,54.7,68.2,2.9,Weekly,3.3,silent,NaN,0.6,1.0,NaN,7.8,NaN,1.1,Average
STU4026,5.66,1.0,1.0,65.9,63.1,57.4,58.9,3.4,NaN,3.3,Silent,NaN,NaN,NaN,2.7,7.9,38.0,1.6,At-Risk
STU6838,8.26,0.0,0.0,82.0,91.5,67.5,97.2,7.3,DAILY,1.3,keep away,0.3,1.3,6.0,6.5,NaN,26.0,4.6,Good
STU7245,5.68,1.0,1.0,60.7,64.3,63.1,50.5,3.5,Monthly,3.5,Actively Use,1.6,1.5,0.0,3.0,7.6,60.0,1.3,At-Risk
STU1378,8.89,0.0,0.0,91.8,92.4,90.0,71.6,7.9,daily,1.5,silent,0.6,1.6,3.0,3.8,7.8,4.0,5.6,Good
STU3042,7.29,1.0,1.0,64.2,75.1,56.2,57.9,2.8,MONTHLY,3.3,Actively Use,2.0,1.3,0.0,1.6,7.2,48.0,NaN,At-Risk
STU1222,8.43,0.0,0.0,92.6,91.7,94.4,89.9,6.8,Daily,0.2,Silent,1.0,2.7,4.0,6.9,7.7,18.0,5.1,Good
STU4810,9.45,0.0,0.0,86.3,90.2,74.1,86.3,7.1,Weekly,1.3,Silent,0.2,NaN,4.0,3.2,NaN,15.0,6.7,Good
STU6808,7.99,0.0,0.0,98.6,92.6,97.1,78.4,7.0,Daily,1.8,Silent,0.8,2.1,2.0,7.0,8.8,11.0,6.8,Good
STU0325,6.76,2.0,2.0,63.6,78.2,60.2,61.4,2.9,Monthly,3.6, Actively Use ,1.7,0.6,2.0,3.5,7.1,41.0,3.5,At-Risk
STU2213,NaN,2.0,1.0,65.0,85.4,61.4,63.8,2.3,WEEKLY,3.8,Actively Use,1.1,0.5,0.0,1.2,7.4,49.0,2.1,At-Risk
STU4058,6.98,2.0,1.0,71.5,74.0,52.8,60.9,2.5,Monthly,2.7,Silent,1.6,NaN,2.0,2.5,7.8,35.0,2.6,Average
STU0944,4.51,2.0,1.0,42.4,33.0,47.7,39.5,NaN,Never,4.3,actively use,1.2,0.9,1.0,0.6,5.3,59.0,0.2,At-Risk
STU4503,7.88,NaN,NaN,85.4,103.1,93.9,79.3,6.4,WEEKLY,0.6,Keep Away,0.5,2.5,6.0,5.7,7.3,25.0,4.1,Good
STU0242,7.04,1.0,1.0,67.3,63.3,69.9,61.3,2.7,MONTHLY,3.0,NaN,0.6,0.6,0.0,3.3,NaN,41.0,2.2,At-Risk
STU1927,9.66,0.0,0.0,95.4,98.8,72.2,85.7,6.7,Daily,1.6,Keep Away,0.6,2.5,6.0,4.8,7.5,12.0,3.8,Good
STU2604,3.75,2.0,2.0,39.3,25.2,40.0,27.7,1.3,Never,3.0,Silent,4.9,0.2,1.0,1.3,6.1,71.0,0.3,At-Risk
STU0527,6.84,2.0,NaN,57.9,65.3,67.4,68.5,3.5,MONTHLY,3.4,Actively Use,NaN,1.1,0.0,2.5,7.1,59.0,2.1,At-Risk
STU3786,5.61,2.0,1.0,74.3,NaN,55.8,61.4,1.9,weekly,2.3,Actively Use,0.7,0.6,2.0,1.8,6.6,NaN,2.5,Average
STU1160,9.64,0.0,0.0,81.1,100.1,NaN,NaN,7.4,Weekly,0.7,Keep Away,NaN,2.6,6.0,6.7,8.9,29.0,4.8,Good
STU5543,10.0,0.0,0.0,77.9,88.4,96.8,75.7,5.8,daily,2.2,Keep Away,0.2,2.4,2.0,3.4,8.2,NaN,4.4,Good
STU7026,8.36,0.0,0.0,NaN,85.1,82.5,82.5,NaN,Weekly,0.2,Keep Away,0.6,1.8,6.0,7.7,8.6,29.0,NaN,Good
STU2961,8.52,0.0,0.0,85.8,99.7,72.2,85.9,6.9,Weekly,1.5,Keep Away,0.6,1.9,4.0,4.3,8.8,4.0,4.5,Good
STU2253,3.07,3.0,3.0,54.5,53.7,20.5,50.6,1.1,Monthly,7.4,Silent,1.3,0.4,1.0,1.3,4.2,47.0,1.0,At-Risk
STU7342,8.23,0.0,0.0,81.0,98.1,76.6,86.2,5.3,Daily,0.8,Keep Away,NaN,2.5,3.0,NaN,7.0,3.0,6.8,Good
STU4526,7.96,0.0,0.0,78.8,85.6,75.1,80.2,7.0,Daily,1.4,Silent,0.1,3.0,3.0,6.8,7.2,17.0,3.5,Good
STU4294,3.38,3.0,1.0,42.6,49.8,46.2,23.2,0.9, Only Before Exam ,6.3,Actively Use,3.8,NaN,0.0,0.5,3.9,76.0,NaN,At-Risk
STU2326,4.14,2.0,2.0,48.7,26.5,46.8,24.0,0.5,Only Before Exam,3.4,Actively Use,2.2,0.6,1.0,2.0,6.5,75.0,0.8,At-Risk
STU6169,8.3,0.0,0.0,86.3,84.6,91.6,NaN,5.6,Daily,1.0,Silent,NaN,1.1,4.0,7.7,7.8,18.0,6.4,Good
STU1479,4.7,2.0,2.0,42.2,34.0,29.5,31.8,0.0,monthly,6.5,Actively Use,4.4,0.4,1.0,0.1,7.0,80.0,0.5,At-Risk
STU4435,7.89,0.0,0.0,90.3,96.2,100.6,95.8,4.3,Weekly,1.6,Keep Away,0.3,2.9,6.0,NaN,7.3,23.0,5.0,Good
STU3989,8.52,0.0,NaN,90.6,83.5,72.8,82.0,5.2,Daily,1.2,Silent,NaN,1.0,3.0,7.5,7.9,5.0,5.7,Good
STU5815,6.13,2.0,1.0,61.8,NaN,66.4,NaN,3.4,MONTHLY,3.4,Keep Away,1.4,NaN,0.0,3.9,7.6,47.0,3.0,Average
STU4350,7.94,0.0,0.0,79.2,86.7,82.7,NaN,5.6,WEEKLY,1.5,Silent,0.6,1.7,3.0,5.2,8.5,NaN,5.1,Good
STU0321,4.33,3.0,1.0,32.9,NaN,30.8,26.2,1.5, Only Before Exam ,8.1,Actively Use,3.2,0.7,0.0,0.1,5.4,96.0,0.2,At-Risk
STU4887,7.66,0.0,0.0,76.8,91.2,96.1,86.9,5.3,Daily,1.8,Silent,NaN,2.2,3.0,7.9,8.0,29.0,6.1,Good
STU4216,3.38,4.0,2.0,45.9,31.0,25.1,28.5,1.0,Never,5.7,Actively Use,4.6,0.5,0.0,NaN,4.5,103.0,1.4,At-Risk
STU1085,7.9,0.0,0.0,NaN,91.8,89.8,88.9,4.7,Daily,1.7,Silent,0.6,2.7,3.0,5.7,7.8,17.0,NaN,Good
STU3653,9.46,0.0,0.0,98.8,81.5,91.9,76.0,4.3,Weekly,1.5,Keep Away,NaN,1.9,2.0,3.0,8.1,6.0,NaN,Good
STU1192,8.04,0.0,0.0,75.5,99.5,92.2,NaN,4.0,Daily,0.9,Silent,0.7,NaN,3.0,6.2,7.1,25.0,3.7,Good
STU3828,7.72,0.0,0.0,88.7,84.5,67.0,NaN,5.6,Daily,1.1,Silent,0.7,1.8,2.0,3.3,NaN,16.0,NaN,Good
STU0621,9.1,0.0,0.0,75.0,88.3,89.3,79.5,6.9,Weekly,NaN,KEEP AWAY,0.3,2.3,5.0,3.6,7.9,24.0,4.7,Good
STU2099,9.97,0.0,0.0,98.3,94.4,91.7,94.9,6.0,Daily,1.5,silent,0.5,1.8,2.0,5.6,8.5,7.0,5.9,Good
STU5118,8.37,0.0,0.0,88.2,85.8,75.1,83.2,5.5,Weekly,0.3,Keep Away,NaN,NaN,6.0,3.4,7.4,7.0,4.9,Good
STU2804,8.77,0.0,0.0,98.7,86.3,NaN,75.2,5.5, Weekly ,0.3,Silent,0.7,NaN,6.0,5.7,8.3,27.0,5.6,Good
STU1865,5.21,5.0,1.0,43.8,20.5,46.2,37.4,NaN,Only Before Exam,7.1,Actively Use,4.3,0.1,NaN,0.5,6.6,64.0,NaN,At-Risk
STU2296,NaN,0.0,0.0,91.2,90.2,87.0,70.2,NaN,Weekly,0.8,Keep Away,0.6,2.1,3.0,6.5,8.4,13.0,3.9,Good
STU1960,6.62,2.0,1.0,60.2,62.3,56.9,61.5,NaN,Weekly,2.0,Actively Use,1.3,NaN,0.0,1.7,7.1,30.0,3.7,Average
STU6452,9.2,0.0,0.0,77.8,93.4,78.4,78.1,6.4,Weekly,0.5,keep away,0.1,NaN,6.0,3.0,8.1,25.0,6.6,Good
STU0578,6.73,2.0,1.0,55.8,70.3,62.3,63.7,3.5,Weekly,2.6,Silent,0.6,0.9,NaN,1.4,8.0,30.0,2.4,Average
STU1396,8.79,0.0,0.0,97.7,99.1,96.1,NaN,6.0,Daily,1.9,SILENT,0.1,2.6,6.0,3.9,NaN,9.0,5.4,Good
STU5154,5.77,2.0,2.0,57.2,65.4,61.1,65.7,3.7,Weekly,2.7,Actively Use,0.6,0.9,0.0,1.9,6.7,29.0,2.7,At-Risk
STU2755,4.86,3.0,2.0,39.1,55.1,23.6,25.6,0.8,monthly,6.8,NaN,4.0,0.2,1.0,0.3,4.9,99.0,1.0,At-Risk
STU1806,3.4,5.0,1.0,38.8,24.3,41.1,23.1,1.7,Only Before Exam,7.6,Actively Use,3.7,0.2,1.0,0.7,NaN,84.0,1.2,At-Risk
STU2855,5.1,4.0,1.0,53.0,35.8,45.7,30.8,0.2,MONTHLY,4.4,Actively Use,2.4,0.4,1.0,0.7,5.2,65.0,1.4,At-Risk
STU6455,9.82,0.0,0.0,89.5,84.8,85.3,83.3,6.1,Weekly,NaN,Silent,0.6,1.8,5.0,3.7,8.2,29.0,6.2,Good
STU4367,8.89,0.0,0.0,84.3,88.5,74.4,101.5,NaN,DAILY,0.7,Silent,0.9,2.9,2.0,7.1,8.2,5.0,4.5,Good
STU0171,7.2,1.0,1.0,67.7,NaN,49.4,67.2,NaN,Monthly,2.1,Actively Use,1.6,NaN,0.0,1.2,NaN,26.0,2.5,At-Risk
STU2042,7.59,0.0,0.0,82.4,89.6,93.4,77.3,8.1,Daily,1.2, Silent ,0.7,1.4,2.0,7.5,8.2,25.0,6.5,Good
STU5244,5.83,1.0,1.0,66.6,81.4,55.8,57.2,3.6,WEEKLY,3.3,keep away,1.1,1.3,0.0,3.8,7.1,19.0,1.1,Average
STU1234,8.22,0.0,0.0,80.8,89.4,91.4,101.2,7.1,WEEKLY,1.9,Keep Away,0.1,1.1,5.0,5.8,7.4,15.0,6.3,Good
STU6404,9.75,0.0,NaN,99.1,90.8,81.5,85.8,6.2,Weekly,0.4,Keep Away,NaN,2.2,4.0,5.3,7.7,5.0,6.8,Good
STU5937,5.59,1.0,1.0,70.8,82.5,60.6,54.0,NaN,Weekly,3.5,NaN,0.9,1.1,1.0,3.7,6.8,34.0,2.8,Average
STU7185,7.81,0.0,0.0,80.5,NaN,77.2,86.7,4.3, Daily ,1.5,Silent,0.9,2.7,5.0,3.4,8.1,26.0,3.4,Good
STU5538,9.41,NaN,0.0,NaN,88.8,87.7,90.2,5.6,Weekly,0.9,Keep Away,0.5,2.8,6.0,4.3,7.8,6.0,5.6,Good
STU1276,9.97,0.0,0.0,87.8,87.7,NaN,87.9,NaN,Weekly,1.1, Keep Away ,0.9,2.7,2.0,3.3,9.0,23.0,5.8,Good
STU3119,9.78,0.0,0.0,93.5,91.9,80.8,85.2,7.5,Daily,0.3, Keep Away ,0.8,1.0,3.0,7.6,8.0,15.0,3.9,Good
STU4396,4.32,5.0,2.0,42.1,47.1,40.0,24.1,1.6,Only Before Exam,6.1,SILENT,3.9,0.3,0.0,0.4,6.5,88.0,0.8,At-Risk
STU2950,4.55,3.0,1.0,48.1,56.4,45.9,50.4,0.1,Never,6.5,actively use,1.9,0.2,1.0,1.6,5.3,50.0,1.8,At-Risk
STU7206,9.01,0.0,0.0,88.8,100.1,74.0,90.8,4.4,Weekly,1.3,Silent,0.8,1.1,5.0,7.2,7.3,30.0,3.7,Good
STU1891,9.68,0.0,0.0,77.2,93.9,76.8,82.3,7.7,Daily,NaN,Keep Away,0.2,1.3,5.0,5.4,8.5,27.0,7.0,Good
STU0678,6.07,1.0,1.0,55.2,65.1,67.9,66.7,2.8,Monthly,3.7,Keep Away,1.4,1.5,0.0,2.1,7.4,60.0,1.2,Average
STU7277,5.3,5.0,1.0,49.6,35.1,32.8,36.7,0.8,only before exam,6.8,Actively Use,4.1,0.0,0.0,0.3,5.2,113.0,1.3,At-Risk
STU5313,8.17,0.0,0.0,91.1,98.2,83.2,93.2,4.5,Weekly,0.6,Keep Away,0.4,1.6,3.0,4.1,NaN,6.0,NaN,Good
STU5138,7.42,2.0,1.0,68.9,66.7,62.4,65.6,3.6,Weekly,3.8,SILENT,0.6,1.0,1.0,NaN,8.1,17.0,1.3,Average
STU4813,NaN,0.0,0.0,92.7,89.9,90.9,77.7,5.4,Daily,1.7,Keep Away,0.3,1.8,6.0,3.1,8.0,24.0,6.4,Good
STU1297,3.25,3.0,1.0,32.1,33.6,46.6,46.7,1.8,Only Before Exam,7.6,Actively Use,4.6,0.5,1.0,0.4,6.5,49.0,0.4,At-Risk
STU4392,6.99,1.0,1.0,67.9,74.1,NaN,70.1,3.0,monthly,2.4,Keep Away,1.5,1.4,2.0,2.5,7.2,18.0,2.4,Average
STU4150,7.6,0.0,0.0,96.2,99.3,94.2,89.4,4.5,Weekly,1.4,Keep Away,0.4,NaN,6.0,6.7,8.2,23.0,NaN,Good
STU3401,8.39,0.0,0.0,80.0,92.2,70.6,88.3,7.4,WEEKLY,1.4,Keep Away,0.0,2.8,5.0,5.3,7.2,24.0,6.0,Good
STU6702,7.99,0.0,0.0,86.3,98.0,97.3,95.6,7.0,weekly,0.8,KEEP AWAY,0.4,2.8,2.0,3.4,9.0,23.0,5.2,Good
STU6655,4.28,2.0,1.0,38.0,36.6,39.5,NaN,0.7,NaN,4.5,ACTIVELY USE,2.8,0.5,0.0,1.7,5.3,111.0,2.0,At-Risk
STU3901,8.61,0.0,0.0,81.4,102.9,70.8,85.3,5.7,Weekly,0.9,Silent,0.5,2.1,6.0,4.0,8.4,18.0,3.1,Good
STU4946,9.55,0.0,0.0,82.1,90.8,78.7,78.6,5.9,weekly,2.0,Keep Away,0.0,2.2,2.0,7.4,7.8,21.0,5.6,Good
STU3343,9.41,0.0,0.0,88.8,88.6,78.3,NaN,7.6,Daily,0.5,silent,0.1,1.4,4.0,6.4,7.3,22.0,6.1,Good
STU0302,8.44,0.0,0.0,96.1,NaN,69.8,85.8,7.4,weekly,1.6,Keep Away,0.2,2.3,6.0,4.1,7.4,17.0,6.5,Good
STU0366,7.66,0.0,0.0,76.8,93.0,87.4,95.6,6.1,Daily,NaN,Silent,0.0,1.2,5.0,3.2,7.5,30.0,5.2,Good
STU4797,9.92,0.0,0.0,89.4,87.6,78.4,92.2,7.6,weekly,1.4,KEEP AWAY,0.4,2.5,6.0,7.7,7.5,17.0,6.4,Good
STU4199,5.56,1.0,1.0,71.0,61.9,53.3,60.0,3.7,Monthly,2.5,SILENT,0.7,0.6,1.0,1.1,6.5,41.0,3.8,At-Risk
STU6388,8.41,NaN,0.0,83.5,92.8,90.0,72.9,4.5,Daily,1.4,Silent,0.8,1.4,2.0,6.5,8.6,8.0,3.5,Good
STU2796,9.07,0.0,0.0,78.1,82.8,NaN,NaN,6.0,Daily,1.1,Silent,0.5,1.5,6.0,6.8,7.2,30.0,3.8,Good
STU3695,3.13,5.0,3.0,44.7,23.9,34.5,44.3,0.3,Only Before Exam,6.7,Actively Use,1.2,0.1,0.0,0.6,6.5,71.0,1.7,At-Risk
STU0858,3.27,3.0,3.0,32.3,38.6,27.3,38.0,0.2,NEVER,5.7,Silent,NaN,0.3,0.0,1.4,5.6,104.0,2.0,At-Risk
STU7329,9.49,0.0,0.0,88.7,91.4,79.9,98.1,5.6,Weekly,1.2,keep away,0.0,1.9,2.0,3.1,8.7,24.0,4.0,Good
STU3006,9.08,0.0,0.0,92.2,97.0,72.9,84.5,8.1,Daily,0.5,Silent,0.3,2.2,3.0,4.1,8.0,16.0,3.6,Good
STU5136,9.14,0.0,0.0,80.1,99.8,76.8,92.5,5.8,NaN,1.3,Keep Away,0.9,1.4,2.0,5.5,7.5,4.0,5.8,Good
STU5170,8.99,0.0,0.0,97.9,94.8,82.8,98.4,7.3,Daily,0.6,Keep Away,0.4,2.5,3.0,3.1,6.9,22.0,NaN,Good
STU6096,6.95,1.0,1.0,71.1,79.1,50.4,66.7,3.5,weekly,3.0,Silent,NaN,1.1,2.0,2.2,7.6,53.0,3.7,Average
STU4471,6.02,1.0,1.0,58.5,71.1,NaN,67.6,3.0,Monthly,2.8,Actively Use,NaN,0.8,1.0,3.1,6.1,52.0,1.3,At-Risk
STU0545,6.23,2.0,1.0,70.5,74.8,67.7,65.8,1.9,Monthly,2.2,Silent,0.9,1.2,0.0,3.7,6.9,55.0,2.8,At-Risk
STU4388,3.0,3.0,2.0,45.8,38.6,46.0,29.2,0.8,Never,3.2,Actively Use,3.2,0.4,0.0,0.7,5.4,91.0,1.7,At-Risk
STU6802,6.44,2.0,2.0,NaN,65.9,70.0,57.0,3.7, Monthly ,3.9,Silent,0.7,1.3,2.0,2.6,7.3,32.0,3.3,Average
STU3689,9.61,0.0,0.0,95.8,88.9,93.0,NaN,4.7, Weekly ,1.7,Silent,NaN,1.0,2.0,6.2,8.4,13.0,5.2,Good
STU4486,9.61,NaN,0.0,78.0,94.0,85.1,86.6,6.3,Weekly,0.8,Silent,0.2,NaN,4.0,3.9,7.2,NaN,4.5,Good
STU2870,9.34,0.0,0.0,76.4,87.4,99.2,97.4,5.9,Weekly,1.2,Keep Away,0.8,1.3,4.0,6.3,8.0,4.0,6.0,Good
STU6116,6.52,1.0,1.0,64.8,76.5,57.8,70.1,2.8,Monthly,4.0,keep away,0.5,1.4,2.0,3.6,6.1,17.0,3.2,Average
STU1871,4.51,3.0,1.0,41.7,28.4,40.3,47.7,0.7,MONTHLY,3.8,Actively Use,3.8,1.0,1.0,1.5,4.9,90.0,0.8,At-Risk
STU7088,9.44,0.0,0.0,96.9,91.4,75.9,92.1,6.3,WEEKLY,0.3,KEEP AWAY,0.9,2.3,2.0,3.0,8.9,9.0,6.8,Good
STU3232,6.91,1.0,1.0,61.4,66.3,58.2,66.4,2.9,Weekly,3.0,Silent,NaN,0.7,1.0,3.8,6.6,36.0,NaN,At-Risk
STU4507,6.74,1.0,1.0,74.0,65.5,63.4,58.1,3.0,Weekly,4.1,Keep Away,1.0,NaN,2.0,3.9,7.7,20.0,2.0,Average
STU1895,8.24,0.0,0.0,77.9,93.2,73.5,86.7,5.1,Weekly,1.6,keep away,0.0,2.1,4.0,3.8,7.0,21.0,6.5,Good
STU1185,7.35,1.0,1.0,57.9,62.8,67.8,59.2,3.8, Monthly ,2.9,Silent,0.7,NaN,2.0,1.5,6.4,41.0,2.5,At-Risk
STU6072,5.51,2.0,1.0,57.4,78.6,67.6,61.8,2.4,Monthly,2.3,Silent,1.8,0.6,1.0,1.5,7.1,49.0,1.6,At-Risk
STU3005,8.64,0.0,0.0,95.9,95.5,88.0,NaN,5.6,Weekly,1.0,SILENT,0.7,2.5,6.0,5.1,8.2,13.0,6.7,Good
STU1899,8.75,0.0,0.0,88.0,96.7,93.5,78.1,4.6,Daily,0.4,Keep Away,0.1,1.6,5.0,NaN,8.3,25.0,6.8,Good
STU0833,7.24,1.0,1.0,67.2,68.4,54.0,50.5,3.5,Weekly,3.0,silent,1.0,1.0,2.0,3.5,6.0,30.0,NaN,Average
STU0691,3.84,2.0,2.0,53.8,55.8,28.5,34.0,1.8,Only Before Exam,5.1,Actively Use,1.1,0.1,1.0,1.0,NaN,110.0,1.4,At-Risk
STU6101,6.74,1.0,1.0,71.4,82.3,62.5,66.4,2.6,weekly,3.9,silent,1.0,0.5,2.0,3.4,8.0,23.0,1.7,Average
STU3777,7.72,0.0,0.0,90.5,99.2,95.9,92.9,6.8, Weekly ,1.7,Silent,0.8,NaN,3.0,4.8,7.0,29.0,4.8,Good
STU1513,7.63,0.0,0.0,84.0,97.5,75.6,90.0,6.7,Daily,1.4,KEEP AWAY,0.9,1.9,3.0,3.8,7.6,3.0,4.7,Good
STU6248,9.43,NaN,NaN,83.2,92.5,92.9,89.9,5.1, Daily ,1.8,Keep Away,0.7,2.8,3.0,5.2,7.3,25.0,6.7,Good
STU3883,3.97,2.0,2.0,36.5,58.3,32.8,NaN,1.7, Monthly ,5.8,Actively Use,2.9,0.7,1.0,0.4,NaN,NaN,0.6,At-Risk
STU1076,9.72,0.0,0.0,83.6,85.7,94.1,95.4,6.5,Daily,1.3,Keep Away,0.8,2.6,NaN,7.5,8.3,15.0,6.9,Good
STU7191,8.6,0.0,0.0,84.6,94.3,74.6,NaN,7.8,Weekly,1.9,Silent,0.7,NaN,2.0,6.5,7.6,8.0,6.4,Good
STU6864,9.91,0.0,0.0,84.4,90.7,96.1,86.3,5.4,Weekly,1.7,Keep Away,0.3,1.9,2.0,7.0,9.1,15.0,5.4,Good
STU2112,8.06,0.0,0.0,99.1,92.7,82.9,95.1,6.8,Daily,1.1,Silent,0.9,NaN,2.0,7.0,7.9,19.0,6.4,Good
STU5015,8.28,0.0,0.0,100.4,94.9,90.8,NaN,6.4,Daily,1.2,Silent,0.5,1.9,4.0,7.4,7.7,10.0,6.4,Good
STU6969,6.68,2.0,2.0,71.8,85.5,62.1,62.6,3.6,Monthly,2.7,Keep Away,NaN,0.8,1.0,2.7,7.9,42.0,2.5,At-Risk
STU2603,9.21,0.0,0.0,77.8,89.6,82.4,98.6,5.8,WEEKLY,1.6,Keep Away,0.6,1.3,4.0,7.7,7.7,20.0,3.2,Good
STU1947,8.6,0.0,0.0,84.8,86.6,98.4,70.3,NaN,Daily,1.9,Silent,1.0,NaN,6.0,3.1,7.4,18.0,6.9,Good
STU6795,5.45,4.0,2.0,51.5,43.9,42.6,34.6,0.8, Never ,7.1,Actively Use,1.7,0.3,NaN,2.0,5.8,73.0,1.0,At-Risk
STU7179,5.95,1.0,1.0,70.7,NaN,69.4,64.8,3.3,MONTHLY,3.3,NaN,1.5,1.3,0.0,NaN,6.5,27.0,2.0,At-Risk
STU0753,8.79,0.0,0.0,81.9,91.9,75.6,100.6,5.9,NaN,0.9,Keep Away,0.7,1.7,4.0,7.2,8.1,23.0,5.9,Good
STU1362,9.37,0.0,0.0,99.3,92.8,97.0,79.2,5.6,Weekly,1.2,Keep Away,0.4,NaN,4.0,6.7,8.4,0.0,6.0,Good
STU6709,8.56,0.0,0.0,99.1,92.6,91.6,73.7,6.7,daily,-0.1,Keep Away,0.6,NaN,5.0,5.4,7.4,4.0,4.8,Good
STU2683,NaN,3.0,1.0,42.3,40.6,50.6,31.5,1.1,ONLY BEFORE EXAM,4.9,Actively Use,1.4,0.5,1.0,NaN,NaN,103.0,NaN,At-Risk
STU3285,6.23,1.0,1.0,66.6,60.5,64.4,61.9,2.6,Weekly,2.7,Silent,1.2,0.7,1.0,NaN,6.1,20.0,2.1,At-Risk
STU5967,6.65,2.0,1.0,66.7,79.9,62.6,61.7,3.1,weekly,3.6,Silent,1.0,0.6,2.0,3.6,7.8,23.0,2.3,Average
STU0364,8.05,0.0,0.0,90.7,94.1,74.8,71.7,6.6,weekly,1.7,KEEP AWAY,0.5,1.5,3.0,6.3,NaN,2.0,4.8,Good
STU2765,7.1,1.0,1.0,55.1,80.7,63.9,61.0,2.2,Weekly,3.8,silent,0.8,1.2,1.0,1.0,7.7,15.0,NaN,Average
STU1136,4.21,3.0,3.0,38.6,55.8,40.7,34.1,0.8,Never,5.6,silent,1.2,0.9,0.0,2.0,4.5,88.0,0.2,At-Risk
STU3213,7.77,0.0,0.0,96.9,98.5,88.9,98.7,6.0,Daily,0.2,Keep Away,0.1,1.6,6.0,NaN,8.1,24.0,3.1,Good
STU3808,9.33,0.0,0.0,95.7,89.2,75.3,89.7,5.5,weekly,1.0,Silent,0.6,NaN,5.0,7.6,7.8,17.0,4.2,Good
STU1680,4.23,4.0,1.0,51.3,22.7,22.0,NaN,1.5,Monthly,NaN,Actively Use,1.8,0.5,0.0,1.2,4.6,NaN,0.6,At-Risk
STU4647,8.69,0.0,0.0,87.5,90.8,83.4,91.1,5.5,Weekly,1.4,Keep Away,0.2,2.5,5.0,6.9,8.3,22.0,4.5,Good
STU3590,4.89,4.0,1.0,NaN,28.4,43.7,45.5,0.8,ONLY BEFORE EXAM,4.3,ACTIVELY USE,3.3,0.9,0.0,0.1,4.8,53.0,0.6,At-Risk
STU2357,9.2,0.0,0.0,77.9,93.1,NaN,90.5,6.0,daily,0.2,keep away,NaN,1.9,5.0,4.1,7.6,2.0,5.0,Good
STU5039,9.43,0.0,0.0,90.3,94.9,75.5,NaN,6.7,Daily,0.2,Keep Away,0.3,1.2,5.0,6.4,7.3,25.0,4.1,Good
STU1623,5.13,2.0,2.0,36.7,54.5,30.4,32.8,1.4,NaN,3.5,Silent,NaN,0.1,0.0,NaN,5.1,55.0,0.1,At-Risk
STU5976,6.83,NaN,2.0,61.9,72.2,57.0,62.4,2.5,Weekly,3.7,ACTIVELY USE,NaN,1.5,2.0,1.7,6.3,44.0,2.0,At-Risk
STU5772,6.9,2.0,1.0,57.3,71.7,51.9,62.5,2.1,Weekly,3.8,Actively Use,1.2,1.2,2.0,3.6,6.5,21.0,2.6,Average
STU4098,9.23,NaN,0.0,85.7,95.7,75.5,76.3,NaN,weekly,1.1,NaN,0.3,2.6,5.0,4.7,8.3,21.0,6.8,Good
STU3015,4.24,2.0,2.0,42.6,29.2,28.4,50.2,1.3,Never,4.5, Actively Use ,3.4,NaN,0.0,NaN,6.9,107.0,1.1,At-Risk
STU2069,6.7,1.0,1.0,56.9,69.3,59.0,56.9,2.3,Monthly,3.2,NaN,1.0,1.2,2.0,2.0,6.9,48.0,1.2,Average
STU4390,9.48,0.0,0.0,96.6,84.6,89.1,98.1,6.4,Weekly,1.6,Keep Away,0.8,2.0,3.0,7.1,8.6,22.0,6.7,Good
STU0880,3.74,2.0,2.0,34.7,37.1,32.5,38.4,1.4,Never,6.9,actively use,3.0,0.1,NaN,1.7,4.9,43.0,1.9,At-Risk
STU6680,6.69,1.0,1.0,59.1,80.6,63.4,67.0,2.9,Weekly,3.1,NaN,1.6,1.0,1.0,2.7,7.1,16.0,2.5,Average
STU3798,4.23,3.0,3.0,34.7,36.5,19.0,47.8,0.2,Never,7.5,Actively Use,4.5,0.8,0.0,2.0,4.4,53.0,1.3,At-Risk
STU0759,8.22,0.0,0.0,76.3,94.9,80.4,86.0,7.2,Weekly,0.5,Silent,0.7,1.3,5.0,4.5,7.4,20.0,6.2,Good
STU3122,9.51,0.0,0.0,95.9,97.8,96.1,81.1,5.6,Weekly,2.0,Keep Away,0.9,2.1,5.0,4.8,8.5,25.0,4.3,Good
STU2403,3.9,2.0,1.0,46.3,40.9,48.4,24.0,0.2,Only Before Exam,6.6,actively use,2.5,0.2,1.0,1.0,5.9,93.0,NaN,At-Risk
STU2060,4.58,4.0,3.0,51.1,38.2,21.7,35.0,0.8,Never,4.7,Actively Use,1.1,NaN,0.0,1.6,5.7,97.0,NaN,At-Risk
STU5402,8.28,0.0,0.0,87.8,94.0,96.9,NaN,NaN,weekly,0.2,Silent,0.2,1.5,NaN,3.3,8.1,24.0,3.5,Good
STU5017,6.48,2.0,1.0,74.1,74.9,56.3,59.4,3.7, Weekly ,2.7,Actively Use,1.5,1.0,2.0,3.8,6.3,26.0,2.3,Average
STU2578,4.88,3.0,NaN,43.8,62.0,34.8,41.1,1.9,Monthly,4.9,Actively Use,2.8,1.0,0.0,0.1,5.1,59.0,1.0,At-Risk
STU1912,9.69,0.0,0.0,99.1,92.1,99.2,75.1,7.3,weekly,0.3, Keep Away ,0.4,1.6,3.0,5.9,7.7,8.0,NaN,Good
STU4958,6.27,1.0,1.0,59.6,81.7,68.1,57.4,NaN,Monthly,3.1,keep away,0.6,0.5,0.0,NaN,6.8,59.0,1.9,At-Risk
STU6092,6.23,2.0,1.0,69.4,62.5,57.7,72.2,2.5,Weekly,2.4,NaN,1.1,0.8,2.0,NaN,7.9,41.0,NaN,Average
STU1074,NaN,0.0,0.0,92.6,95.0,75.9,95.8,7.2,Weekly,NaN,Keep Away,0.5,NaN,2.0,3.4,7.7,16.0,4.2,Good
STU0059,8.22,0.0,0.0,89.4,90.3,83.7,87.4,3.8,Daily,NaN,Silent,0.1,1.1,4.0,7.9,NaN,7.0,NaN,Good
STU6315,6.89,1.0,1.0,61.8,72.4,64.4,67.9,1.8,Monthly,3.2,Silent,2.0,NaN,1.0,1.0,6.4,30.0,2.3,At-Risk
STU2295,NaN,4.0,2.0,39.1,26.4,39.6,48.3,0.9,Only Before Exam,7.5,NaN,1.6,0.9,0.0,0.7,5.2,51.0,0.9,At-Risk
STU7362,7.71,0.0,0.0,88.2,88.2,83.8,101.5,5.3,Daily,1.3,Keep Away,0.7,2.7,NaN,4.7,7.1,9.0,6.9,Good
STU5917,9.46,0.0,0.0,97.9,89.2,94.1,82.9,5.8,DAILY,0.4,Keep Away,0.6,1.2,6.0,6.0,9.0,28.0,6.0,Good
STU2399,9.04,0.0,NaN,NaN,96.7,94.0,93.7,7.5,Weekly,1.4,NaN,0.5,1.7,4.0,NaN,8.1,1.0,NaN,Good
STU3134,6.52,2.0,2.0,58.4,72.7,63.8,51.0,3.6,Weekly,3.2,Actively Use,NaN,0.5,0.0,3.5,7.8,52.0,1.4,At-Risk
STU1069,9.48,0.0,0.0,95.5,90.8,88.1,75.8,5.6,Daily,0.1,Keep Away,0.6,2.9,6.0,4.0,8.3,27.0,3.1,Good
STU2530,8.82,0.0,0.0,92.1,86.3,87.3,91.9,6.7,Daily,0.8,Silent,1.0,1.8,4.0,3.5,8.5,8.0,3.8,Good
STU6498,8.08,0.0,0.0,76.3,95.1,78.3,74.6,4.4,Weekly,NaN,SILENT,0.1,2.9,5.0,6.9,7.8,7.0,NaN,Good
STU1478,9.35,0.0,0.0,99.7,89.3,73.8,87.4,6.8,Weekly,0.9,Silent,0.6,1.4,4.0,5.4,8.3,25.0,4.7,Good
STU1514,NaN,0.0,0.0,75.4,89.4,96.5,89.2,6.8,Daily,1.6,keep away,0.8,2.4,2.0,5.2,9.0,7.0,5.3,Good
STU3286,7.81,0.0,0.0,73.8,NaN,78.4,83.1,4.4,weekly,0.1,Keep Away,0.7,1.2,3.0,3.1,8.2,1.0,3.1,Good
STU5619,7.45,2.0,1.0,68.7,65.6,66.8,56.5,4.0, Weekly ,2.8,Silent,1.9,0.7,0.0,1.0,6.5,45.0,NaN,At-Risk
STU3069,8.5,0.0,0.0,80.7,84.8,87.6,72.1,4.8,Daily,1.6,Keep Away,0.7,1.1,2.0,NaN,8.9,11.0,3.3,Good
STU5890,7.81,0.0,NaN,93.5,98.4,93.6,90.5,4.0,WEEKLY,0.1,Silent,0.9,2.2,5.0,5.3,8.3,28.0,3.7,Good
STU6688,9.4,0.0,0.0,87.0,88.1,92.2,74.1,6.9,Daily,0.5,Keep Away,NaN,1.5,3.0,4.3,7.7,6.0,4.0,Good
STU4613,9.57,0.0,0.0,78.7,85.2,89.9,97.6,5.9,NaN,1.7,Keep Away,0.5,1.4,4.0,5.4,7.4,24.0,4.9,Good
STU6971,7.63,0.0,0.0,73.7,97.6,70.3,85.1,7.4, Daily ,1.7,Keep Away,0.2,1.5,4.0,3.9,7.2,10.0,4.8,Good
STU3290,7.53,0.0,0.0,91.6,87.1,88.7,83.5,6.5,Weekly,0.1,Silent,NaN,1.1,3.0,3.2,8.2,6.0,6.8,Good
STU1800,NaN,3.0,1.0,34.3,43.6,21.7,38.7,1.0,Never,6.3, Actively Use ,4.6,0.9,1.0,2.0,7.0,48.0,1.5,At-Risk
STU5952,9.73,0.0,0.0,88.8,96.7,87.9,85.7,5.6,Daily,0.5,Silent,0.7,2.7,6.0,7.3,7.4,18.0,NaN,Good
STU6141,6.51,2.0,1.0,55.9,63.9,65.6,60.1,2.3,Weekly,2.8,ACTIVELY USE,1.1,NaN,2.0,2.1,6.3,40.0,2.3,At-Risk
STU2501,9.1,0.0,0.0,84.6,99.5,79.1,88.8,6.8,NaN,1.8,Silent,0.4,2.4,3.0,4.5,8.0,NaN,6.6,Good
STU7272,9.63,0.0,0.0,86.6,85.9,83.7,91.5,6.7,DAILY,1.8,Keep Away,0.8,1.7,6.0,4.7,8.2,10.0,4.2,Good
STU7209,5.91,2.0,2.0,61.8,83.8,64.2,60.8,2.8,Monthly,NaN,Actively Use,1.8,1.1,2.0,2.1,7.4,48.0,3.0,At-Risk
STU4289,4.08,5.0,1.0,53.4,47.7,32.4,34.3,0.9,Only Before Exam,3.7,Actively Use,NaN,0.8,1.0,1.6,5.6,102.0,0.4,At-Risk
STU3796,9.59,0.0,0.0,78.2,94.1,101.0,70.9,4.3,Daily,1.1,KEEP AWAY,1.0,1.4,4.0,4.7,7.2,8.0,4.4,Good
STU5804,6.44,1.0,1.0,66.1,76.2,52.0,NaN,3.8,weekly,2.5,Keep Away,1.3,1.3,1.0,NaN,6.6,23.0,2.4,Average
STU7042,8.61,0.0,0.0,92.1,86.8,92.9,96.4,5.4,Daily,0.5,Silent,0.1,2.7,3.0,7.0,7.9,2.0,4.5,Good
STU4086,4.82,4.0,4.0,NaN,41.6,45.2,24.5,0.3,MONTHLY,4.3,Actively Use,4.6,NaN,1.0,0.7,6.9,73.0,1.1,At-Risk
STU4984,8.31,0.0,0.0,97.0,90.4,91.0,NaN,5.0, Weekly ,0.9,KEEP AWAY,0.3,1.3,6.0,5.4,8.0,5.0,3.6,Good
STU2682,3.24,5.0,1.0,32.1,44.2,32.4,44.0,0.9,Never,4.5,Actively Use,3.9,0.6,0.0,1.6,6.0,96.0,NaN,At-Risk
STU2506,8.9,0.0,0.0,79.2,95.8,74.5,95.1,3.9,Weekly,0.3,Keep Away,NaN,2.3,6.0,7.9,7.2,24.0,NaN,Good
STU1304,8.91,0.0,0.0,80.2,98.0,93.3,85.6,5.8,Daily,1.9,Keep Away,0.3,1.5,4.0,7.7,8.6,3.0,6.3,Good
STU4723,8.96,NaN,0.0,78.5,96.6,97.9,97.3,6.7,Daily,1.4,Silent,NaN,1.3,3.0,NaN,7.9,28.0,4.4,Good
STU3806,3.47,4.0,1.0,NaN,36.4,35.3,26.0,1.5,Monthly,7.8,Actively Use,4.2,0.6,0.0,1.1,5.4,53.0,0.4,At-Risk
STU1174,6.69,2.0,2.0,118.5,66.8,61.4,54.0,NaN,Weekly,4.0,Actively Use,0.8,0.7,1.0,2.4,7.4,30.0,1.8,At-Risk
STU1433,5.94,1.0,1.0,59.1,71.2,69.7,48.5,2.2,Monthly,2.5,Silent,1.6,NaN,1.0,2.4,6.2,55.0,2.2,At-Risk
STU1100,9.89,0.0,0.0,96.1,97.4,81.5,73.9,6.1,weekly,1.1,Keep Away,0.8,3.0,NaN,5.5,7.9,26.0,3.7,Good
STU6698,7.03,2.0,1.0,69.0,80.0,55.6,69.8,2.4,Monthly,3.1,Silent,0.7,NaN,2.0,NaN,6.5,44.0,3.6,Average
STU1909,6.87,2.0,1.0,60.5,63.3,63.7,54.3,3.0,MONTHLY,4.0,Keep Away,NaN,NaN,2.0,3.4,6.8,53.0,3.7,Average
STU6524,9.98,0.0,0.0,83.9,93.1,80.8,75.4,6.4,Weekly,1.1,Keep Away,0.1,2.8,4.0,5.5,7.7,NaN,6.1,Good
STU6513,9.28,0.0,0.0,86.6,85.8,96.8,79.9,4.0,Weekly,-0.0,Silent,NaN,1.8,5.0,NaN,8.1,22.0,5.0,Good
STU6378,6.55,NaN,1.0,56.8,86.0,60.6,65.1,NaN,Monthly,3.5,Silent,1.3,0.9,0.0,2.4,6.0,38.0,2.1,At-Risk
STU5798,9.53,0.0,0.0,77.8,95.4,72.4,84.8,5.3,DAILY,NaN, Silent ,0.2,2.9,2.0,6.0,NaN,30.0,6.0,Good
STU1406,4.12,5.0,1.0,37.4,29.5,29.8,31.2,1.4,NEVER,6.8,Actively Use,2.2,NaN,0.0,1.3,6.0,57.0,1.8,At-Risk
STU7283,9.83,0.0,0.0,87.9,97.4,89.8,86.8,5.3,Weekly,0.6,Silent,0.3,1.6,2.0,6.5,7.8,19.0,5.2,Good
STU7290,8.45,0.0,0.0,76.8,98.1,82.7,74.5,4.0,Weekly,NaN,Keep Away,0.0,1.3,3.0,4.2,7.5,22.0,5.5,Good
STU2814,9.98,0.0,0.0,81.4,92.1,93.9,77.0,NaN,Weekly,0.9,Keep Away,0.7,1.1,4.0,4.9,7.6,14.0,4.0,Good
STU0310,3.7,5.0,3.0,52.5,19.6,41.1,41.3,1.4,NaN,7.8,Actively Use,2.2,0.3,0.0,0.2,5.4,82.0,0.5,At-Risk
STU4091,8.74,0.0,NaN,86.9,87.6,76.4,76.9,7.4,Weekly,1.7,Keep Away,0.4,2.4,6.0,5.5,7.2,10.0,6.3,Good
STU0776,3.66,3.0,2.0,42.7,54.7,33.4,43.8,0.2,NaN,4.2,actively use,3.9,NaN,1.0,0.7,4.8,91.0,0.7,At-Risk
STU4581,8.33,0.0,0.0,88.7,87.6,74.7,98.1,6.7,DAILY,1.8,NaN,1.0,1.8,4.0,6.4,7.5,27.0,5.2,Good
STU0368,7.48,1.0,1.0,68.5,82.5,53.7,57.2,3.3,Monthly,2.0,SILENT,0.5,1.2,1.0,2.9,6.8,NaN,2.5,At-Risk
STU0571,9.79,0.0,0.0,80.2,85.6,72.4,98.4,5.0,daily,0.8,Keep Away,0.4,2.2,5.0,3.4,7.5,NaN,6.7,Good
STU4100,3.73,5.0,2.0,33.2,31.3,35.4,39.5,1.0, Never ,7.7,actively use,2.0,0.7,1.0,NaN,5.9,45.0,0.9,At-Risk
STU4746,8.81,0.0,0.0,78.7,91.4,78.9,69.4,4.4,NaN,NaN,Silent,0.8,1.6,3.0,6.8,7.2,30.0,4.6,Good
STU5069,8.31,0.0,0.0,79.6,90.7,93.3,93.4,6.6, Daily ,2.0, Keep Away ,1.0,NaN,6.0,4.0,7.9,8.0,6.4,Good
STU4538,6.83,2.0,2.0,66.8,77.8,62.6,55.1,2.6,monthly,2.2,Keep Away,1.9,1.0,2.0,3.9,7.0,31.0,2.7,At-Risk
STU1594,3.69,2.0,2.0,33.8,44.9,47.0,23.6,NaN,Never,4.0,Actively Use,4.9,0.8,1.0,1.2,6.8,115.0,NaN,At-Risk
STU2264,4.36,2.0,2.0,102.0,58.7,24.4,30.5,NaN,MONTHLY,4.4,Actively Use,2.1,0.8,NaN,2.0,6.3,91.0,1.0,At-Risk
STU1542,4.27,3.0,NaN,45.6,41.9,46.5,NaN,0.4,Monthly,3.5,Silent,1.5,0.7,1.0,0.7,6.2,87.0,0.8,At-Risk
STU7396,9.74,0.0,0.0,101.1,94.7,98.9,89.4,5.7,DAILY,1.6,keep away,1.0,3.0,2.0,6.8,8.0,5.0,4.2,Good
STU6542,9.83,0.0,0.0,87.5,95.4,83.2,89.6,4.0,DAILY,2.2,Keep Away,0.9,2.8,4.0,4.4,7.6,30.0,4.6,Good
STU4645,5.55,1.0,1.0,63.2,NaN,63.5,50.2,3.2,Monthly,2.6,KEEP AWAY,0.6,1.5,2.0,1.6,6.7,28.0,1.6,Average
STU6654,7.4,1.0,1.0,71.8,66.4,55.6,63.9,2.6,Weekly,3.6,NaN,1.9,0.6,1.0,1.7,7.2,42.0,3.2,Average
STU7324,9.64,0.0,0.0,77.0,94.7,81.0,81.9,4.7,Weekly,1.4,Keep Away,0.5,2.1,2.0,6.1,7.3,3.0,6.7,Good
STU5325,9.18,0.0,NaN,86.2,95.5,75.7,85.6,7.1,Daily,1.1,keep away,0.5,1.9,3.0,6.8,8.4,7.0,6.0,Good
STU7092,8.83,0.0,0.0,96.3,93.5,90.1,92.1,4.4,NaN,-0.1,keep away,0.1,1.3,4.0,7.1,7.9,22.0,3.7,Good
STU0073,NaN,2.0,2.0,42.6,24.3,25.6,44.5,1.8,NaN,4.7,Silent,NaN,0.6,0.0,0.8,4.0,79.0,0.3,At-Risk
STU4830,8.57,0.0,0.0,84.9,97.2,75.6,77.9,5.9,Daily,1.3,KEEP AWAY,0.0,2.1,2.0,4.5,8.5,12.0,4.9,Good
STU5314,9.26,0.0,0.0,92.6,92.7,76.5,83.6,8.0,Daily,1.2, Keep Away ,0.7,1.5,3.0,3.5,7.3,27.0,4.9,Good
STU2836,9.61,0.0,0.0,80.1,91.5,75.0,94.3,4.3,DAILY,0.2,KEEP AWAY,0.9,2.4,6.0,7.4,7.4,11.0,4.6,Good
STU4270,6.15,2.0,1.0,62.3,76.3,63.8,69.8,3.7,MONTHLY,2.2,Keep Away,1.6,0.7,1.0,2.7,6.2,44.0,1.1,At-Risk
STU6663,6.59,1.0,1.0,68.4,66.3,61.2,55.1,4.2,Monthly,2.1,SILENT,0.6,NaN,2.0,2.6,6.7,41.0,3.6,Average
STU3737,6.41,2.0,2.0,NaN,78.9,50.5,50.7,2.8,Weekly,2.5,Actively Use,1.6,1.2,0.0,2.0,6.2,18.0,1.5,At-Risk
STU5959,7.43,1.0,1.0,70.2,71.8,69.0,59.8,3.3,Weekly,2.1,Silent,1.5,0.8,0.0,NaN,6.7,32.0,2.2,At-Risk
STU2512,7.38,2.0,1.0,59.6,81.8,56.1,69.2,3.6,Weekly,3.9,Keep Away,1.2,1.4,0.0,3.9,6.6,28.0,2.3,Average
STU1781,6.62,1.0,1.0,64.3,68.5,56.6,56.0,2.8,monthly,3.2,Keep Away,1.7,NaN,2.0,1.9,7.2,27.0,3.5,Average
STU1776,4.26,4.0,4.0,53.8,56.9,45.3,22.6,1.6,Only Before Exam,3.8, Actively Use ,NaN,0.9,1.0,1.6,5.6,87.0,1.7,At-Risk
STU1535,8.36,0.0,0.0,89.6,93.7,98.5,99.1,7.9,Weekly,1.6, Keep Away ,0.9,1.4,3.0,7.2,8.5,22.0,6.9,Good
STU3106,4.15,5.0,3.0,54.4,34.9,33.4,25.4,0.4,monthly,6.2,actively use,1.5,NaN,1.0,1.1,NaN,89.0,NaN,At-Risk
STU3766,8.56,0.0,0.0,99.8,93.8,86.4,95.1,5.3,Daily,0.4,Keep Away,0.8,1.3,5.0,7.1,8.3,23.0,5.2,Good
STU3335,8.77,0.0,NaN,82.8,100.9,84.3,94.7,7.7,Weekly,0.4,Keep Away,NaN,1.9,6.0,4.8,7.2,3.0,6.3,Good
STU5646,6.47,1.0,1.0,59.7,70.4,58.2,66.3,2.6,weekly,2.7,Keep Away,0.6,1.2,2.0,3.2,6.8,19.0,NaN,Average
STU7049,9.96,0.0,0.0,79.3,91.7,97.5,102.5,7.0,Weekly,1.1,Keep Away,0.7,1.5,2.0,5.4,8.0,10.0,3.3,Good
STU5677,9.58,0.0,0.0,94.0,101.3,90.8,98.0,5.4,Daily,0.7,Keep Away,NaN,1.9,2.0,7.8,7.0,NaN,5.0,Good
STU5495,6.18,2.0,1.0,57.6,69.8,66.5,51.1,2.9,Weekly,2.1,Silent,1.8,1.4,1.0,2.5,7.5,53.0,2.8,Average
STU4395,9.72,0.0,0.0,79.5,88.2,84.1,69.8,7.0,Weekly,1.4,Keep Away,NaN,1.9,5.0,6.0,6.9,7.0,5.8,Good
STU6691,7.59,0.0,0.0,97.2,97.9,89.7,79.2,4.8,Weekly,1.1,SILENT,0.3,1.4,6.0,NaN,8.4,18.0,5.1,Good
STU4363,8.1,0.0,NaN,95.1,85.9,NaN,92.3,5.2,Weekly,1.3, Silent ,0.2,2.2,6.0,6.5,8.5,24.0,6.9,Good
STU3963,8.04,0.0,0.0,96.8,90.0,101.7,69.8,6.2,DAILY,0.6,Keep Away,1.0,3.0,5.0,4.2,7.6,12.0,6.0,Good
STU5360,9.86,0.0,0.0,87.5,102.6,81.9,90.7,4.6,Daily,1.5,Keep Away,0.2,1.1,3.0,NaN,8.3,3.0,4.2,Good
STU1785,5.33,5.0,2.0,38.9,56.4,30.9,39.2,1.3,Never,3.1,Actively Use,2.4,NaN,0.0,2.0,4.5,90.0,1.1,At-Risk
STU6040,7.18,2.0,2.0,75.4,80.8,65.8,59.7,3.9,Weekly,2.6,Actively Use,1.6,1.2,2.0,3.5,7.6,57.0,1.1,Average
STU1030,7.66,0.0,NaN,77.6,97.0,96.5,79.6,5.7, Daily ,1.4,Keep Away,0.2,2.6,6.0,6.9,NaN,26.0,4.9,Good
STU0520,4.95,5.0,1.0,39.5,NaN,48.4,34.9,0.4,Never,4.9,Silent,4.4,0.6,0.0,1.3,6.7,103.0,1.8,At-Risk
STU2447,3.52,3.0,3.0,44.4,41.5,52.2,28.2,0.1,MONTHLY,6.0,Actively Use,4.0,0.3,0.0,1.1,4.0,103.0,1.9,At-Risk
STU1915,7.98,0.0,0.0,83.8,92.9,94.1,71.6,6.7,Weekly,1.3,Keep Away,NaN,2.6,6.0,4.4,8.6,23.0,6.1,Good
STU7077,8.38,0.0,0.0,92.5,96.0,NaN,NaN,6.0, Weekly ,1.8,Silent,0.0,1.9,3.0,7.4,7.1,13.0,5.7,Good
STU1610,9.74,0.0,0.0,90.9,98.7,88.5,79.5,5.3,Weekly,0.8,Keep Away,1.0,1.0,2.0,7.9,9.0,16.0,7.0,Good
STU5893,9.13,0.0,0.0,76.4,82.9,93.7,NaN,NaN,Weekly,0.4,Silent,0.1,1.3,5.0,5.9,8.1,25.0,6.8,Good
STU0396,9.3,0.0,0.0,76.7,87.3,103.8,75.0,4.4,Daily,0.3,Keep Away,NaN,1.8,3.0,7.0,7.8,14.0,4.8,Good
STU4191,4.43,NaN,1.0,33.2,49.5,47.6,35.3,NaN,NaN,5.1,silent,2.9,0.7,0.0,0.4,6.7,114.0,1.6,At-Risk
STU1984,8.32,0.0,NaN,85.9,95.8,87.1,80.0,5.8,Weekly,0.7,keep away,0.6,1.7,5.0,6.6,8.2,NaN,3.6,Good
STU1937,8.75,0.0,0.0,83.8,96.3,78.9,81.6,7.1,Daily,1.0,Keep Away,0.8,2.3,5.0,5.1,8.0,21.0,6.9,Good
STU3365,4.38,2.0,2.0,31.5,41.7,36.3,27.6,0.4,Never,4.3,ACTIVELY USE,3.5,0.1,0.0,NaN,5.3,101.0,NaN,At-Risk
STU5162,9.72,0.0,0.0,86.2,94.2,93.2,76.8,4.5,Weekly,2.1,Silent,0.2,2.1,4.0,4.5,8.7,29.0,6.8,Good
STU1034,9.0,0.0,0.0,78.1,91.0,79.2,92.5,5.9,Daily,0.8,Silent,0.3,3.0,4.0,3.4,7.0,6.0,3.9,Good
STU5490,9.47,0.0,NaN,77.9,104.4,71.5,79.9,6.1,Weekly,0.7,keep away,0.5,2.4,6.0,6.6,8.7,19.0,6.4,Good
STU7348,9.03,0.0,0.0,91.3,88.9,79.1,93.4,7.0,Daily,1.2,Keep Away,0.8,2.6,6.0,4.7,8.1,8.0,NaN,Good
STU4389,3.26,2.0,2.0,41.4,28.0,25.6,NaN,0.8,Monthly,NaN,Actively Use,4.5,0.9,1.0,1.2,4.9,57.0,1.6,At-Risk
STU0605,7.91,0.0,0.0,92.9,96.8,NaN,76.8,7.4,Daily,0.7,Silent,0.6,1.1,5.0,3.2,8.4,20.0,4.8,Good
STU5367,9.04,0.0,0.0,83.7,92.9,71.0,89.4,7.5,WEEKLY,1.0,Silent,0.1,1.1,2.0,NaN,NaN,21.0,3.3,Good
STU6303,6.35,2.0,1.0,66.5,78.4,52.1,51.5,3.2,Monthly,3.9,ACTIVELY USE,1.4,1.4,0.0,3.9,7.8,60.0,3.9,Average
STU2805,9.44,0.0,0.0,83.9,NaN,74.1,83.0,7.2,NaN,1.4,Keep Away,0.7,1.6,6.0,6.3,7.8,NaN,6.8,Good
STU1432,3.01,2.0,2.0,34.4,NaN,41.8,33.1,0.9,Only Before Exam,6.8,actively use,4.3,1.0,0.0,1.3,5.3,85.0,0.6,At-Risk
STU6254,NaN,2.0,2.0,68.8,83.4,50.5,57.7,NaN,Weekly,3.8,Silent,2.0,1.1,2.0,2.7,7.8,34.0,1.0,At-Risk
STU3651,8.4,0.0,0.0,75.5,91.1,72.9,75.6,4.7,Weekly,0.6,Keep Away,0.1,1.5,3.0,NaN,7.3,22.0,4.8,Good
STU6482,7.78,0.0,0.0,95.5,94.3,104.4,86.8,NaN,Daily,0.5,Keep Away,0.4,1.6,2.0,8.0,7.4,4.0,3.1,Good
STU2366,9.98,NaN,0.0,82.5,92.3,97.8,88.3,5.0,Weekly,1.3,Keep Away,0.2,1.7,4.0,4.1,7.6,13.0,3.0,Good
STU1322,5.82,2.0,1.0,73.3,66.2,56.1,67.7,2.8,Weekly,1.8,Silent,1.2,0.6,0.0,4.0,7.2,36.0,1.8,At-Risk
STU2577,4.53,3.0,1.0,NaN,42.7,23.1,41.5,0.7,Only Before Exam,4.4,actively use,5.0,0.6,0.0,1.4,5.6,63.0,1.5,At-Risk
STU6359,6.22,1.0,1.0,63.3,77.4,63.9,61.6,2.6,Weekly,3.0,Silent,1.7,NaN,0.0,3.1,6.5,46.0,NaN,Average
STU2642,8.25,0.0,0.0,92.2,86.5,84.9,81.4,7.8,Weekly,0.3,Silent,0.8,NaN,2.0,3.4,7.5,30.0,3.4,Good
STU4727,7.57,0.0,0.0,91.3,97.7,91.2,83.0,7.4,daily,1.3,Keep Away,0.4,2.4,4.0,7.6,8.8,15.0,6.7,Good
STU5253,9.81,0.0,0.0,95.2,92.0,89.2,74.4,5.6,Daily,0.9,Keep Away,0.6,NaN,4.0,NaN,7.3,29.0,3.3,Good
STU5638,7.12,2.0,1.0,72.5,75.4,62.1,62.1,2.2,Monthly,3.4,Silent,0.6,1.1,2.0,2.8,6.7,54.0,1.1,Average
STU5385,8.27,0.0,0.0,96.5,90.8,88.4,77.3,7.5,weekly,1.9,Silent,0.8,NaN,3.0,4.5,NaN,28.0,6.8,Good
STU3433,7.61,0.0,0.0,88.4,88.3,84.4,88.4,NaN,daily,0.6,Silent,0.2,1.9,6.0,8.0,7.7,23.0,4.7,Good
STU2684,9.55,0.0,0.0,73.5,89.0,91.6,NaN,5.5,Daily,1.8,Keep Away,0.2,1.4,6.0,7.2,9.0,15.0,3.9,Good
STU3381,4.76,4.0,3.0,45.0,31.1,45.3,31.0,1.1,Never,5.3, Actively Use ,1.3,0.6,0.0,0.8,4.3,102.0,1.2,At-Risk
STU4319,8.19,0.0,NaN,77.9,87.7,82.3,NaN,7.5,Daily,0.4,Keep Away,0.6,2.6,6.0,4.3,7.5,0.0,5.7,Good
STU4074,9.97,0.0,0.0,79.8,89.1,89.8,80.4,5.5,NaN,1.9,Silent,0.0,2.1,3.0,4.7,7.8,29.0,NaN,Good
STU6278,9.55,0.0,0.0,94.6,92.5,95.8,85.9,NaN,Daily,0.3,silent,0.2,2.5,6.0,6.2,8.3,6.0,3.9,Good
STU5724,6.55,1.0,1.0,62.4,84.8,48.8,61.8,2.4,Weekly,3.4,Keep Away,1.0,1.0,2.0,3.4,NaN,27.0,3.0,Average
STU3933,7.75,0.0,0.0,92.0,83.7,100.0,97.3,6.1, Daily ,0.9,KEEP AWAY,NaN,2.5,6.0,6.8,7.1,8.0,6.2,Good
STU1743,5.15,3.0,3.0,53.0,53.0,39.1,32.7,-0.2,Only Before Exam,6.5, Actively Use ,5.0,0.7,1.0,0.0,5.4,63.0,NaN,At-Risk
STU5570,9.99,0.0,0.0,79.8,95.9,99.3,89.4,5.5,Daily,1.4,Keep Away,0.8,2.9,3.0,5.3,8.7,14.0,6.7,Good
STU1878,4.87,5.0,4.0,34.5,44.1,42.8,38.2,1.6,Monthly,4.0,SILENT,3.3,NaN,1.0,NaN,5.8,63.0,1.5,At-Risk
STU5613,5.78,1.0,1.0,72.6,77.9,59.4,55.4,2.3,Weekly,NaN,Silent,1.3,1.2,1.0,3.4,7.9,57.0,3.4,Average
STU6597,8.28,0.0,0.0,94.3,86.3,96.2,93.9,4.3,weekly,1.1,Silent,0.6,2.2,5.0,6.4,7.8,19.0,6.6,Good
STU5733,7.73,0.0,0.0,75.8,93.8,79.0,87.1,4.3,Daily,1.9,keep away,0.3,2.6,3.0,7.1,9.0,28.0,6.0,Good
STU1924,8.76,0.0,0.0,88.5,98.6,86.5,90.2,6.9,Weekly,1.9,Silent,NaN,2.2,5.0,3.4,7.8,1.0,4.6,Good
STU6364,8.32,0.0,0.0,77.8,91.3,75.3,NaN,8.1,daily,0.5,keep away,0.8,2.0,3.0,7.9,7.2,5.0,3.4,Good
STU2842,9.93,0.0,0.0,85.6,NaN,76.5,95.6,7.1,Daily,1.5,Keep Away,0.4,NaN,5.0,6.0,8.6,27.0,NaN,Good
STU4384,9.48,0.0,0.0,91.7,97.2,96.6,79.2,5.1,Daily,1.7,Keep Away,0.6,1.1,3.0,3.9,7.4,30.0,5.4,Good
STU6429,9.27,0.0,0.0,78.9,89.3,72.7,73.3,6.1,NaN,0.7,keep away,0.2,NaN,3.0,6.4,7.4,11.0,6.6,Good
STU5796,8.38,0.0,0.0,96.2,98.2,79.1,70.4,4.6,Weekly,0.2,Silent,0.9,1.3,6.0,NaN,8.8,26.0,6.5,Good
STU4210,8.31,0.0,0.0,91.3,96.2,90.9,92.5,6.9,daily,NaN,Keep Away,0.3,2.8,4.0,6.0,7.5,22.0,6.4,Good
STU0028,7.41,2.0,2.0,69.3,NaN,63.1,58.1,2.4,weekly,2.6,Silent,1.6,0.5,0.0,1.3,6.2,31.0,1.1,At-Risk
STU5359,6.35,2.0,1.0,59.3,69.0,56.6,51.2,3.1,Weekly,3.3,Silent,NaN,0.9,2.0,3.8,6.7,32.0,1.3,Average
STU3569,9.77,0.0,0.0,93.3,90.6,82.5,90.4,NaN,Weekly,1.8,Keep Away,0.7,1.1,6.0,3.6,8.3,10.0,4.0,Good
STU6883,7.4,2.0,2.0,NaN,79.0,50.1,58.8,4.1,Monthly,3.4,Actively Use,1.8,0.9,1.0,1.2,6.9,31.0,2.1,At-Risk
STU5031,8.84,0.0,0.0,95.8,91.1,74.9,88.6,7.4,NaN,0.1,Keep Away,0.0,NaN,2.0,4.2,7.1,NaN,4.7,Good
STU2177,8.53,NaN,0.0,92.4,84.2,70.4,75.7,6.0,Daily,0.5,Keep Away,0.3,2.3,4.0,4.8,8.1,0.0,4.6,Good
STU4622,7.4,1.0,1.0,67.0,75.4,60.4,55.0,3.4, Weekly ,3.4,Silent,1.3,1.0,1.0,3.7,6.2,36.0,2.2,Average
STU5500,9.71,0.0,0.0,97.9,98.6,85.5,98.4,5.6,Daily,0.1,Keep Away,0.3,3.0,3.0,6.1,7.8,1.0,5.5,Good
STU6877,9.39,0.0,0.0,99.9,91.8,82.7,82.7,5.5,Weekly,-0.3,Silent,0.7,1.0,4.0,3.3,7.6,18.0,6.7,Good
STU3880,8.79,0.0,0.0,80.8,97.2,99.3,71.1,4.9,Daily,0.5, Keep Away ,NaN,1.5,6.0,4.9,8.9,4.0,6.4,Good
STU4603,9.65,0.0,0.0,97.1,95.6,75.8,79.3,4.7,Daily,-0.0,KEEP AWAY,0.6,2.8,4.0,6.4,8.7,1.0,5.0,Good
STU7084,9.59,0.0,0.0,100.1,90.0,102.9,NaN,7.0,Weekly,2.3,silent,0.6,2.1,4.0,6.3,7.7,0.0,3.7,Good
STU7263,8.39,0.0,0.0,82.8,99.6,73.4,89.6,7.6,Daily,NaN,Silent,0.5,1.1,2.0,5.5,7.7,13.0,6.1,Good
STU1224,7.96,0.0,0.0,95.9,89.4,93.7,83.8,4.2,Weekly,NaN,NaN,0.1,2.6,3.0,NaN,7.6,0.0,6.0,Good
STU2445,5.2,4.0,3.0,44.4,44.2,29.1,29.7,0.9,Never,6.7,Actively Use,2.4,0.2,0.0,0.7,NaN,120.0,1.5,At-Risk
STU5526,7.79,0.0,0.0,98.0,99.2,87.7,72.3,6.9,Weekly,0.6,NaN,NaN,NaN,5.0,4.2,NaN,20.0,4.7,Good
STU3313,7.09,2.0,1.0,55.2,81.1,58.6,55.0,2.9,Weekly,3.3,Keep Away,NaN,1.2,0.0,2.7,6.5,NaN,1.8,Average
STU7233,3.03,5.0,1.0,47.2,49.7,24.2,28.0,NaN,never,NaN,Actively Use,2.2,0.7,NaN,NaN,4.9,59.0,1.4,At-Risk
STU3068,6.69,NaN,1.0,66.7,62.0,62.9,66.6,2.6,NaN,3.3,Silent,0.8,NaN,2.0,NaN,6.9,51.0,1.7,Average
STU1627,10.0,0.0,0.0,91.2,95.6,88.9,93.0,4.1,daily,0.2,silent,0.7,2.8,2.0,6.4,NaN,5.0,4.4,Good
STU1265,NaN,0.0,0.0,94.8,86.1,76.1,89.4,5.2,Weekly,2.1,Silent,0.7,1.7,4.0,4.4,7.9,3.0,3.3,Good
STU3970,7.53,0.0,0.0,93.0,100.9,97.9,90.5,NaN,NaN,0.9,Keep Away,0.3,1.7,5.0,NaN,8.4,14.0,NaN,Good
STU6531,9.36,0.0,0.0,85.0,95.9,94.8,84.7,NaN,Weekly,1.1,Keep Away,0.7,2.5,3.0,7.2,7.4,9.0,3.9,Good
STU0878,4.03,5.0,1.0,49.8,NaN,21.1,48.3,0.2,Never,6.9,Actively Use,4.0,NaN,1.0,0.1,12.2,70.0,0.9,At-Risk
STU7168,8.35,0.0,0.0,95.2,NaN,96.4,97.2,6.4,Daily,1.4,Keep Away,NaN,1.6,6.0,5.8,6.9,7.0,6.4,Good
STU3479,6.97,1.0,1.0,61.8,60.3,67.5,70.0,2.8, Monthly ,3.8,Silent,0.7,0.8,2.0,2.0,7.9,20.0,NaN,Average
STU4110,8.0,0.0,0.0,76.5,95.6,88.6,88.2,4.2,Weekly,2.1,Keep Away,NaN,2.2,3.0,6.2,7.9,23.0,NaN,Good
STU0482,8.14,0.0,0.0,94.2,86.3,82.4,88.6,4.7,Daily,1.8,KEEP AWAY,0.2,2.3,2.0,5.0,8.2,12.0,3.4,Good
STU5263,7.34,2.0,2.0,67.3,76.6,51.4,62.0,3.3, Monthly ,2.5,Actively Use,0.5,1.2,2.0,2.0,7.0,16.0,2.7,At-Risk
STU6221,5.86,2.0,2.0,61.8,78.3,54.0,52.9,3.0,Weekly,3.6,silent,1.2,1.4,2.0,1.3,7.5,36.0,2.6,Average
STU2553,8.81,0.0,0.0,87.8,92.7,79.2,95.7,NaN,Weekly,1.0,Keep Away,0.6,NaN,5.0,6.1,8.1,8.0,6.6,Good
STU6798,9.89,0.0,0.0,92.4,98.0,71.3,99.4,7.9, Weekly ,0.8, Keep Away ,1.0,2.2,6.0,NaN,8.5,7.0,5.2,Good
STU3130,9.93,0.0,0.0,91.1,95.6,92.6,96.1,7.2,Weekly,-0.3,SILENT,0.4,1.6,3.0,3.4,7.9,29.0,5.5,Good
STU4143,9.17,NaN,0.0,91.9,92.5,74.7,71.1,5.2,Daily,0.9,keep away,0.4,NaN,4.0,6.6,8.4,19.0,4.4,Good
STU2919,3.55,5.0,NaN,33.1,41.9,41.6,34.7,1.3,Never,3.8,Actively Use,2.9,NaN,1.0,1.9,4.2,59.0,0.6,At-Risk
STU6475,7.99,0.0,0.0,93.7,88.9,77.7,80.9,7.4,NaN,NaN,Keep Away,0.9,1.1,3.0,NaN,7.1,26.0,5.9,Good
STU7261,8.48,0.0,0.0,78.6,96.7,72.4,95.5,5.8,Daily,1.9,Keep Away,0.5,1.9,5.0,4.8,7.2,12.0,NaN,Good
STU2315,7.5,0.0,0.0,78.4,NaN,86.9,84.0,7.3,Weekly,0.8, Silent ,0.4,1.3,3.0,7.1,8.2,3.0,3.4,Good
STU7062,8.72,0.0,0.0,83.9,90.9,NaN,NaN,4.9,WEEKLY,0.6,Keep Away,0.9,NaN,6.0,3.5,7.5,27.0,NaN,Good
STU4329,5.19,3.0,3.0,46.7,51.9,25.0,NaN,0.2,Never,3.3,Actively Use,3.1,0.7,0.0,1.4,4.9,119.0,1.5,At-Risk
STU0942,8.88,0.0,0.0,92.6,88.5,67.5,85.1,4.3,DAILY,1.4,Silent,0.2,1.9,4.0,NaN,8.1,29.0,3.5,Good
STU6900,7.14,2.0,1.0,59.9,61.5,NaN,63.7,2.2,Weekly,3.2,keep away,1.1,0.6,0.0,2.5,7.1,59.0,1.7,Average
STU7009,7.76,NaN,0.0,91.2,89.7,79.5,NaN,6.7,Daily,0.2,Silent,0.8,1.3,4.0,6.9,8.6,30.0,6.8,Good
STU7226,7.89,0.0,NaN,85.8,90.4,100.9,70.6,6.5,NaN,1.5,KEEP AWAY,0.6,NaN,3.0,7.4,8.2,NaN,6.5,Good
STU3238,5.92,1.0,1.0,59.1,71.3,50.0,60.3,2.3,Weekly,3.1,Actively Use,0.9,1.1,1.0,3.6,7.3,32.0,2.6,Average
STU6069,8.09,0.0,0.0,NaN,99.0,84.4,79.3,7.2,Weekly,0.1,Keep Away,0.0,2.2,NaN,NaN,7.7,2.0,3.9,Good
STU5148,9.36,0.0,0.0,82.4,100.0,98.6,NaN,NaN,Weekly,1.9,Silent,1.0,1.9,2.0,NaN,7.1,9.0,3.2,Good
STU1810,8.66,0.0,NaN,97.5,101.6,82.5,96.8,4.3,Weekly,1.8,silent,0.2,1.6,2.0,5.5,8.0,22.0,NaN,Good
STU5429,6.69,2.0,2.0,61.1,81.4,63.7,65.0,3.9,WEEKLY,2.4,Silent,1.3,1.0,0.0,1.2,7.9,59.0,3.1,At-Risk
STU1166,7.78,0.0,0.0,97.2,86.3,78.9,96.2,5.6,daily,-0.0,Keep Away,0.3,NaN,4.0,3.5,7.1,22.0,5.4,Good
STU0205,7.64,0.0,0.0,82.5,88.4,100.1,84.9,5.6,NaN,1.1,Keep Away,0.1,1.9,5.0,6.1,7.9,20.0,4.6,Good
STU6084,7.6,0.0,0.0,80.5,89.0,95.3,86.2,NaN,daily,0.6,Keep Away,0.1,2.6,3.0,3.7,7.9,3.0,4.0,Good
STU3690,NaN,1.0,1.0,63.2,73.8,70.9,68.1,3.4,Weekly,2.3,Silent,1.0,0.9,2.0,2.5,6.2,56.0,2.8,At-Risk
STU6975,6.05,1.0,1.0,74.8,71.8,58.3,62.1,NaN,Monthly,2.6,Silent,1.9,0.8,0.0,NaN,7.6,34.0,3.6,At-Risk
STU3510,7.99,0.0,0.0,86.0,89.8,90.0,87.7,4.2,daily,1.5, Silent ,NaN,2.3,4.0,3.6,9.0,18.0,3.3,Good
STU1163,8.1,0.0,NaN,97.1,86.7,82.7,87.6,7.2,Daily,2.2,Keep Away,0.8,NaN,6.0,6.9,8.6,30.0,5.8,Good
STU2730,8.42,0.0,0.0,93.1,90.5,94.6,95.8,7.3,Daily,1.6,Silent,0.1,2.8,3.0,6.1,8.7,6.0,5.7,Good
STU1601,7.56,0.0,0.0,83.0,99.8,68.7,84.4,7.0,DAILY,2.0, Keep Away ,1.0,1.8,3.0,7.8,7.0,15.0,6.0,Good
STU0087,8.08,0.0,0.0,77.9,86.2,91.8,81.4,7.0,WEEKLY,0.2,Silent,0.3,2.1,4.0,7.0,7.6,21.0,5.5,Good
STU5213,9.02,0.0,0.0,84.1,96.5,94.3,77.6,4.4, Daily ,0.5,Silent,0.7,2.8,4.0,7.3,7.3,22.0,NaN,Good
STU2208,6.69,2.0,1.0,62.6,82.5,61.0,60.0,3.4,Monthly,2.8,actively use,1.1,0.6,0.0,2.8,7.8,28.0,3.1,At-Risk
STU3047,6.56,1.0,1.0,63.1,62.1,68.7,66.2,3.0,NaN,2.1, Silent ,1.6,0.8,0.0,1.5,6.7,17.0,2.6,At-Risk
STU4718,8.97,0.0,0.0,90.8,93.5,92.2,73.1,4.0,NaN,0.3,Keep Away,0.3,2.2,2.0,6.2,8.6,4.0,4.1,Good
STU5819,8.58,0.0,0.0,91.8,88.6,77.6,99.7,NaN,Weekly,1.7,SILENT,0.8,3.0,2.0,NaN,7.9,25.0,6.8,Good
STU0365,5.83,NaN,1.0,58.4,64.4,58.4,49.8,2.7,monthly,3.1,Silent,NaN,0.9,2.0,3.5,6.5,17.0,2.5,Average
STU3981,9.58,0.0,0.0,91.0,93.0,82.5,85.7,6.1,Weekly,1.7,Silent,0.4,2.4,6.0,7.2,8.9,2.0,4.0,Good
STU5084,5.66,2.0,1.0,58.4,77.9,68.8,63.6,2.5,Weekly,2.9,Silent,1.3,0.7,0.0,2.1,NaN,36.0,1.9,At-Risk
STU5964,8.02,0.0,0.0,83.6,97.0,76.0,94.0,4.3,weekly,1.9,Keep Away,0.7,1.3,2.0,7.4,7.2,30.0,4.6,Good
STU1293,4.66,2.0,1.0,50.2,48.9,30.4,NaN,0.4, Only Before Exam ,4.4,silent,4.1,0.9,0.0,1.4,5.5,97.0,0.2,At-Risk
STU3976,9.69,0.0,0.0,95.6,94.8,77.3,99.1,6.4,Daily,1.9,Keep Away,0.2,3.0,4.0,7.1,8.8,29.0,3.8,Good
STU5135,8.87,0.0,0.0,79.1,101.8,91.5,74.8,5.4,DAILY,1.6,Silent,0.4,2.1,6.0,3.6,7.5,19.0,4.7,Good
STU6055,7.48,1.0,1.0,54.8,65.6,54.4,67.2,3.0,weekly,3.1,ACTIVELY USE,1.2,1.4,0.0,2.5,7.3,NaN,1.1,At-Risk
STU1000,4.94,NaN,1.0,54.7,24.1,22.8,45.1,-0.5,Monthly,8.2,Actively Use,1.0,0.9,1.0,0.6,6.8,NaN,0.6,At-Risk
STU3173,4.38,2.0,2.0,31.7,NaN,45.1,28.2,1.5, Only Before Exam ,NaN,actively use,1.9,0.5,0.0,NaN,4.9,57.0,1.0,At-Risk
STU1037,5.22,4.0,3.0,43.6,28.3,49.6,31.7,0.8,Only Before Exam,4.1,SILENT,2.0,0.8,0.0,1.2,6.8,63.0,0.5,At-Risk
STU6676,7.73,0.0,0.0,76.1,99.2,94.4,78.6,5.8,Daily,1.7,Keep Away,0.8,2.4,6.0,5.7,8.2,8.0,4.6,Good
STU2803,8.47,0.0,0.0,97.9,85.1,71.6,97.0,4.2,Weekly,-0.1,SILENT,0.2,2.6,6.0,7.0,7.7,26.0,5.7,Good
STU2695,9.62,0.0,0.0,89.9,98.1,97.4,85.6,7.8,DAILY,1.8,keep away,NaN,2.7,4.0,NaN,8.0,23.0,3.8,Good
STU1337,7.23,NaN,1.0,61.9,78.6,60.4,NaN,3.9,Weekly,3.2,Keep Away,1.1,0.6,2.0,3.7,NaN,56.0,3.6,Average
STU0996,7.73,0.0,0.0,76.6,84.5,91.7,99.2,7.4,Daily,NaN,Keep Away,0.3,2.1,4.0,6.6,8.9,11.0,3.5,Good
STU0221,8.25,0.0,0.0,76.4,95.7,NaN,68.4,5.5,Weekly,2.0,Keep Away,0.5,1.9,5.0,5.3,7.5,0.0,4.5,Good
STU2402,7.56,0.0,0.0,93.4,94.5,90.8,76.8,6.6, Daily ,0.6,silent,0.5,1.8,5.0,7.6,NaN,3.0,5.3,Good
STU7415,8.05,0.0,0.0,84.1,88.8,79.1,85.1,5.6,WEEKLY,-0.1,silent,0.4,2.3,4.0,5.5,8.6,6.0,6.8,Good
STU3822,3.94,3.0,2.0,40.5,52.8,44.2,21.0,0.9,Only Before Exam,4.9,NaN,4.0,0.5,0.0,0.7,5.9,64.0,0.9,At-Risk
STU0250,9.3,0.0,0.0,94.0,85.2,94.3,87.4,5.8,Weekly,0.5,Keep Away,NaN,1.3,6.0,NaN,7.7,16.0,6.5,Good
STU2008,9.95,0.0,0.0,77.9,90.2,94.0,80.3,6.4,Daily,0.4,Keep Away,NaN,1.5,5.0,5.3,8.6,0.0,6.0,Good
STU7312,8.71,NaN,0.0,87.6,99.8,NaN,70.0,6.5,Daily,0.7,Keep Away,0.8,1.6,5.0,7.6,8.6,18.0,4.3,Good
STU1887,NaN,2.0,2.0,53.3,32.0,33.1,44.1,-0.1,Never,4.6,ACTIVELY USE,1.5,NaN,1.0,1.1,4.5,100.0,0.1,At-Risk
STU5561,6.23,1.0,1.0,56.3,62.7,62.0,59.9,2.3,monthly,3.1,Keep Away,1.1,1.2,0.0,3.6,7.7,23.0,1.0,Average
STU4660,9.08,0.0,0.0,NaN,100.0,80.2,81.2,7.3, Weekly ,1.5,Keep Away,0.7,1.3,5.0,6.8,7.6,27.0,7.0,Good
STU5605,6.98,2.0,2.0,60.4,71.2,50.4,59.7,3.0,Monthly,3.7,Actively Use,1.3,NaN,1.0,1.2,6.6,22.0,1.4,At-Risk
STU3467,6.41,2.0,2.0,69.3,81.2,53.6,65.1,4.0,Weekly,3.4,Keep Away,1.6,1.4,0.0,NaN,6.0,34.0,4.0,Average
STU2539,8.37,0.0,0.0,90.3,97.9,93.8,88.8,5.1,NaN,0.3,Silent,0.5,NaN,4.0,6.8,7.3,16.0,3.4,Good
STU5650,6.62,1.0,NaN,54.7,69.4,56.6,69.6,3.1,Monthly,2.9,KEEP AWAY,1.2,1.4,2.0,2.8,NaN,59.0,3.7,Average
STU4482,9.3,0.0,0.0,83.0,89.0,89.6,93.7,6.6,Daily,0.3,Silent,0.3,NaN,2.0,7.8,8.9,NaN,5.1,Good
STU5665,8.15,0.0,0.0,99.5,94.6,97.7,72.7,7.6,DAILY,1.9,Keep Away,0.8,1.2,5.0,3.4,7.5,17.0,NaN,Good
STU4619,8.48,0.0,0.0,84.5,91.2,NaN,101.4,6.7,Daily,1.1,Keep Away,0.7,2.3,6.0,5.6,8.6,26.0,5.0,Good
STU0592,6.88,1.0,NaN,57.9,68.5,62.0,NaN,NaN,Monthly,2.6,Actively Use,1.8,0.5,0.0,1.6,7.8,43.0,2.8,At-Risk
STU5908,9.81,0.0,0.0,NaN,89.5,87.7,70.9,4.5,NaN,1.6,Keep Away,0.0,1.1,2.0,5.5,7.2,15.0,4.2,Good
STU2203,9.54,0.0,0.0,86.2,91.7,98.1,73.9,NaN,Weekly,0.6,Silent,0.1,1.5,2.0,3.1,8.7,8.0,5.4,Good
STU2226,3.63,5.0,3.0,33.7,44.5,25.4,25.7,NaN,Only Before Exam,4.3,Silent,2.3,0.4,0.0,1.3,5.7,63.0,1.9,At-Risk
STU2260,9.39,0.0,0.0,86.2,95.4,101.1,NaN,6.8,Daily,1.9,Keep Away,NaN,2.7,3.0,7.5,8.8,8.0,6.3,Good
STU4479,5.88,1.0,NaN,70.0,87.0,61.0,66.9,NaN,Monthly,2.8,Keep Away,1.2,0.7,0.0,1.3,7.0,47.0,2.7,At-Risk
STU0519,3.38,2.0,1.0,41.9,37.3,21.5,NaN,1.7,Only Before Exam,4.1,actively use,2.5,0.1,1.0,1.3,4.5,110.0,2.0,At-Risk
STU4670,7.8,0.0,NaN,98.5,99.5,NaN,90.1,NaN,Daily,1.1,Keep Away,0.6,2.2,4.0,6.2,8.2,5.0,4.6,Good
STU6890,3.34,5.0,5.0,31.0,NaN,48.1,49.0,0.5,Monthly,7.7,Actively Use,2.7,0.2,1.0,1.4,5.2,40.0,0.0,At-Risk
STU3105,9.8,0.0,0.0,93.9,92.3,100.6,89.1,7.7,Daily,1.7,NaN,0.9,NaN,5.0,5.9,8.0,1.0,5.0,Good
STU4063,7.52,0.0,0.0,77.0,95.7,67.3,83.4,8.1,Daily,1.7,Keep Away,0.8,1.5,2.0,6.2,8.1,NaN,5.5,Good
STU3046,7.9,0.0,0.0,95.4,96.5,70.6,69.3,6.6, Weekly ,1.7,Keep Away,NaN,1.4,3.0,5.9,8.5,1.0,4.0,Good
STU4673,9.4,0.0,0.0,76.9,85.9,92.2,81.0,7.3,Weekly,0.8,SILENT,0.0,2.4,6.0,5.6,7.6,0.0,3.1,Good
STU1651,7.39,2.0,2.0,56.0,72.9,63.5,NaN,NaN,Monthly,3.2,keep away,0.5,1.1,0.0,2.5,6.4,56.0,4.0,At-Risk
STU6598,3.68,4.0,2.0,30.8,58.4,38.0,41.9,1.4, Never ,4.9, Actively Use ,NaN,0.9,0.0,NaN,4.2,68.0,0.6,At-Risk
STU6985,9.47,0.0,0.0,NaN,99.8,71.0,85.1,7.7,Weekly,1.3,SILENT,0.7,1.3,5.0,5.9,8.7,15.0,3.8,Good
STU6788,7.95,0.0,0.0,75.9,90.2,76.9,74.0,5.5,Daily,1.8,Keep Away,0.0,1.4,6.0,7.1,7.6,17.0,4.8,Good
STU1275,9.29,0.0,0.0,99.4,89.4,97.9,90.1,7.1,Weekly,0.7,Keep Away,0.8,2.8,6.0,4.1,8.3,8.0,4.6,Good
STU1817,8.16,0.0,0.0,96.8,98.7,83.5,70.4,7.8, Weekly ,1.5,Silent,0.4,2.2,5.0,5.1,7.9,15.0,6.5,Good
STU4852,8.45,0.0,0.0,87.8,89.7,70.8,83.1,4.8,Daily,1.8,Keep Away,0.9,NaN,5.0,3.3,8.1,2.0,5.4,Good
STU2635,6.31,2.0,2.0,63.6,75.4,56.8,49.9,2.9,Weekly,2.3,silent,0.5,1.0,1.0,1.6,6.8,44.0,1.8,At-Risk
STU1328,3.04,4.0,2.0,51.8,25.5,46.4,30.6,0.7,NEVER,3.3,SILENT,2.3,0.9,0.0,0.1,5.2,53.0,0.1,At-Risk
STU4736,8.51,0.0,0.0,81.6,91.6,95.4,96.8,7.3,Weekly,0.6,KEEP AWAY,0.8,1.1,3.0,4.0,7.8,3.0,4.6,Good
STU6347,9.54,0.0,0.0,91.1,87.1,96.8,NaN,5.9,weekly,1.3,keep away,0.5,NaN,4.0,5.1,8.7,9.0,6.0,Good
STU0044,3.94,5.0,4.0,49.7,59.1,24.1,37.1,0.9,Only Before Exam,7.6,Actively Use,4.4,0.8,0.0,0.9,5.3,52.0,0.5,At-Risk
STU0008,3.78,4.0,1.0,38.8,47.4,39.2,46.4,1.2,ONLY BEFORE EXAM,3.7,Silent,3.9,0.8,1.0,1.1,6.3,84.0,1.0,At-Risk
STU0481,9.41,0.0,0.0,98.9,99.0,79.0,96.0,6.8,DAILY,0.6,Keep Away,0.1,NaN,6.0,7.6,8.3,21.0,5.9,Good
STU0472,8.01,0.0,0.0,83.3,86.5,72.9,90.4,7.0,Daily,1.9,Silent,NaN,1.4,2.0,NaN,8.5,29.0,5.3,Good
STU4518,9.45,0.0,0.0,88.1,86.1,75.0,94.3,4.3,Weekly,1.9,Silent,0.7,1.8,4.0,3.9,7.7,30.0,5.1,Good
STU5828,8.45,0.0,0.0,81.8,88.8,96.6,98.4,7.7,Daily,0.8,NaN,0.3,1.2,5.0,6.4,7.8,17.0,4.1,Good
STU2238,4.84,5.0,2.0,32.1,55.0,47.3,30.6,0.4,only before exam,5.4,SILENT,NaN,NaN,0.0,1.3,NaN,83.0,0.7,At-Risk
STU5641,8.56,0.0,0.0,94.1,98.3,77.5,NaN,6.2,weekly,1.3,SILENT,0.3,2.6,3.0,7.1,7.7,6.0,5.7,Good
STU5274,7.44,2.0,2.0,57.0,78.3,60.2,49.2,NaN,NaN,2.1, Actively Use ,1.7,1.2,0.0,NaN,6.3,46.0,3.8,At-Risk
STU0655,7.8,0.0,0.0,76.2,89.0,89.8,93.9,5.3,Weekly,1.0,Keep Away,0.4,NaN,2.0,NaN,7.4,18.0,3.8,Good
STU5180,8.33,0.0,NaN,91.7,92.5,92.9,93.4,6.4,NaN,0.5,Keep Away,0.2,2.0,5.0,3.5,8.8,10.0,NaN,Good
STU6679,5.88,2.0,2.0,74.9,74.3,62.9,51.8,2.5,WEEKLY,3.5,Keep Away,NaN,0.5,0.0,2.7,7.0,34.0,1.5,At-Risk
STU4405,4.75,4.0,2.0,34.2,57.6,25.9,26.9,0.1,monthly,6.5,Silent,3.3,0.1,0.0,NaN,5.7,111.0,1.3,At-Risk
STU0465,7.17,1.0,1.0,72.9,NaN,50.1,69.4,3.2,Monthly,3.5,Actively Use,NaN,1.2,1.0,3.9,7.8,22.0,2.3,Average
STU3903,7.02,2.0,2.0,67.9,74.5,66.5,57.9,2.7,Weekly,2.0,Silent,NaN,1.3,2.0,2.2,6.8,20.0,3.0,Average
STU4564,8.35,0.0,0.0,87.6,94.6,77.6,85.9,6.7,weekly,0.7,silent,0.7,1.8,5.0,5.3,7.3,17.0,5.6,Good
STU1692,4.3,5.0,2.0,55.3,34.4,23.1,40.9,1.1,Monthly,7.2,ACTIVELY USE,1.3,0.8,1.0,0.6,5.9,110.0,0.1,At-Risk
STU0698,6.53,2.0,2.0,72.2,71.8,NaN,63.0,2.1,Weekly,2.4,Keep Away,1.2,0.9,0.0,3.2,7.2,30.0,2.2,Average
STU2231,8.92,0.0,0.0,87.3,100.0,94.2,82.5,4.3,Weekly,0.3,Keep Away,0.4,2.1,6.0,6.3,7.8,2.0,5.7,Good
STU7360,7.44,2.0,1.0,63.1,61.0,60.2,50.5,3.7,Monthly,3.9,keep away,1.9,0.9,NaN,NaN,6.3,34.0,1.2,Average
STU2696,7.32,2.0,2.0,70.4,66.0,59.0,61.0,3.0,NaN,2.3,Silent,0.7,1.2,1.0,2.0,7.1,51.0,3.3,Average
STU0066,4.73,4.0,1.0,42.2,27.1,31.3,21.8,1.6,Never,5.8,Actively Use,2.6,0.5,0.0,NaN,4.5,74.0,1.2,At-Risk
STU1349,6.65,2.0,1.0,64.8,73.5,55.6,66.9,NaN,Weekly,3.0,Actively Use,0.9,NaN,0.0,3.1,6.7,NaN,3.7,Average
STU2416,4.17,2.0,2.0,32.7,29.0,22.6,43.8,1.8,NaN,7.9,Silent,2.6,0.0,1.0,0.5,5.8,93.0,1.9,At-Risk
STU2481,7.38,1.0,1.0,65.3,75.4,64.1,64.8,3.1,Weekly,3.3,Actively Use,1.6,NaN,0.0,NaN,6.3,28.0,1.2,At-Risk
STU2150,9.56,0.0,0.0,77.5,96.5,85.7,77.6,6.6,Daily,0.7,KEEP AWAY,0.3,NaN,5.0,4.5,NaN,27.0,6.2,Good
STU6097,6.01,2.0,2.0,55.9,64.0,68.0,66.9,2.8,Weekly,2.3,Keep Away,1.8,0.7,1.0,1.7,6.1,34.0,3.7,At-Risk
STU7017,6.42,2.0,2.0,63.2,79.8,70.9,63.9,3.8,Monthly,2.5,Silent,0.5,1.5,0.0,3.5,7.4,16.0,2.3,Average
STU5292,8.33,0.0,0.0,97.8,93.2,87.4,96.2,6.3,NaN,1.7,Silent,NaN,2.6,2.0,3.8,7.4,1.0,3.7,Good
STU5944,8.09,0.0,0.0,94.4,93.9,84.7,98.1,5.1,DAILY,0.1,Silent,0.7,2.5,6.0,3.3,8.7,9.0,6.1,Good
STU2048,5.15,4.0,2.0,35.3,33.1,47.9,52.3,0.4,Only Before Exam,3.4,actively use,2.1,0.4,1.0,0.9,5.8,110.0,NaN,At-Risk
STU3853,4.79,3.0,2.0,35.1,39.8,45.6,32.6,0.7,only before exam,7.5,Actively Use,4.5,0.9,1.0,NaN,7.0,96.0,1.6,At-Risk
STU4226,9.12,0.0,0.0,92.6,95.0,84.4,96.9,5.8,weekly,1.2,Keep Away,0.8,2.7,4.0,6.2,7.3,14.0,4.3,Good
STU5531,9.36,0.0,0.0,86.1,92.3,94.7,78.0,5.5,Daily,1.4, Keep Away ,0.9,1.6,6.0,6.1,8.9,23.0,5.6,Good
STU0850,7.93,0.0,0.0,78.4,94.0,77.8,71.8,7.3, Daily ,0.4,keep away,0.9,2.4,5.0,6.8,7.3,21.0,3.9,Good
STU6150,9.7,0.0,0.0,93.0,95.7,70.5,84.8,7.2,Weekly,1.7,Silent,1.0,2.1,5.0,3.0,8.7,15.0,NaN,Good
STU3966,7.58,0.0,0.0,78.7,95.9,94.2,76.8,4.7,Daily,0.1,Keep Away,0.2,1.0,3.0,5.9,8.7,18.0,3.6,Good
STU0418,5.17,5.0,2.0,32.5,51.4,45.4,25.1,1.0,NaN,3.8,Actively Use,3.8,0.5,0.0,1.3,4.6,93.0,0.4,At-Risk
STU3719,5.28,2.0,2.0,34.6,44.7,42.2,40.0,1.0,Monthly,5.4,Actively Use,NaN,0.9,0.0,0.0,4.2,115.0,1.0,At-Risk
STU5725,9.75,0.0,NaN,96.9,97.5,85.6,90.8,6.0,NaN,0.8,Keep Away,0.3,NaN,2.0,3.2,8.1,23.0,4.2,Good
STU2286,3.4,5.0,2.0,42.8,31.2,NaN,35.7,NaN,Never,6.0,Actively Use,3.5,0.8,1.0,0.2,5.1,90.0,1.3,At-Risk
STU2550,5.03,3.0,1.0,49.3,28.2,31.6,23.4,1.8,Only Before Exam,NaN,actively use,3.0,0.6,1.0,1.7,4.9,62.0,0.1,At-Risk
STU6600,8.23,0.0,0.0,93.6,98.6,73.8,91.3,5.1,Weekly,1.0,Keep Away,0.4,2.2,6.0,4.7,7.0,30.0,5.7,Good
STU4357,4.95,4.0,4.0,NaN,41.6,36.8,49.7,2.1,ONLY BEFORE EXAM,7.1,Actively Use,2.9,0.5,0.0,0.6,6.5,NaN,1.5,At-Risk
STU1923,5.64,1.0,1.0,58.9,72.6,54.6,68.8,2.0,Monthly,3.3,Actively Use,1.1,0.9,0.0,3.3,7.1,46.0,3.2,At-Risk
STU6632,4.5,2.0,2.0,32.5,62.2,49.9,36.1,1.8,Monthly,3.1,Silent,1.8,NaN,1.0,0.2,4.2,67.0,1.2,At-Risk
STU2571,9.32,0.0,0.0,76.8,98.1,75.5,97.0,5.4,Weekly,1.1,Silent,0.1,1.5,2.0,5.0,7.9,5.0,3.0,Good
STU6379,9.88,0.0,0.0,90.9,98.6,76.9,85.6,4.1,WEEKLY,1.5,Keep Away,NaN,2.5,5.0,3.4,7.6,17.0,5.6,Good
STU7142,3.71,4.0,3.0,42.2,25.0,35.7,24.5,0.4,Only Before Exam,7.6,Actively Use,1.6,0.5,0.0,1.3,6.9,106.0,1.8,At-Risk
STU2103,8.98,0.0,0.0,97.6,92.9,91.9,92.9,6.2,WEEKLY,1.9,Keep Away,0.3,1.2,3.0,5.1,9.0,26.0,5.0,Good
STU6899,9.37,0.0,0.0,93.4,83.1,94.6,88.3,NaN,WEEKLY,0.6,Keep Away,0.9,1.0,4.0,7.0,8.9,4.0,4.0,Good
STU5769,9.94,0.0,0.0,NaN,90.5,83.8,76.8,6.9,Daily,1.0,Keep Away,0.2,2.7,5.0,6.1,7.1,19.0,3.8,Good
STU7095,8.32,0.0,0.0,96.5,96.4,81.8,102.0,5.9, Daily ,0.9,Keep Away,1.0,NaN,6.0,4.3,8.0,24.0,5.3,Good
STU6617,8.02,NaN,0.0,94.4,99.9,93.4,84.6,5.2,DAILY,1.7, Silent ,0.6,2.9,5.0,4.3,8.9,10.0,4.5,Good
STU1482,8.21,0.0,0.0,78.6,97.1,93.2,95.6,NaN,Weekly,0.6,Keep Away,0.7,1.2,6.0,5.8,7.9,21.0,3.1,Good
STU0383,6.88,1.0,1.0,75.9,68.7,51.1,64.1,3.3,Monthly,3.5,Actively Use,0.8,1.0,0.0,1.9,6.9,37.0,2.9,At-Risk
STU7224,5.68,1.0,1.0,62.7,73.6,50.9,62.0,2.7,weekly,3.8,Keep Away,1.1,0.5,0.0,2.4,6.8,24.0,2.1,At-Risk
STU4273,7.79,0.0,0.0,82.4,86.1,NaN,86.0,7.8,Daily,1.4,NaN,0.8,3.0,3.0,5.7,7.5,22.0,6.7,Good
STU4782,8.67,NaN,0.0,78.1,NaN,97.7,86.2,6.3,Weekly,1.7,KEEP AWAY,0.8,1.3,5.0,7.0,7.6,5.0,4.7,Good
STU4655,6.09,NaN,1.0,57.6,84.6,59.7,50.6,2.7,Weekly,2.3,Actively Use,0.9,0.6,1.0,NaN,7.4,20.0,3.5,Average
STU4932,6.94,2.0,2.0,67.0,62.8,60.3,65.3,2.4, Weekly ,3.0,Actively Use,0.8,1.4,2.0,3.6,6.4,59.0,3.3,Average
STU6022,8.42,0.0,0.0,85.6,93.5,88.9,75.0,4.2,Weekly,NaN,KEEP AWAY,0.7,NaN,6.0,NaN,7.4,8.0,4.3,Good
STU0030,6.25,2.0,1.0,65.5,75.1,68.0,66.5,2.3,Weekly,2.2,silent,1.5,0.5,0.0,2.8,7.8,49.0,2.7,At-Risk
STU4560,7.44,1.0,1.0,55.8,75.2,52.0,59.5,NaN, Monthly ,3.7,Keep Away,NaN,1.1,2.0,1.5,8.0,50.0,3.1,Average
STU3812,3.47,3.0,1.0,29.4,58.6,21.0,18.4,0.7,Never,4.3,Actively Use,3.3,0.9,0.0,1.0,6.3,101.0,NaN,At-Risk
STU5639,NaN,0.0,0.0,77.9,89.5,86.5,100.6,4.3,Weekly,0.9,keep away,0.3,2.3,5.0,NaN,7.7,12.0,6.8,Good
STU7047,8.97,0.0,0.0,NaN,NaN,77.1,99.6,5.2, Daily ,0.3,Silent,0.7,1.9,6.0,4.9,8.2,28.0,3.2,Good
STU7130,7.36,1.0,1.0,64.5,72.2,67.4,65.1,2.2,WEEKLY,2.3,Silent,1.9,0.9,0.0,1.6,7.5,58.0,3.6,Average
STU0322,9.03,0.0,0.0,98.6,97.2,72.1,81.0,6.3,Weekly,0.5,Silent,0.8,2.6,5.0,6.1,7.7,7.0,4.0,Good
STU7397,8.89,0.0,0.0,93.4,87.2,82.5,80.9,7.1,Daily,1.4,Keep Away,0.4,2.8,3.0,5.7,8.4,27.0,5.6,Good
STU3698,7.35,1.0,1.0,72.6,68.4,63.8,64.2,2.3,Weekly,3.4,Keep Away,0.9,1.3,0.0,NaN,NaN,16.0,2.0,Average
STU4615,9.39,0.0,0.0,99.8,88.2,78.2,78.7,6.6,Daily,0.3,NaN,0.9,3.0,6.0,6.4,8.8,27.0,4.2,Good
STU6224,6.23,2.0,2.0,70.3,78.6,67.7,52.4,2.8,NaN,4.2,Actively Use,1.6,1.3,2.0,2.5,6.8,52.0,3.0,At-Risk
STU3685,4.47,3.0,1.0,53.2,60.4,26.3,24.3,1.1,Only Before Exam,5.2,Silent,4.0,0.5,0.0,1.0,6.1,43.0,0.3,At-Risk
STU3345,5.42,2.0,1.0,56.0,27.6,31.0,47.8,1.4,Never,7.8,Silent,NaN,0.2,0.0,1.5,3.8,90.0,1.6,At-Risk
STU6391,9.1,0.0,0.0,89.8,95.5,95.6,87.2,7.7,Daily,1.7,Keep Away,0.9,2.3,6.0,NaN,7.2,12.0,6.3,Good
STU5361,7.42,2.0,2.0,70.8,81.3,69.0,NaN,3.6,WEEKLY,3.8,Actively Use,1.9,0.8,1.0,1.7,7.4,43.0,1.4,At-Risk
STU5296,6.66,1.0,1.0,69.2,80.1,68.4,65.6,3.6,Monthly,2.4,Actively Use,NaN,0.9,1.0,2.0,6.5,25.0,3.7,At-Risk
STU4692,9.37,0.0,0.0,87.0,94.0,97.3,NaN,7.2,Weekly,0.9,Keep Away,0.9,1.3,5.0,6.6,7.1,20.0,4.0,Good
STU5452,7.53,0.0,0.0,87.9,85.5,75.3,75.9,5.8,Weekly,1.5,Keep Away,0.7,1.2,4.0,7.0,8.1,23.0,3.1,Good
STU7250,8.7,0.0,0.0,97.9,95.3,81.3,90.3,5.1,Weekly,0.2,Keep Away,0.5,2.7,4.0,7.5,8.1,11.0,5.8,Good
STU3945,3.31,2.0,2.0,40.5,58.9,45.9,31.0,1.7,ONLY BEFORE EXAM,5.0,Actively Use,1.5,0.9,0.0,NaN,5.4,42.0,NaN,At-Risk
STU5320,8.76,0.0,0.0,87.9,94.1,73.1,94.0,6.4,Daily,0.4,Keep Away,0.2,1.1,NaN,6.8,7.3,24.0,3.2,Good
STU5286,8.46,0.0,0.0,84.8,84.5,89.3,81.7,6.4,Weekly,1.0,silent,1.0,1.5,6.0,5.9,7.8,14.0,4.7,Good
STU6979,6.05,1.0,1.0,66.6,85.1,63.3,50.0,3.3,MONTHLY,4.0,NaN,1.1,1.3,0.0,3.4,7.8,33.0,1.8,At-Risk
STU3281,8.36,0.0,0.0,100.5,87.0,76.8,81.2,NaN,Daily,1.8,Keep Away,0.8,2.7,3.0,7.3,8.9,11.0,3.9,Good
STU2948,8.74,0.0,NaN,77.9,86.8,70.8,75.7,7.9,Daily,1.4,Keep Away,0.7,2.2,3.0,NaN,7.4,19.0,6.7,Good
STU3186,3.88,2.0,1.0,46.4,46.5,42.1,43.8,0.5,Never,7.8,Actively Use,NaN,0.9,1.0,NaN,4.3,114.0,1.1,At-Risk
STU3168,4.02,4.0,2.0,49.0,39.5,32.4,45.1,1.8,NEVER,5.3,Silent,2.5,0.6,1.0,0.1,6.0,55.0,NaN,At-Risk
STU0098,7.9,0.0,0.0,95.0,97.6,83.6,69.3,5.0,Daily,1.4,Silent,1.0,2.3,5.0,4.3,8.1,15.0,5.2,Good
STU5926,7.91,0.0,0.0,88.8,86.7,84.3,92.8,NaN,Weekly,1.4,Keep Away,0.5,2.8,6.0,5.5,8.3,17.0,5.9,Good
STU2430,4.31,3.0,3.0,45.4,55.6,33.9,30.2,0.8,only before exam,3.1,Silent,3.0,0.3,1.0,1.9,4.3,76.0,0.9,At-Risk
STU2246,7.92,0.0,0.0,81.9,86.6,95.1,77.2,4.3,daily,1.1,Silent,0.1,NaN,2.0,3.5,7.3,8.0,5.8,Good
STU5860,7.49,1.0,1.0,67.9,64.6,67.9,59.3,1.9,NaN,NaN,Silent,0.6,1.0,2.0,3.5,7.2,58.0,2.1,Average
STU2077,7.82,0.0,0.0,76.3,95.6,84.2,NaN,7.5,Weekly,1.4,Keep Away,NaN,3.0,3.0,NaN,7.3,1.0,7.0,Good
STU0448,4.29,3.0,3.0,56.1,46.3,28.8,43.5,0.4,Never,4.8,Silent,2.4,0.4,0.0,1.6,5.3,83.0,1.6,At-Risk
STU6428,8.19,0.0,NaN,86.1,92.7,91.0,75.5,4.9,weekly,1.2,Keep Away,0.2,1.9,6.0,4.3,7.3,13.0,NaN,Good
STU0015,7.6,0.0,0.0,90.7,97.8,66.4,88.1,4.7,Weekly,1.5,silent,0.2,2.4,2.0,4.9,8.9,19.0,3.6,Good
STU4394,9.02,0.0,NaN,85.2,90.4,86.0,86.3,7.2,Weekly,1.6,KEEP AWAY,0.8,1.6,3.0,6.8,8.0,2.0,6.1,Good
STU5354,6.45,1.0,1.0,66.7,61.9,63.4,50.4,2.7,Weekly,3.1,Silent,1.0,0.9,2.0,3.5,6.5,56.0,3.0,Average
STU1216,8.7,0.0,0.0,75.2,89.5,82.5,92.1,NaN,Daily,2.0,Keep Away,0.2,2.2,3.0,3.4,8.4,6.0,7.0,Good
STU3795,3.97,5.0,3.0,31.9,NaN,45.6,22.2,1.5,Monthly,7.1,Silent,1.5,0.2,0.0,1.3,4.9,94.0,1.0,At-Risk
STU6677,6.56,2.0,1.0,64.2,83.3,54.8,55.8,2.3,Weekly,3.0,Silent,1.5,NaN,0.0,3.0,7.3,54.0,2.0,At-Risk
STU2343,7.76,0.0,0.0,92.4,91.4,NaN,76.4,4.2,Weekly,1.6,keep away,0.3,2.4,3.0,7.7,8.0,18.0,4.6,Good
STU0287,7.01,1.0,1.0,65.0,74.6,56.3,56.4,3.3,Monthly,4.0,actively use,1.9,0.8,1.0,2.6,6.6,NaN,4.0,At-Risk
STU3844,4.95,3.0,1.0,53.7,39.0,25.5,43.5,-0.1,Monthly,7.7,Silent,4.5,0.5,0.0,NaN,4.2,69.0,2.0,At-Risk
STU4219,5.93,1.0,1.0,74.6,59.8,59.9,72.1,3.4,NaN,3.3,Silent,1.5,0.8,1.0,1.2,6.5,24.0,1.5,At-Risk
STU2313,3.2,3.0,2.0,36.2,27.8,41.2,44.9,NaN,Monthly,NaN,NaN,NaN,0.8,0.0,NaN,4.7,78.0,0.0,At-Risk
STU2860,5.66,2.0,NaN,65.8,61.6,NaN,51.4,3.2,Weekly,3.0,Keep Away,1.2,0.7,2.0,NaN,6.5,54.0,NaN,Average
STU0780,9.13,0.0,0.0,97.0,85.4,83.5,95.0,4.7,DAILY,0.2,Silent,0.8,2.7,4.0,3.8,8.9,23.0,5.7,Good
STU6947,9.52,0.0,0.0,86.5,94.6,NaN,81.1,5.4,Weekly,0.7,Silent,0.2,1.6,4.0,NaN,7.1,11.0,4.0,Good
STU4020,8.21,0.0,0.0,90.5,89.3,81.5,NaN,7.5,WEEKLY,0.4,Silent,0.9,2.1,3.0,4.1,7.4,NaN,5.8,Good
STU2053,3.39,3.0,1.0,31.3,37.0,25.0,45.3,-0.4,Never,5.1,Actively Use,4.7,NaN,1.0,NaN,4.7,81.0,1.0,At-Risk
STU4525,9.53,0.0,0.0,116.3,92.0,87.0,94.3,5.9,Daily,0.3,Keep Away,0.9,NaN,2.0,6.1,7.0,5.0,3.1,Good
STU5413,6.92,2.0,2.0,57.6,71.0,69.3,65.7,3.7,Monthly,3.0,keep away,0.8,NaN,1.0,3.3,6.1,26.0,1.3,Average
STU6133,9.56,0.0,0.0,74.2,98.6,82.3,90.3,4.1,Weekly,0.6,Keep Away,0.4,2.3,6.0,6.3,8.0,19.0,3.1,Good
STU6907,8.6,0.0,0.0,97.1,96.0,89.4,98.5,6.2,Weekly,1.4,Keep Away,0.8,1.1,3.0,8.0,7.7,11.0,5.8,Good
STU4997,9.72,0.0,0.0,82.3,97.7,76.9,87.0,7.7,Daily,0.5,Silent,0.1,2.1,3.0,3.9,8.4,2.0,5.4,Good
STU5005,9.94,0.0,0.0,81.7,NaN,76.6,84.9,4.9,Weekly,1.4,KEEP AWAY,0.2,2.7,3.0,7.2,NaN,11.0,6.0,Good
STU4447,8.96,0.0,0.0,90.0,91.7,70.2,78.0,6.1,Weekly,0.5,Silent,0.3,2.4,6.0,5.0,6.9,0.0,4.6,Good
STU6589,3.42,2.0,1.0,37.0,55.7,43.5,39.9,0.8,Only Before Exam,6.6,SILENT,3.3,0.1,0.0,1.2,5.4,60.0,0.2,At-Risk
STU0166,7.97,0.0,0.0,94.8,91.2,83.5,73.5,4.6,Weekly,1.1,Silent,0.5,NaN,6.0,6.6,8.4,29.0,NaN,Good
STU0661,9.12,0.0,0.0,90.6,86.0,72.7,97.4,4.8,Daily,2.0,Keep Away,0.9,2.5,2.0,3.8,8.5,29.0,6.1,Good
STU3109,6.83,2.0,1.0,NaN,77.3,61.4,61.0,2.5,Monthly,3.5,keep away,1.1,1.1,1.0,1.4,6.8,31.0,2.1,At-Risk
STU1340,7.73,0.0,0.0,77.3,90.3,87.4,100.5,7.7,Daily,1.8,Silent,0.2,1.5,3.0,3.4,8.6,NaN,3.3,Good
STU1139,8.4,0.0,0.0,87.2,90.2,73.8,93.9,4.9, Daily ,NaN,keep away,0.7,1.9,3.0,7.4,7.9,18.0,4.1,Good
STU2619,4.12,3.0,1.0,52.8,NaN,22.2,21.6,1.4,Never,5.7,Actively Use,4.5,0.5,0.0,0.4,6.2,48.0,0.6,At-Risk
STU4480,8.77,0.0,0.0,93.7,89.3,79.8,83.2,4.8,Weekly,2.1,Keep Away,0.7,1.2,5.0,6.6,8.1,NaN,5.1,Good
STU2217,9.34,0.0,0.0,93.1,84.9,77.0,84.2,5.4,Weekly,1.6,Silent,0.4,2.9,6.0,5.3,9.0,20.0,5.9,Good
STU2189,9.94,0.0,0.0,84.1,92.2,82.4,91.7,7.5,Weekly,0.8,Keep Away,0.7,2.1,4.0,4.4,7.7,30.0,5.2,Good
STU3833,7.47,NaN,1.0,66.3,73.5,70.3,67.2,3.2,NaN,3.0,Keep Away,1.9,NaN,2.0,NaN,6.4,58.0,3.2,Average
STU6334,5.91,2.0,1.0,71.4,79.2,61.2,NaN,2.1,Monthly,3.6,Silent,1.5,0.9,2.0,3.4,6.2,60.0,1.6,At-Risk
STU4562,9.0,0.0,0.0,77.0,86.9,74.7,72.6,4.4,NaN,0.3,Keep Away,0.3,2.6,4.0,4.1,8.4,7.0,3.2,Good
STU0300,7.82,0.0,0.0,79.9,97.1,74.8,84.5,6.3,Daily,0.9,keep away,0.6,1.5,4.0,5.8,7.6,26.0,5.6,Good
STU1616,4.47,5.0,2.0,29.8,55.9,36.3,48.6,2.1,NEVER,4.9, Actively Use ,3.0,0.4,1.0,0.9,6.6,93.0,1.6,At-Risk
STU5915,9.67,0.0,0.0,79.4,98.7,92.2,86.3,5.3,daily,0.8,KEEP AWAY,0.5,1.8,4.0,5.1,7.4,24.0,5.8,Good
STU1134,8.89,0.0,0.0,81.8,85.8,98.2,71.9,5.1,WEEKLY,1.0,NaN,0.5,1.0,4.0,3.7,7.8,7.0,5.7,Good
STU3082,8.83,0.0,0.0,89.8,100.6,98.1,87.6,4.1,Weekly,0.9,Keep Away,0.9,1.6,5.0,8.0,7.2,17.0,5.3,Good
STU3143,4.84,5.0,1.0,48.2,NaN,41.0,34.8,1.2,Never,7.2,Silent,2.3,0.5,0.0,0.0,6.1,48.0,0.4,At-Risk
STU1938,9.15,0.0,0.0,97.2,84.1,84.6,98.6,5.2,DAILY,1.9,Keep Away,0.1,NaN,2.0,5.2,7.0,11.0,6.5,Good
STU6628,8.79,0.0,0.0,83.6,96.4,86.5,94.6,NaN,Weekly,2.0,Keep Away,0.1,1.8,2.0,5.5,7.6,28.0,6.7,Good
STU6144,6.87,2.0,NaN,70.6,81.4,57.2,56.2,NaN,Monthly,3.5,Actively Use,0.6,1.1,2.0,1.1,NaN,24.0,1.2,At-Risk
STU1049,7.59,0.0,0.0,86.5,89.7,73.4,94.3,7.7,WEEKLY,1.5,keep away,0.8,1.4,2.0,4.3,7.4,6.0,6.1,Good
STU6534,NaN,0.0,0.0,95.7,NaN,81.1,90.5,NaN,Daily,0.7,Keep Away,0.7,1.4,2.0,3.6,7.6,NaN,NaN,Good
STU6935,8.48,0.0,0.0,97.1,93.9,73.6,81.6,6.8,Daily,2.2,Keep Away,0.9,1.5,3.0,3.3,8.2,3.0,4.6,Good
STU0847,8.2,0.0,0.0,78.3,95.4,82.2,76.0,4.9,weekly,1.9,Silent,0.8,2.1,3.0,6.1,7.9,6.0,4.6,Good
STU0252,3.77,3.0,NaN,38.1,49.3,28.9,38.8,0.9,monthly,2.9,ACTIVELY USE,NaN,0.3,1.0,0.9,6.1,98.0,0.7,At-Risk
STU3035,9.28,NaN,0.0,96.2,93.5,78.9,77.7,5.5,DAILY,0.8,Keep Away,0.3,1.3,5.0,7.6,7.2,17.0,4.8,Good
STU1028,8.0,0.0,0.0,97.0,98.1,70.1,100.2,4.6,Daily,1.4,Keep Away,NaN,2.8,4.0,7.8,7.7,11.0,3.4,Good
STU0807,8.47,0.0,0.0,79.2,NaN,86.9,99.0,4.0,Daily,0.9,Keep Away,0.3,2.0,2.0,NaN,NaN,13.0,6.3,Good
STU1553,9.9,0.0,0.0,NaN,85.9,75.5,98.9,6.9,weekly,1.7,Keep Away,0.3,2.5,2.0,NaN,7.6,15.0,NaN,Good
STU0032,7.74,0.0,NaN,92.3,NaN,78.6,95.1,3.8,WEEKLY,1.6,Keep Away,0.3,NaN,2.0,6.5,8.4,7.0,6.5,Good
STU0716,8.17,0.0,0.0,94.1,101.5,76.7,NaN,NaN,Daily,1.7,silent,0.8,2.0,2.0,6.4,8.5,26.0,3.0,Good
STU2385,6.65,2.0,1.0,58.5,72.7,63.5,54.4,4.1,Monthly,NaN,Silent,0.6,0.7,2.0,3.5,6.6,28.0,3.4,Average
STU5203,9.64,0.0,NaN,NaN,96.1,94.6,99.0,4.2,Daily,2.0,Keep Away,0.1,2.1,4.0,5.1,9.0,28.0,NaN,Good
STU7098,9.79,0.0,NaN,80.8,103.2,87.2,85.0,4.6,Weekly,1.1,Keep Away,0.9,1.3,4.0,NaN,8.6,27.0,5.4,Good
STU6128,6.3,2.0,2.0,70.1,64.3,64.3,NaN,2.4,NaN,2.7,Silent,1.7,NaN,2.0,2.5,7.7,54.0,3.3,At-Risk
STU6325,7.48,2.0,1.0,56.4,65.4,53.9,71.7,2.8,NaN,3.4,Keep Away,0.8,0.5,1.0,2.0,7.4,41.0,3.1,Average
STU3460,3.7,4.0,1.0,48.5,38.3,21.4,39.6,1.1,only before exam,NaN,Silent,4.0,0.5,0.0,0.4,5.7,50.0,1.2,At-Risk
STU5349,9.76,0.0,0.0,101.7,95.5,78.6,86.7,5.8,Weekly,1.9,Keep Away,0.1,2.8,6.0,3.4,7.1,10.0,6.8,Good
STU1045,9.04,0.0,0.0,79.9,89.5,90.4,70.2,5.1,Weekly,0.3,Keep Away,0.6,2.3,5.0,6.6,7.4,11.0,3.4,Good
STU2145,7.81,0.0,0.0,97.5,96.6,88.7,80.2,6.3,WEEKLY,0.7, Keep Away ,0.3,2.3,2.0,3.8,8.3,21.0,NaN,Good
STU2490,8.14,0.0,0.0,79.0,97.4,70.0,83.4,6.0,Daily,1.1,Keep Away,1.0,2.6,3.0,6.9,7.6,16.0,3.0,Good
STU3245,3.69,2.0,2.0,33.8,59.3,50.7,20.8,1.0,Never,8.1,Actively Use,4.0,0.5,1.0,0.5,NaN,NaN,NaN,At-Risk
STU5166,8.41,0.0,0.0,87.5,87.6,69.1,87.3,4.6,Daily,1.3,Silent,0.8,1.1,3.0,6.1,8.5,5.0,4.8,Good
STU3192,3.65,5.0,1.0,51.5,32.8,38.7,36.8,1.1,Only Before Exam,7.2,Actively Use,2.9,0.8,1.0,0.7,4.6,75.0,0.9,At-Risk
STU5498,8.61,0.0,0.0,96.9,96.6,76.5,83.6,7.7,DAILY,0.9,Keep Away,0.5,2.9,2.0,NaN,8.6,26.0,4.2,Good
STU5842,7.24,1.0,1.0,67.8,70.1,52.7,NaN,2.7,Monthly,2.7,Actively Use,1.1,0.9,0.0,2.4,7.5,55.0,3.6,At-Risk
STU3988,9.65,0.0,0.0,78.2,88.5,97.0,79.1,6.8,Weekly,1.3,Keep Away,0.2,1.4,2.0,4.6,8.5,21.0,3.2,Good
STU0331,6.65,1.0,1.0,63.3,58.2,60.2,52.6,3.4,Weekly,2.6,silent,0.6,1.1,2.0,2.2,7.9,38.0,2.6,Average
STU6653,7.26,1.0,1.0,71.9,60.7,69.7,55.3,2.8,Weekly,2.2,Keep Away,1.8,NaN,0.0,NaN,7.5,57.0,3.7,Average
STU3511,4.85,4.0,2.0,NaN,24.2,18.0,31.1,1.5, Monthly ,3.0,Actively Use,3.8,0.7,1.0,NaN,4.3,NaN,NaN,At-Risk
STU0862,3.22,4.0,1.0,49.1,28.7,44.9,27.8,1.0,Never,4.7,ACTIVELY USE,4.4,0.1,0.0,NaN,4.3,109.0,1.4,At-Risk
STU1199,9.61,0.0,0.0,95.3,88.7,NaN,96.8,6.3,Daily,0.5,Keep Away,NaN,2.7,3.0,7.2,8.6,20.0,5.6,Good
STU5208,7.58,NaN,0.0,90.2,87.8,88.4,93.4,6.1,daily,0.1,Silent,0.9,1.1,2.0,7.5,7.0,24.0,5.9,Good
STU4424,9.67,0.0,0.0,83.7,90.5,101.5,88.3,4.8,Daily,0.1,Silent,0.9,2.2,2.0,NaN,8.7,30.0,4.8,Good
STU3952,5.06,5.0,4.0,33.5,34.9,32.5,46.7,1.4,monthly,5.1,ACTIVELY USE,3.7,0.4,1.0,1.1,NaN,41.0,1.1,At-Risk
STU1089,6.05,2.0,2.0,53.5,78.2,56.4,66.0,2.7,NaN,2.6,ACTIVELY USE,2.0,0.9,1.0,2.8,7.1,38.0,2.7,At-Risk
STU4220,9.81,0.0,0.0,95.5,90.9,94.3,78.4,5.0,Daily,1.4,Keep Away,0.3,1.1,5.0,6.6,8.9,5.0,5.3,Good
STU2516,5.69,2.0,2.0,70.4,67.1,52.8,61.5,2.8,Weekly,2.2,Keep Away,1.0,1.3,2.0,2.8,6.7,40.0,1.6,Average
STU0004,8.26,0.0,0.0,73.1,93.6,84.2,73.3,5.7,DAILY,-0.0,Silent,0.9,1.5,6.0,6.3,7.6,13.0,5.1,Good
STU3758,8.88,0.0,0.0,94.7,91.3,93.5,92.9,7.4,daily,0.7,KEEP AWAY,0.3,1.3,6.0,7.7,7.4,30.0,3.5,Good
STU3725,4.81,3.0,3.0,37.8,32.8,46.3,NaN,1.3,Monthly,7.2, Silent ,4.8,0.8,1.0,2.0,6.2,114.0,1.3,At-Risk
STU7216,7.83,0.0,0.0,98.3,91.5,94.8,96.8,4.6, Weekly ,0.0,keep away,0.9,2.5,4.0,3.8,8.7,4.0,6.2,Good
STU4041,9.3,0.0,0.0,97.0,97.3,75.4,80.7,5.7,Weekly,0.5,Keep Away,0.3,2.5,5.0,3.1,7.6,5.0,3.6,Good
STU2460,9.98,0.0,0.0,90.7,97.7,70.0,NaN,7.9,Daily,1.1,Silent,0.8,2.0,4.0,4.4,8.6,8.0,5.4,Good
STU4711,7.73,0.0,0.0,80.0,84.9,90.2,95.1,6.5,Daily,1.0,Keep Away,0.0,2.0,3.0,5.6,NaN,28.0,6.1,Good
STU0550,7.98,0.0,0.0,94.3,91.6,78.6,83.5,7.2,Weekly,1.5,Keep Away,NaN,1.2,4.0,4.3,8.8,23.0,5.3,Good
STU4653,8.43,0.0,0.0,75.4,95.7,87.7,70.2,5.2,weekly,0.5,Keep Away,0.8,2.5,NaN,5.0,7.1,0.0,4.5,Good
STU5834,9.87,0.0,0.0,94.3,87.0,72.6,73.6,7.3,Weekly,NaN,Keep Away,0.3,1.5,2.0,7.2,8.8,17.0,6.0,Good
STU4361,9.55,0.0,0.0,82.6,96.3,88.7,97.6,7.1,WEEKLY,0.2,SILENT,0.4,1.2,6.0,NaN,8.5,9.0,6.7,Good
STU6843,6.16,2.0,1.0,70.9,75.2,56.2,62.7,2.5,monthly,3.5,Silent,NaN,1.1,0.0,2.8,6.2,38.0,3.0,At-Risk
STU6724,5.02,2.0,NaN,54.4,23.1,49.9,30.0,1.0,Never,3.2,actively use,NaN,NaN,0.0,0.3,5.6,55.0,NaN,At-Risk
STU1472,6.64,1.0,1.0,70.1,65.6,NaN,47.2,4.0,Monthly,2.3,Silent,1.9,1.0,0.0,2.3,7.8,55.0,4.0,Average
STU1235,9.18,0.0,0.0,98.5,91.9,82.7,87.0,5.2,Daily,1.4,keep away,0.4,1.9,5.0,NaN,6.9,3.0,5.1,Good
STU1155,8.83,0.0,0.0,79.6,86.1,89.0,101.4,4.2,Weekly,0.6,Silent,0.9,1.1,4.0,7.4,8.1,12.0,4.6,Good
STU1402,9.76,0.0,NaN,84.0,93.1,70.4,81.3,3.8,Daily,1.1,Silent,0.8,1.4,4.0,5.6,7.4,3.0,3.5,Good
STU0919,9.18,0.0,0.0,99.3,85.6,NaN,90.9,4.2, Weekly ,1.7,Keep Away,0.5,1.9,3.0,5.8,7.3,28.0,4.9,Good
STU4521,8.81,0.0,0.0,91.3,90.3,76.7,89.7,7.1,Daily,1.1,Keep Away,0.4,2.9,4.0,5.6,9.1,22.0,6.5,Good
STU5161,6.61,2.0,2.0,69.1,60.1,65.5,69.9,2.1,Weekly,4.1,Actively Use,1.3,0.8,1.0,3.8,5.9,19.0,NaN,At-Risk
STU2349,5.1,2.0,2.0,35.6,30.6,NaN,33.0,1.4,Only Before Exam,7.4,Actively Use,NaN,0.2,1.0,0.8,NaN,48.0,1.2,At-Risk
STU6339,8.18,0.0,0.0,81.3,86.9,70.6,96.0,4.9, Weekly ,0.0, Keep Away ,0.4,NaN,4.0,4.7,7.5,3.0,5.0,Good
STU3661,3.18,4.0,1.0,39.9,31.5,50.1,41.7,NaN,Never,6.0,NaN,3.1,NaN,0.0,1.4,5.5,113.0,1.3,At-Risk
STU5873,5.91,1.0,1.0,64.0,70.9,62.0,50.8,4.0,MONTHLY,2.4,Keep Away,NaN,1.2,1.0,2.0,7.8,31.0,3.3,Average
STU2602,6.85,2.0,1.0,54.6,62.1,61.2,56.6,NaN,Monthly,2.4,Silent,1.0,0.7,1.0,2.2,7.7,16.0,1.7,At-Risk
STU6311,9.62,0.0,0.0,79.0,88.4,95.3,68.3,7.0,Daily,0.7,Keep Away,NaN,2.2,6.0,4.4,7.2,23.0,3.1,Good
STU1822,6.73,1.0,1.0,60.7,76.9,63.1,55.4,NaN, Weekly ,3.2,Actively Use,0.7,1.2,2.0,NaN,7.0,28.0,3.8,Average
STU0468,7.6,0.0,0.0,91.4,96.2,94.0,84.7,5.9,Weekly,0.1,Silent,0.7,2.6,4.0,4.2,7.7,23.0,6.4,Good
STU4441,9.25,0.0,0.0,82.2,97.3,71.9,83.2,4.6,Daily,0.6,Keep Away,0.7,1.5,4.0,6.4,8.1,12.0,3.4,Good
STU5098,5.51,2.0,2.0,68.6,NaN,66.2,62.0,3.4,Weekly,2.8,Silent,1.2,NaN,2.0,3.1,7.5,60.0,2.5,At-Risk
STU1493,4.19,2.0,NaN,55.0,35.7,32.8,37.1,1.0,Only Before Exam,3.8, Silent ,1.1,0.6,0.0,1.8,4.2,108.0,NaN,At-Risk
STU4631,9.44,0.0,0.0,92.3,91.9,NaN,101.1,5.3,WEEKLY,0.5,Keep Away,1.0,2.7,5.0,NaN,7.5,3.0,5.9,Good
STU6711,9.97,0.0,0.0,92.1,86.9,73.4,98.5,6.3,daily,0.4,Silent,0.0,NaN,4.0,3.7,8.7,NaN,6.5,Good
STU6265,8.92,0.0,0.0,87.1,86.9,74.4,84.8,4.0,NaN,1.5,SILENT,NaN,2.2,3.0,6.6,7.7,30.0,5.7,Good
STU4171,6.86,1.0,1.0,67.2,NaN,64.9,58.6,2.9,monthly,2.6,Keep Away,1.1,1.2,2.0,3.3,6.9,21.0,3.1,Average
STU5442,5.71,1.0,1.0,59.5,71.4,NaN,66.1,3.2,Monthly,2.2,KEEP AWAY,0.5,0.6,0.0,3.1,7.6,56.0,3.3,Average
STU5912,6.62,1.0,1.0,56.0,74.9,52.2,NaN,3.7,Monthly,2.7,Silent,1.3,1.3,2.0,1.9,6.3,36.0,3.2,Average
STU3755,4.29,3.0,2.0,53.8,26.5,34.1,26.4,1.1,MONTHLY,3.6,SILENT,1.9,0.2,1.0,0.6,4.4,53.0,1.6,At-Risk
STU4940,8.06,0.0,0.0,NaN,84.9,94.9,81.4,NaN,weekly,0.4,Keep Away,0.5,2.4,2.0,4.5,8.4,14.0,5.5,Good
STU1889,8.02,0.0,0.0,80.7,88.3,82.7,97.4,6.1,DAILY,1.4,Keep Away,0.7,2.7,5.0,4.1,8.6,12.0,6.5,Good
STU5826,9.13,0.0,0.0,81.0,86.0,69.9,97.0,4.6,WEEKLY,0.7,Keep Away,0.3,NaN,4.0,6.0,8.6,1.0,7.0,Good
STU4862,8.01,0.0,0.0,87.9,89.6,81.4,NaN,6.6,Weekly,1.1,Silent,0.2,NaN,3.0,NaN,7.7,25.0,5.5,Good
STU3129,9.01,0.0,0.0,91.5,91.5,90.6,93.2,5.3,Weekly,1.4,Silent,0.1,1.0,4.0,7.9,7.6,15.0,4.1,Good
STU2488,3.19,5.0,2.0,34.9,40.3,19.2,22.0,0.5,Only Before Exam,4.9,Actively Use,2.6,0.1,1.0,0.5,4.7,105.0,0.1,At-Risk
STU5612,6.63,1.0,1.0,66.4,62.6,68.0,68.1,2.4,Weekly,2.6,Silent,1.2,1.0,0.0,NaN,7.6,30.0,3.6,Average
STU0022,7.2,2.0,2.0,62.6,67.5,61.4,69.7,3.7,Weekly,3.1,Keep Away,0.6,1.1,2.0,4.0,6.4,46.0,NaN,Average
STU6692,6.14,2.0,2.0,64.3,73.0,51.1,59.3,3.2,Weekly,2.4,Actively Use,1.2,0.8,1.0,3.6,7.0,51.0,2.3,At-Risk
STU5176,9.26,0.0,0.0,79.9,94.2,77.0,89.9,5.1,daily,1.0,Keep Away,0.9,2.0,3.0,4.0,8.9,7.0,4.4,Good
STU5522,8.44,0.0,0.0,74.9,94.8,87.8,74.1,7.0,WEEKLY,1.6,keep away,0.9,2.4,6.0,NaN,8.0,1.0,4.5,Good
STU7232,9.22,0.0,0.0,83.1,98.9,75.9,85.3,6.7,Daily,NaN,KEEP AWAY,NaN,1.2,6.0,3.4,8.2,16.0,5.3,Good
STU6924,7.72,0.0,0.0,86.6,92.5,86.5,74.8,6.5,daily,0.7,Silent,0.4,2.3,6.0,5.1,NaN,22.0,5.6,Good
STU3276,8.62,0.0,0.0,90.5,88.5,93.4,86.0,7.5,Daily,1.2,Keep Away,0.2,1.3,6.0,4.9,7.6,28.0,4.6,Good
STU2404,8.23,0.0,0.0,94.6,89.2,71.1,77.1,6.5,Daily,0.3,Silent,0.8,2.4,5.0,5.4,9.0,28.0,4.6,Good
STU3593,4.25,2.0,2.0,48.5,NaN,20.4,35.7,1.5,Monthly,8.1,Actively Use,NaN,NaN,0.0,1.2,6.6,76.0,0.0,At-Risk
STU1315,6.6,2.0,1.0,60.7,69.1,52.9,54.8,3.3,Monthly,4.0,Silent,1.5,1.4,2.0,2.9,6.1,27.0,4.0,Average
STU6742,9.46,0.0,0.0,76.5,NaN,92.1,79.5,4.1,Daily,-0.0,Silent,0.8,1.4,4.0,3.9,7.6,1.0,3.4,Good
STU1048,8.46,0.0,0.0,93.8,92.8,71.6,88.1,4.5,Daily,2.1,Keep Away,0.8,1.2,3.0,3.6,8.3,12.0,4.4,Good
STU3248,8.92,0.0,0.0,99.5,93.8,75.3,68.3,7.3,Weekly,0.8,Keep Away,0.3,2.6,4.0,7.7,8.5,30.0,3.7,Good
STU6807,8.9,0.0,0.0,83.7,89.5,75.6,81.4,6.3,Daily,1.2,NaN,0.7,NaN,3.0,NaN,7.4,NaN,3.1,Good
STU5721,7.07,2.0,1.0,62.4,70.3,52.3,61.8,3.6, Weekly ,2.5,Actively Use,1.0,1.1,1.0,2.3,6.5,17.0,2.4,Average
STU4067,9.75,0.0,0.0,90.8,98.1,80.3,87.6,6.0,Daily,0.9,SILENT,0.7,1.6,2.0,4.9,7.7,24.0,6.5,Good
STU5378,8.03,0.0,0.0,93.8,94.0,NaN,79.3,7.3,Daily,1.1,Silent,0.6,1.5,4.0,6.2,8.7,17.0,4.6,Good
STU0811,4.93,3.0,1.0,42.1,44.7,43.2,23.8,1.9,Never,7.0,actively use,1.8,0.2,0.0,0.3,4.4,76.0,1.5,At-Risk
STU3742,7.03,2.0,1.0,73.4,70.4,57.7,58.6,4.1,MONTHLY,3.8,Actively Use,2.0,0.7,2.0,NaN,6.5,24.0,2.1,At-Risk
STU2480,5.04,4.0,4.0,34.6,58.1,22.0,47.0,1.1,Monthly,6.7,Actively Use,2.6,1.0,1.0,0.5,4.9,82.0,0.1,At-Risk
STU4823,9.71,0.0,0.0,79.6,91.9,82.5,72.2,5.5,DAILY,1.2,Keep Away,0.0,2.0,3.0,3.5,8.8,NaN,5.6,Good
STU4204,7.61,0.0,NaN,77.3,99.9,96.8,NaN,6.9,Daily,0.2,Keep Away,0.6,1.3,3.0,4.9,7.7,10.0,5.5,Good
STU7359,8.17,0.0,0.0,78.5,86.4,82.7,74.0,8.0,Weekly,0.9,Keep Away,0.5,2.2,4.0,4.0,8.0,24.0,3.3,Good
STU1369,5.42,2.0,2.0,46.8,49.9,31.9,40.0,0.5,never,3.9,Actively Use,3.9,0.5,0.0,1.4,4.7,98.0,1.2,At-Risk
STU2669,7.21,1.0,1.0,64.0,85.5,50.9,48.9,NaN,monthly,2.1,Actively Use,1.7,0.6,2.0,3.2,6.1,22.0,1.8,At-Risk
STU5608,6.78,1.0,1.0,58.1,68.4,NaN,69.9,3.6,Weekly,2.6,Silent,1.7,1.0,0.0,2.4,6.7,45.0,3.0,Average
STU1521,4.48,4.0,1.0,39.7,22.6,23.9,26.0,1.1,Monthly,3.4,Actively Use,3.2,0.1,0.0,0.4,4.3,80.0,NaN,At-Risk
STU4032,5.78,2.0,2.0,60.1,72.2,64.2,60.0,2.5,Monthly,3.5,SILENT,0.7,1.2,1.0,3.8,6.6,52.0,1.3,At-Risk
STU6942,8.63,0.0,0.0,86.4,99.6,NaN,74.7,NaN,Weekly,1.9,Keep Away,0.4,1.6,3.0,4.6,6.9,27.0,5.5,Good
STU5033,9.26,0.0,0.0,92.1,95.5,NaN,83.7,6.4,Weekly,0.3,Keep Away,NaN,2.6,5.0,4.4,7.5,0.0,NaN,Good
STU1206,9.92,0.0,0.0,95.1,87.1,72.6,96.7,5.2,Daily,0.4,keep away,0.9,2.2,4.0,4.1,8.8,22.0,7.0,Good
STU2333,7.94,0.0,0.0,90.1,95.4,92.6,84.8,7.2,Daily,0.2,Silent,0.6,1.4,2.0,4.9,8.8,15.0,3.9,Good
STU6818,8.5,0.0,0.0,81.3,87.8,71.7,74.8,7.3,Daily,1.2,Keep Away,0.3,1.1,6.0,3.9,8.0,0.0,3.6,Good
STU5603,7.13,1.0,1.0,63.7,84.3,68.2,54.8,2.0,Weekly,2.4,silent,1.0,1.1,2.0,NaN,NaN,48.0,2.7,Average
STU3850,9.18,0.0,0.0,85.7,92.7,NaN,91.2,3.9,Weekly,-0.1,Keep Away,0.7,2.9,6.0,6.2,8.4,20.0,6.3,Good
STU4227,3.05,2.0,1.0,38.7,42.7,45.6,37.1,0.2,Only Before Exam,4.3,NaN,3.3,NaN,1.0,1.7,7.0,104.0,1.8,At-Risk
STU4618,7.14,1.0,1.0,63.4,72.4,70.7,65.8,2.0,Monthly,2.6,silent,0.6,0.6,1.0,NaN,7.4,31.0,1.7,At-Risk
STU0956,3.59,3.0,3.0,31.2,44.6,27.5,41.3,-0.1,Never,3.9,Actively Use,3.7,0.2,0.0,1.7,4.3,87.0,0.4,At-Risk
STU5010,9.59,0.0,0.0,94.2,97.8,99.9,84.6,7.1,Daily,-0.1,Keep Away,0.4,1.1,2.0,7.6,8.9,4.0,3.3,Good
STU0860,5.27,4.0,NaN,42.2,61.9,26.9,47.3,-0.0,Never,6.5, Silent ,3.1,0.5,0.0,0.4,6.1,88.0,NaN,At-Risk
STU2034,3.34,4.0,2.0,41.7,27.2,48.9,43.3,0.3,Never,3.8,Actively Use,4.3,0.8,0.0,NaN,7.1,114.0,2.0,At-Risk
STU1316,7.75,0.0,0.0,88.5,90.9,83.8,89.2,6.1,NaN,0.4,Silent,NaN,1.7,2.0,7.8,8.6,30.0,4.8,Good
STU2400,8.98,0.0,0.0,96.9,91.8,91.6,91.2,6.9,Daily,1.2, Keep Away ,0.2,1.3,NaN,7.9,7.1,8.0,4.9,Good
STU6851,8.79,0.0,0.0,94.6,93.8,89.7,80.8,6.2,Weekly,1.5,Silent,0.2,1.2,2.0,5.9,8.3,22.0,4.2,Good
STU4720,8.73,0.0,0.0,NaN,94.6,87.1,73.5,5.1,Daily,0.2,Keep Away,NaN,1.6,5.0,3.4,8.0,9.0,5.7,Good
STU4785,9.25,0.0,0.0,90.2,92.1,76.7,NaN,5.1,Daily,0.7,Keep Away,0.5,2.4,2.0,6.7,8.3,0.0,3.4,Good
STU3905,4.61,2.0,2.0,50.4,50.6,26.6,37.2,1.2,Only Before Exam,5.1,Silent,1.3,0.3,0.0,0.6,6.3,85.0,1.8,At-Risk
STU6809,5.75,2.0,2.0,66.3,63.8,68.2,68.1,2.8,MONTHLY,4.3,Silent,1.6,1.2,2.0,2.7,6.8,59.0,3.9,At-Risk
STU1367,4.54,5.0,1.0,34.5,35.2,35.5,34.9,1.6,Never,3.2,SILENT,4.8,0.6,1.0,1.6,5.4,67.0,0.9,At-Risk
STU3044,9.85,0.0,0.0,85.6,89.0,69.8,94.4,4.2,Daily,1.7,SILENT,0.4,1.5,2.0,6.1,7.2,26.0,3.3,Good
STU3925,6.27,1.0,1.0,59.4,79.0,58.7,61.6,2.4,Monthly,2.4,Silent,0.7,1.0,2.0,3.3,7.6,43.0,1.8,Average
STU5925,9.94,0.0,0.0,82.4,97.8,84.1,76.1,5.4,Daily,0.4, Silent ,0.7,2.0,6.0,NaN,7.8,13.0,5.6,Good
STU4707,6.78,2.0,2.0,68.3,82.3,50.5,67.9,3.6,Monthly,3.2,keep away,0.6,1.4,0.0,1.2,7.2,54.0,2.5,At-Risk
STU2507,8.42,0.0,0.0,95.3,92.2,75.2,86.3,5.0,Weekly,0.8,keep away,0.3,2.6,6.0,7.6,8.6,17.0,4.8,Good
STU0463,9.07,0.0,0.0,77.8,88.0,70.7,77.8,4.3,Weekly,0.4,Keep Away,0.4,2.9,6.0,6.1,8.6,3.0,5.8,Good
STU1574,3.26,4.0,2.0,53.9,33.3,24.5,23.0,1.1,Only Before Exam,6.0,Actively Use,2.3,0.8,0.0,NaN,5.0,81.0,NaN,At-Risk
STU4889,7.56,0.0,0.0,89.3,85.7,98.0,70.1,7.6,weekly,1.9,Keep Away,0.1,2.4,4.0,5.7,8.9,25.0,6.2,Good
STU0309,9.9,NaN,0.0,93.3,98.0,NaN,90.4,7.0,Weekly,0.8,Keep Away,0.8,2.9,4.0,7.4,NaN,3.0,4.1,Good
STU2122,8.51,0.0,0.0,89.7,86.3,72.8,94.3,7.6,Daily,0.1,KEEP AWAY,NaN,2.5,3.0,3.9,7.6,19.0,4.7,Good
STU0580,9.71,0.0,0.0,NaN,95.9,85.1,81.0,4.1,Daily,1.5,Silent,0.4,2.1,5.0,6.4,8.4,13.0,6.8,Good
STU4202,8.3,0.0,0.0,77.0,90.9,81.9,81.0,6.3,Weekly,0.4,Silent,0.3,2.0,6.0,6.0,8.1,7.0,6.5,Good
STU1706,6.55,2.0,2.0,58.6,NaN,49.7,71.0,NaN, Monthly ,2.4,Keep Away,1.8,1.0,2.0,1.4,6.9,35.0,NaN,At-Risk
STU6474,4.39,3.0,2.0,52.0,20.1,40.2,36.5,1.0,Never,4.1,Actively Use,NaN,NaN,0.0,1.0,4.6,82.0,1.9,At-Risk
STU3787,4.1,5.0,2.0,42.5,NaN,29.5,25.1,1.5,only before exam,6.0,Silent,1.2,1.0,1.0,1.4,4.4,56.0,1.9,At-Risk
STU5108,8.45,0.0,0.0,91.4,97.3,89.2,76.9,8.0,DAILY,0.1,Keep Away,0.4,1.6,5.0,7.7,8.7,22.0,6.2,Good
STU5696,8.43,0.0,NaN,79.4,95.2,91.0,NaN,7.7,Weekly,1.8,Silent,0.5,1.4,3.0,4.1,8.2,15.0,6.7,Good
STU2995,9.59,0.0,0.0,82.6,85.9,71.6,89.9,6.2,Weekly,0.3,Keep Away,NaN,2.5,5.0,4.4,8.4,25.0,4.0,Good
STU5131,6.88,2.0,1.0,68.7,77.3,54.1,54.2,2.8,monthly,2.7,Actively Use,1.5,0.6,0.0,3.2,7.2,37.0,1.5,At-Risk
STU2038,3.46,NaN,1.0,51.8,38.0,25.1,23.5,0.7,MONTHLY,7.0,Actively Use,2.5,0.2,1.0,0.8,5.8,111.0,0.1,At-Risk
STU5884,9.77,0.0,0.0,79.0,95.1,89.6,89.9,7.0,DAILY,1.3,Keep Away,0.5,2.7,6.0,4.3,8.4,14.0,5.8,Good
STU5764,7.56,0.0,0.0,86.1,94.0,80.2,71.3,6.1,NaN,0.6,Keep Away,0.0,2.0,4.0,3.5,7.7,17.0,4.1,Good
STU2096,7.8,0.0,0.0,89.5,93.0,95.0,70.8,NaN,Weekly,0.6,Keep Away,0.9,NaN,3.0,3.2,8.2,12.0,5.1,Good
STU0871,9.23,0.0,0.0,93.1,97.3,100.1,78.7,6.8,Weekly,1.0,Keep Away,0.7,2.0,4.0,8.0,8.6,14.0,6.8,Good
STU7032,5.67,1.0,1.0,62.8,82.5,64.5,NaN,3.7,NaN,2.7,Actively Use,1.5,1.2,1.0,2.9,6.7,20.0,3.5,Average
STU5476,6.37,NaN,1.0,60.9,84.5,66.0,53.0,3.7,Weekly,2.6,Silent,1.4,1.0,2.0,3.2,6.7,15.0,1.2,Average
STU3050,9.95,0.0,0.0,77.1,91.4,78.3,85.2,5.0,Weekly,1.7,KEEP AWAY,0.3,2.3,2.0,NaN,8.6,21.0,5.2,Good
STU7390,7.46,2.0,2.0,71.5,74.2,56.2,67.5,3.3,Monthly,2.2,Actively Use,0.8,1.0,2.0,NaN,6.9,41.0,2.3,At-Risk
STU2657,9.56,0.0,0.0,84.2,86.1,98.4,93.7,4.8,Weekly,1.5,Silent,0.0,1.1,5.0,5.6,7.1,10.0,6.9,Good
STU5623,9.32,0.0,0.0,93.4,NaN,92.5,79.5,7.8,weekly,1.1,Keep Away,0.9,2.6,6.0,3.4,8.4,11.0,5.0,Good
STU3503,9.23,0.0,0.0,87.4,90.3,73.4,76.4,5.8,DAILY,1.7,Keep Away,0.2,1.8,2.0,6.7,NaN,28.0,6.9,Good
STU4358,4.93,2.0,1.0,NaN,36.4,38.7,26.3,0.8,Monthly,3.4,Actively Use,4.8,0.8,1.0,1.2,13.7,101.0,0.7,At-Risk
STU0977,9.22,0.0,0.0,86.8,NaN,81.8,74.3,NaN,Daily,0.4,Keep Away,0.3,1.2,2.0,7.3,NaN,8.0,5.3,Good
STU3353,4.06,2.0,2.0,30.6,37.5,24.6,40.9,0.2,NEVER,4.7,Actively Use,1.3,0.0,0.0,1.9,7.0,92.0,1.1,At-Risk
STU0958,7.91,0.0,0.0,86.0,91.9,82.8,93.8,5.8,Weekly,1.8,Silent,0.3,1.8,5.0,6.9,8.1,23.0,5.2,Good
STU5270,9.81,0.0,0.0,98.0,89.5,93.4,83.8,8.2,Weekly,0.1,Keep Away,0.5,NaN,5.0,6.6,7.2,26.0,5.5,Good
STU3700,4.85,5.0,3.0,35.2,46.3,24.3,28.6,1.0, Monthly ,4.5,Actively Use,3.6,NaN,0.0,0.3,5.6,94.0,1.8,At-Risk
STU1341,8.89,0.0,0.0,79.8,88.7,96.7,NaN,6.9,Weekly,1.1,Silent,0.9,NaN,2.0,NaN,7.7,20.0,5.4,Good
STU1823,6.54,2.0,1.0,74.4,72.1,58.0,57.4,2.4,weekly,3.4,SILENT,1.5,1.0,2.0,1.3,6.9,34.0,1.2,Average
STU2330,4.24,4.0,1.0,29.7,33.6,36.2,36.6,0.2,Never,7.0,Actively Use,2.2,NaN,1.0,0.5,5.2,100.0,0.4,At-Risk
STU1930,9.94,0.0,0.0,89.3,96.4,84.6,84.4,5.6, Weekly ,1.4,Silent,NaN,2.0,3.0,5.4,7.4,22.0,3.7,Good
STU3881,9.87,NaN,0.0,78.2,84.3,73.4,97.3,4.4,Daily,1.1,Keep Away,0.2,1.0,5.0,3.4,8.3,26.0,3.7,Good
STU6143,9.58,0.0,0.0,86.7,92.6,95.1,90.0,6.4,Weekly,0.5,Silent,0.2,2.0,6.0,6.3,7.9,23.0,3.3,Good
STU6151,7.36,2.0,2.0,73.2,66.7,52.4,66.5,2.2,WEEKLY,4.0,NaN,NaN,0.5,1.0,NaN,6.5,32.0,3.1,At-Risk
STU0354,7.64,0.0,0.0,92.8,92.2,77.8,88.4,5.7,WEEKLY,1.5,Keep Away,0.5,1.8,4.0,7.7,7.4,8.0,3.5,Good
STU4828,7.94,0.0,0.0,86.4,85.8,100.5,89.4,7.6,Daily,0.3,Keep Away,0.2,1.8,3.0,6.1,7.8,14.0,5.8,Good
STU1446,4.83,3.0,3.0,46.0,47.5,27.3,34.1,1.0,Monthly,5.3,Actively Use,NaN,0.6,0.0,0.2,NaN,66.0,1.4,At-Risk
STU4799,8.12,0.0,0.0,86.8,83.4,79.6,96.9,5.3,Weekly,-0.2,Silent,0.5,2.2,6.0,4.6,8.3,18.0,3.2,Good
STU2727,8.13,0.0,0.0,83.6,94.8,82.3,73.9,6.6,daily,-0.0,NaN,0.6,2.0,3.0,5.5,7.1,9.0,5.6,Good
STU7140,8.65,0.0,0.0,87.7,84.6,79.8,89.3,7.0,Daily,0.0,silent,0.9,1.3,6.0,6.3,8.0,7.0,6.5,Good
STU4257,8.87,0.0,0.0,75.6,92.2,89.3,98.6,NaN,Weekly,-0.1,Silent,0.7,2.8,5.0,5.5,8.1,4.0,7.0,Good
STU3201,3.07,2.0,NaN,48.7,23.9,46.2,45.5,1.8,Never,7.3,Actively Use,3.2,0.3,1.0,1.3,5.2,59.0,0.0,At-Risk
STU6463,9.66,0.0,0.0,87.3,83.7,91.4,84.7,4.8,Daily,0.8,Keep Away,0.3,2.5,4.0,NaN,8.2,26.0,5.0,Good
STU6385,8.26,0.0,0.0,94.9,83.5,92.3,84.2,6.8,Weekly,1.7,SILENT,0.8,1.2,5.0,5.3,7.7,30.0,5.0,Good
STU1386,4.45,2.0,1.0,48.6,37.5,48.3,34.8,1.0,Only Before Exam,5.3,Silent,3.9,0.6,0.0,0.5,4.5,103.0,NaN,At-Risk
STU6376,8.71,0.0,0.0,77.2,99.9,NaN,77.0,7.1,DAILY,2.1,KEEP AWAY,0.3,1.6,3.0,5.2,7.6,11.0,6.2,Good
STU3722,5.07,2.0,2.0,36.8,22.3,NaN,30.8,0.2,Never,3.4,Actively Use,3.1,0.2,1.0,1.1,6.2,53.0,1.1,At-Risk
STU0502,9.95,0.0,0.0,87.2,90.9,91.9,74.5,6.3,Weekly,0.9,Keep Away,0.1,NaN,4.0,NaN,8.7,11.0,3.4,Good
STU3525,6.74,1.0,1.0,66.0,59.3,51.8,63.6,3.6,WEEKLY,NaN,Silent,1.4,1.1,2.0,1.3,7.5,58.0,2.4,Average
STU6435,8.64,0.0,0.0,91.8,87.9,73.1,83.4,7.9,Weekly,NaN,keep away,0.6,NaN,6.0,5.3,7.8,27.0,3.9,Good
STU7370,7.67,0.0,0.0,95.4,87.1,95.9,82.0,5.4,Weekly,1.1,Keep Away,0.6,2.4,5.0,4.7,9.0,29.0,4.7,Good
STU2105,8.08,0.0,0.0,82.1,94.5,100.0,83.2,7.1,Daily,0.5,SILENT,NaN,2.3,5.0,7.0,7.2,11.0,NaN,Good
STU2234,4.15,3.0,1.0,33.0,60.4,26.1,NaN,1.6,Only Before Exam,8.0,ACTIVELY USE,2.7,0.9,0.0,1.9,4.5,75.0,1.0,At-Risk
STU6910,7.71,0.0,0.0,97.3,97.5,67.7,95.7,6.5,daily,NaN,Silent,0.5,NaN,6.0,4.8,7.9,27.0,6.0,Good
STU1008,7.69,0.0,0.0,82.4,93.2,88.1,85.9,6.1,Weekly,0.6,Silent,0.2,1.3,5.0,7.2,8.1,28.0,3.7,Good
STU6986,8.32,0.0,0.0,83.9,89.7,88.0,73.3,6.8,daily,0.9,Keep Away,0.6,1.5,3.0,5.8,8.4,22.0,5.8,Good
STU5573,7.98,0.0,0.0,80.4,88.5,97.7,92.1,5.3,Weekly,0.9,Keep Away,0.6,1.9,5.0,4.4,7.3,24.0,6.1,Good
STU2172,8.93,0.0,0.0,77.1,89.3,80.0,71.6,5.5,Weekly,2.0,Keep Away,0.4,1.9,5.0,6.3,NaN,8.0,6.8,Good
STU4465,9.6,0.0,0.0,91.0,92.5,80.4,96.0,4.3,Weekly,0.2,Keep Away,0.9,2.6,5.0,6.9,8.2,25.0,4.2,Good
STU3217,3.39,4.0,3.0,39.3,19.2,42.6,41.4,0.5,Never,8.2,Actively Use,3.7,0.7,0.0,0.4,6.5,104.0,1.9,At-Risk
STU6849,9.51,0.0,0.0,81.6,NaN,98.6,68.8,4.7,Daily,2.1,Keep Away,0.3,2.6,6.0,3.4,8.6,1.0,5.8,Good
STU5398,5.76,2.0,1.0,67.2,69.1,NaN,57.1,2.2,Weekly,3.7,Silent,1.4,0.6,1.0,3.1,7.4,57.0,1.7,Average
STU1319,4.78,2.0,1.0,53.7,24.5,25.7,21.8,2.0,Never,NaN,NaN,3.3,0.1,0.0,0.5,4.9,NaN,1.1,At-Risk
STU4590,7.49,2.0,NaN,70.4,85.5,63.8,55.0,2.6,Monthly,NaN,Silent,1.1,0.9,0.0,NaN,6.0,49.0,2.6,At-Risk
STU3983,7.99,0.0,0.0,87.9,NaN,95.8,77.0,NaN, Weekly ,0.9,Keep Away,0.5,1.2,2.0,7.0,7.7,12.0,5.6,Good
STU4430,5.92,1.0,1.0,54.5,76.9,65.2,61.4,3.3,Monthly,2.9,actively use,1.3,1.4,2.0,2.4,6.0,60.0,3.4,Average
STU1476,9.46,0.0,0.0,79.7,91.0,96.4,81.0,NaN,DAILY,1.4,SILENT,0.0,2.8,6.0,3.5,7.5,24.0,5.9,Good
STU0680,8.3,0.0,0.0,84.0,90.8,94.4,72.9,8.1,Daily,1.6,Keep Away,0.2,2.4,5.0,NaN,7.9,27.0,6.1,Good
STU5235,8.34,0.0,0.0,92.5,99.4,88.4,87.6,7.0,Daily,1.5,KEEP AWAY,0.2,NaN,3.0,6.9,NaN,9.0,6.7,Good
STU5318,7.62,0.0,0.0,79.8,89.8,92.1,84.4,4.1, Weekly ,1.6,keep away,0.4,1.5,3.0,NaN,8.9,20.0,6.8,Good
STU5852,6.2,2.0,1.0,63.5,76.9,54.9,51.7,3.1,Weekly,3.2,Keep Away,0.7,1.1,1.0,1.4,6.2,15.0,2.1,Average
STU3927,8.33,0.0,0.0,91.5,NaN,NaN,79.3,5.7,WEEKLY,1.6,Silent,0.1,1.7,6.0,7.1,7.9,11.0,5.5,Good
STU0381,4.8,4.0,3.0,38.9,55.9,20.7,25.6,1.9,Never,4.4,Actively Use,1.9,NaN,0.0,1.7,5.5,56.0,1.3,At-Risk
STU6122,8.85,0.0,0.0,90.2,91.2,95.7,89.9,4.8,Weekly,0.7,Silent,0.5,NaN,6.0,4.2,7.3,30.0,3.5,Good
STU4164,8.07,0.0,0.0,93.7,94.8,82.1,69.2,3.7,Weekly,1.1,Keep Away,0.8,2.2,6.0,NaN,8.9,19.0,3.8,Good
STU6050,7.85,0.0,0.0,82.1,91.5,74.5,93.2,5.4,DAILY,0.3,Keep Away,0.1,1.8,5.0,NaN,7.2,23.0,3.0,Good
STU6019,7.19,2.0,1.0,61.4,68.3,54.7,NaN,3.2,Monthly,2.2,Silent,1.0,0.7,2.0,3.9,6.7,35.0,2.5,At-Risk
STU1883,4.41,4.0,2.0,47.8,34.8,31.3,30.4,1.9,Monthly,5.5,Actively Use,5.0,0.5,0.0,0.4,5.5,101.0,0.1,At-Risk
STU0478,3.33,5.0,2.0,46.2,28.8,20.7,23.9,2.0,Monthly,7.1,Actively Use,2.4,0.7,1.0,1.1,6.2,59.0,1.4,At-Risk
STU6701,9.72,0.0,0.0,97.0,90.4,96.2,76.3,7.0,daily,0.4,Silent,0.8,2.1,2.0,NaN,8.2,11.0,3.8,Good
STU2383,4.44,5.0,4.0,39.5,44.7,32.2,38.1,0.8,NaN,7.4,Silent,3.8,0.3,0.0,1.7,5.6,88.0,0.3,At-Risk
STU5269,9.54,0.0,0.0,78.9,83.2,71.7,NaN,4.8,Weekly,1.7,Keep Away,NaN,1.1,4.0,4.2,8.0,13.0,3.4,Good
STU7072,6.78,2.0,2.0,69.2,79.1,68.1,68.6,3.5,Monthly,3.0,Silent,0.6,1.4,0.0,NaN,7.2,28.0,1.7,At-Risk
STU2360,4.74,2.0,1.0,48.4,22.3,38.8,39.4,1.1,ONLY BEFORE EXAM,NaN,Actively Use,2.7,0.7,0.0,1.0,4.5,84.0,1.2,At-Risk
STU0426,8.62,NaN,0.0,90.9,96.2,78.7,76.1,4.5,Weekly,0.3,Silent,0.1,2.5,5.0,7.8,8.8,16.0,6.5,Good
STU5720,6.86,1.0,1.0,62.5,59.6,55.9,61.0,1.9,Weekly,2.6, Actively Use ,1.6,0.7,0.0,2.5,7.7,34.0,1.1,At-Risk
STU2256,4.16,5.0,3.0,NaN,36.2,37.9,29.4,0.8,Monthly,6.0,Silent,NaN,0.7,0.0,1.1,6.5,86.0,0.9,At-Risk
STU1334,6.65,2.0,1.0,71.5,76.7,69.1,48.4,1.7,Monthly,3.2,Actively Use,0.5,1.5,0.0,1.7,6.9,43.0,1.2,At-Risk
STU0200,6.91,1.0,1.0,68.8,67.9,53.9,60.5,2.3,Monthly,3.4,keep away,1.0,0.7,1.0,1.1,NaN,37.0,2.9,At-Risk
STU6120,9.32,0.0,0.0,NaN,102.5,84.9,93.5,4.3,DAILY,0.7,Keep Away,NaN,1.2,4.0,NaN,7.6,27.0,4.8,Good
STU1939,3.63,5.0,1.0,31.2,27.7,41.5,47.5,NaN,Monthly,5.4,actively use,1.7,0.7,1.0,0.2,4.6,NaN,0.4,At-Risk
STU0144,7.64,0.0,0.0,92.3,98.3,76.8,73.1,NaN, Daily ,NaN,Silent,NaN,2.4,3.0,NaN,7.9,10.0,7.0,Good
STU3821,5.96,2.0,1.0,73.2,84.8,58.6,55.5,2.6,Monthly,2.3,Silent,1.8,1.4,1.0,2.9,7.5,28.0,3.0,Average
STU4346,8.42,NaN,0.0,72.8,90.0,74.0,NaN,4.0,Daily,0.5,Keep Away,0.9,1.4,3.0,3.3,7.4,15.0,6.3,Good
STU6484,NaN,0.0,0.0,89.6,96.9,86.5,78.7,5.9,Daily,0.3,Keep Away,0.7,2.7,2.0,NaN,7.5,11.0,6.3,Good
STU0305,4.49,2.0,1.0,55.3,50.4,NaN,46.5,0.3,Never,3.2,ACTIVELY USE,1.8,0.3,0.0,1.0,6.0,45.0,1.8,At-Risk
STU1455,6.14,1.0,1.0,63.0,82.6,52.8,62.0,2.0,Weekly,2.7,Silent,1.3,NaN,0.0,2.2,6.0,49.0,2.2,At-Risk
STU4789,7.81,0.0,0.0,101.3,99.7,87.3,93.6,4.1,Weekly,2.2,keep away,0.5,2.8,4.0,NaN,8.6,3.0,4.7,Good
STU4514,6.79,2.0,2.0,63.8,NaN,62.3,61.1,NaN,Monthly,3.1,Silent,1.4,1.0,1.0,NaN,6.6,43.0,1.5,At-Risk
STU0912,8.02,0.0,NaN,94.3,88.1,75.6,94.7,5.0,Daily,0.1,NaN,0.0,2.2,5.0,6.3,7.5,8.0,4.3,Good
STU6789,5.7,1.0,NaN,71.0,79.0,52.2,66.9,3.3,Weekly,3.4,KEEP AWAY,1.6,1.0,0.0,3.2,6.6,27.0,1.1,Average
STU2597,4.21,4.0,3.0,39.9,38.0,19.3,20.6,0.2,NaN,6.3,ACTIVELY USE,3.2,NaN,0.0,1.3,6.7,62.0,NaN,At-Risk
STU4682,9.51,0.0,0.0,76.8,NaN,71.0,90.3,5.1,daily,0.4,Keep Away,0.7,NaN,3.0,6.8,7.7,18.0,4.4,Good
STU5370,7.54,0.0,0.0,100.1,89.3,78.2,86.8,NaN,Weekly,0.4,KEEP AWAY,0.5,1.7,6.0,5.4,7.3,13.0,5.0,Good
STU2310,8.87,0.0,0.0,75.7,90.7,NaN,73.3,5.5,Daily,NaN,Keep Away,0.1,NaN,6.0,3.1,7.3,15.0,3.5,Good
STU2113,8.15,0.0,0.0,84.1,99.3,78.0,75.6,5.2,Daily,1.1,Silent,0.9,2.3,3.0,7.1,8.1,0.0,NaN,Good
STU6885,6.17,2.0,1.0,71.9,74.8,68.2,56.4,1.9,WEEKLY,2.6, Silent ,1.7,0.8,0.0,2.0,7.0,40.0,NaN,At-Risk
STU0594,7.11,1.0,1.0,57.4,76.1,NaN,68.8,2.1,Weekly,3.1, Silent ,1.8,0.9,1.0,2.4,13.1,37.0,1.8,At-Risk
STU3571,7.65,0.0,0.0,94.0,96.3,88.3,84.1,NaN,Daily,1.8,Silent,0.5,2.3,4.0,4.4,7.4,27.0,4.1,Good
STU3534,3.69,4.0,3.0,32.0,33.8,28.8,38.7,1.0,Never,6.1,Silent,1.8,0.8,0.0,0.9,5.5,114.0,2.0,At-Risk
STU1289,9.67,0.0,0.0,76.4,95.0,88.6,73.0,7.2,Weekly,0.5,Keep Away,NaN,2.7,4.0,NaN,8.6,8.0,5.5,Good
STU1656,9.33,0.0,0.0,98.7,88.7,99.8,93.8,7.0,Daily,0.6,Keep Away,0.5,2.3,5.0,NaN,8.4,3.0,3.3,Good
STU5009,9.91,0.0,NaN,85.8,89.7,70.5,96.5,7.5,NaN,1.9,Keep Away,0.1,NaN,5.0,3.1,7.8,26.0,5.0,Good
STU5777,9.69,NaN,0.0,83.5,95.3,95.2,74.0,6.4,Weekly,1.9,Keep Away,0.2,3.0,4.0,4.8,7.4,3.0,NaN,Good
STU2132,NaN,0.0,0.0,82.8,86.0,71.1,76.5,4.3,Weekly,1.3, Keep Away ,1.0,1.2,3.0,7.1,NaN,10.0,5.7,Good
STU0766,6.36,1.0,1.0,64.3,62.2,64.0,64.4,3.2,Monthly,3.7,Keep Away,0.5,1.5,2.0,3.4,7.7,26.0,1.0,Average
STU7199,5.94,2.0,1.0,NaN,82.9,59.0,52.5,4.1,Weekly,2.9,Actively Use,NaN,0.8,1.0,2.6,6.2,27.0,3.1,Average
STU6304,7.05,2.0,1.0,70.0,73.1,56.5,71.7,1.9, Weekly ,3.7,Actively Use,1.1,0.5,0.0,3.4,7.0,38.0,3.4,At-Risk
STU0147,3.03,5.0,3.0,35.0,58.1,43.4,45.5,1.1,Monthly,3.5,Silent,3.2,0.5,1.0,1.7,4.5,NaN,NaN,At-Risk
STU5230,6.36,2.0,2.0,72.0,70.4,52.6,55.5,2.8,Monthly,2.5,Actively Use,1.1,1.2,0.0,3.7,6.2,53.0,3.3,At-Risk
STU0395,9.36,0.0,0.0,79.4,87.3,72.4,91.4,7.6,Daily,0.6,Keep Away,0.1,2.0,6.0,4.7,7.8,NaN,5.5,Good
STU5711,8.56,0.0,0.0,97.4,93.7,91.0,75.8,4.3,Weekly,1.6,keep away,0.1,2.4,NaN,NaN,8.6,4.0,3.8,Good
STU3809,5.21,3.0,1.0,33.4,27.2,45.4,23.9,0.3,Monthly,5.7,ACTIVELY USE,1.2,0.6,1.0,0.9,5.8,96.0,NaN,At-Risk
STU0046,7.41,2.0,1.0,67.3,66.0,61.8,67.4,3.0,Monthly,NaN,Keep Away,1.5,1.0,1.0,3.3,6.9,NaN,3.6,Average
STU3495,7.88,0.0,0.0,77.5,92.3,82.7,84.8,NaN,Daily,0.0,Keep Away,0.7,2.6,2.0,3.2,7.7,24.0,5.2,Good
STU5451,6.33,1.0,1.0,53.9,72.3,57.3,66.5,3.1,Monthly,3.8,Silent,1.6,0.6,1.0,NaN,7.4,50.0,2.8,At-Risk
STU3337,3.22,3.0,1.0,43.7,41.3,33.3,43.5,2.0,NaN,5.3,Silent,NaN,0.5,0.0,1.4,5.9,61.0,0.4,At-Risk
STU4418,9.81,0.0,0.0,91.2,86.3,72.2,71.9,4.5,NaN,1.7,Silent,0.4,1.6,2.0,5.1,7.8,6.0,NaN,Good
STU2160,4.25,5.0,2.0,32.7,46.0,25.3,NaN,1.0,MONTHLY,8.2,Silent,4.6,NaN,0.0,1.1,7.0,94.0,1.1,At-Risk
STU1958,8.22,0.0,0.0,NaN,92.5,80.6,95.5,6.6,Daily,1.4,Keep Away,0.8,2.8,2.0,5.2,8.9,30.0,3.9,Good
STU4953,8.83,0.0,0.0,88.3,92.7,96.8,77.9,6.3,Weekly,0.6,Keep Away,0.3,1.0,NaN,6.0,8.9,14.0,6.0,Good
STU2185,5.86,2.0,1.0,67.0,NaN,57.3,52.9,1.9,Monthly,NaN,Actively Use,NaN,0.9,2.0,2.0,6.9,49.0,3.1,Average
STU5578,9.44,NaN,0.0,76.4,91.3,73.6,NaN,6.7,Daily,0.3,Silent,0.4,1.1,6.0,6.7,7.9,9.0,3.9,Good
STU7192,7.84,0.0,0.0,92.6,96.4,75.0,84.5,7.6,Weekly,2.0,Keep Away,0.8,2.9,5.0,7.7,8.9,3.0,4.7,Good
STU5982,NaN,2.0,1.0,58.9,82.3,NaN,58.8,4.0,Weekly,3.1, Silent ,1.5,0.5,2.0,3.1,6.3,43.0,3.3,Average
STU3498,5.04,3.0,3.0,50.3,50.8,36.6,38.3,-0.2,Never,NaN,Actively Use,1.5,0.2,0.0,1.9,4.5,NaN,1.4,At-Risk
STU2072,8.8,0.0,0.0,88.9,NaN,79.1,92.9,4.4,NaN,1.0,Keep Away,0.6,1.2,4.0,5.6,8.1,4.0,6.0,Good
STU1368,9.7,0.0,0.0,97.0,86.7,75.7,NaN,7.7,Daily,0.4,Keep Away,0.7,NaN,4.0,6.9,8.2,7.0,4.6,Good
STU3096,7.86,0.0,0.0,90.0,93.9,96.3,85.0,8.1,WEEKLY,0.8,Silent,1.0,2.8,5.0,5.9,7.8,22.0,4.5,Good
STU2365,5.62,1.0,1.0,65.9,68.4,56.4,54.4,3.0,Monthly,2.7,NaN,1.0,1.5,NaN,3.8,6.9,38.0,3.9,Average
STU7186,7.63,0.0,0.0,92.5,96.2,69.2,81.6,5.5,Daily,0.7,Keep Away,0.3,2.6,6.0,NaN,7.7,22.0,NaN,Good
STU0931,6.0,1.0,NaN,60.0,79.0,65.0,NaN,NaN,Weekly,2.2, Keep Away ,0.8,NaN,0.0,1.3,7.7,47.0,3.2,Average
STU3513,3.82,2.0,NaN,NaN,21.6,47.1,24.2,1.3,Only Before Exam,5.8,Silent,1.2,0.0,0.0,1.9,6.2,40.0,1.4,At-Risk
STU2976,7.85,0.0,0.0,79.1,93.5,78.6,66.9,5.8,Daily,NaN,Silent,0.3,2.9,2.0,4.2,7.3,2.0,3.5,Good
STU5525,9.22,0.0,0.0,86.5,91.5,69.7,81.3,7.7,Weekly,1.1,Silent,0.6,2.9,6.0,7.4,8.0,NaN,4.1,Good
STU4575,9.21,0.0,0.0,93.0,NaN,86.4,81.1,7.0, Daily ,1.3,Keep Away,0.5,2.3,4.0,4.3,NaN,29.0,4.0,Good
STU3142,9.09,0.0,NaN,97.5,98.0,76.2,93.6,8.1,WEEKLY,0.6, Keep Away ,1.0,1.0,2.0,5.6,8.5,5.0,6.2,Good
STU6277,7.92,0.0,0.0,82.5,102.8,72.0,93.2,4.2,Daily,0.5,KEEP AWAY,0.8,1.9,6.0,6.5,7.2,26.0,5.7,Good
STU2582,4.12,5.0,4.0,35.5,45.1,40.5,32.4,1.5,Never,4.5,Silent,3.8,0.7,0.0,1.9,4.9,89.0,0.2,At-Risk
STU6519,8.21,0.0,0.0,87.3,97.4,78.8,97.5,6.8,Daily,1.2,Silent,1.0,1.7,4.0,4.4,7.6,14.0,6.0,Good
STU0607,4.6,4.0,3.0,29.4,37.2,46.9,28.2,0.2,Only Before Exam,6.7,actively use,3.4,NaN,0.0,0.1,4.4,112.0,1.2,At-Risk
STU0075,7.75,0.0,0.0,82.1,96.0,94.8,95.1,5.8,Weekly,1.3, Silent ,0.2,1.6,5.0,7.5,6.9,19.0,3.3,Good
STU5642,9.11,0.0,0.0,83.4,98.2,82.9,88.7,5.2,NaN,0.2,Keep Away,0.1,1.5,2.0,7.1,8.0,0.0,5.4,Good
STU1323,8.91,0.0,0.0,77.5,97.5,99.4,98.3,5.5,Daily,0.4,NaN,0.0,2.3,2.0,5.7,7.9,6.0,6.6,Good
STU5820,8.41,0.0,0.0,91.0,96.9,96.8,83.8,5.6, Weekly ,1.6,Keep Away,0.5,2.3,3.0,7.0,8.8,21.0,4.0,Good
STU0114,9.75,0.0,0.0,84.6,89.0,87.1,95.8,4.6,Daily,1.2, Keep Away ,0.6,2.5,5.0,3.7,8.4,4.0,6.6,Good
STU3914,9.08,0.0,0.0,90.1,88.9,91.6,73.0,7.4,Weekly,0.7,Keep Away,0.5,2.9,3.0,6.8,7.2,17.0,5.3,Good
STU0987,9.43,0.0,0.0,97.1,90.1,72.0,87.8,NaN,WEEKLY,0.2,Keep Away,0.2,1.0,6.0,6.0,8.7,10.0,5.7,Good
STU6768,9.59,0.0,0.0,96.8,86.8,90.3,87.2,7.1,Weekly,1.5,Keep Away,0.2,2.0,3.0,NaN,8.2,6.0,4.0,Good
STU4844,8.12,0.0,0.0,95.7,89.1,73.7,71.9,4.7,NaN,0.8,Silent,0.6,1.3,5.0,5.2,7.0,21.0,3.2,Good
STU0223,4.52,4.0,4.0,38.6,28.8,40.6,39.5,0.6, Never ,6.2,Actively Use,2.6,0.7,0.0,NaN,6.7,69.0,0.6,At-Risk
STU5445,9.23,0.0,0.0,86.7,NaN,71.3,72.8,5.8,Weekly,0.9,silent,0.8,1.2,2.0,3.3,7.3,19.0,5.7,Good
STU1993,6.12,2.0,1.0,57.4,75.7,60.9,62.4,3.4,WEEKLY,3.9,Actively Use,NaN,0.6,1.0,2.0,6.5,25.0,NaN,At-Risk
STU6319,7.89,0.0,0.0,99.1,91.1,95.5,69.8,7.6,Daily,1.2,Silent,0.7,1.2,2.0,6.6,7.2,NaN,3.2,Good
STU4132,9.52,0.0,NaN,88.1,98.0,94.6,73.7,4.5,NaN,0.6,Keep Away,0.5,NaN,4.0,3.4,7.1,13.0,6.1,Good
STU4927,8.38,0.0,0.0,77.8,87.6,90.9,NaN,6.1,Daily,0.6,keep away,0.8,3.0,6.0,4.6,8.4,2.0,3.7,Good
STU6215,6.14,1.0,1.0,67.8,81.7,55.3,66.6,3.6,Weekly,3.6,Silent,0.9,0.9,2.0,1.7,6.6,31.0,3.9,Average
STU1762,4.1,4.0,3.0,47.5,46.3,25.4,43.8,1.3,Never,4.0,NaN,NaN,0.8,0.0,0.2,4.3,55.0,1.1,At-Risk
STU4444,5.57,NaN,2.0,59.3,83.1,69.0,NaN,3.4,weekly,3.1,keep away,1.0,0.9,0.0,NaN,6.1,17.0,1.6,At-Risk
STU4264,4.82,3.0,2.0,39.1,57.6,NaN,NaN,1.6,Never,7.6,SILENT,3.6,0.2,0.0,NaN,7.0,85.0,0.2,At-Risk
STU4181,6.82,2.0,2.0,60.0,74.5,52.8,70.3,3.9,Monthly,3.0,Silent,NaN,0.9,0.0,3.9,6.9,43.0,1.7,At-Risk
STU4213,9.06,0.0,0.0,99.5,92.2,85.7,74.8,7.5,Weekly,0.1, Keep Away ,0.6,2.6,NaN,6.0,7.3,25.0,5.4,Good
STU4044,7.02,1.0,1.0,64.5,76.1,66.4,67.8,2.5,Weekly,NaN,Silent,1.6,0.6,0.0,3.5,6.4,33.0,NaN,At-Risk
STU3457,8.89,0.0,0.0,86.2,97.7,77.8,97.3,5.6,NaN,1.4,silent,0.1,1.4,3.0,6.8,6.9,NaN,6.9,Good
STU0531,5.63,2.0,2.0,60.5,66.6,63.0,61.1,3.2,WEEKLY,2.7,Actively Use,0.7,1.0,2.0,3.5,7.3,57.0,2.0,Average
STU5491,9.96,0.0,0.0,89.6,88.8,76.2,76.9,4.4,Daily,1.5,Keep Away,0.7,1.6,3.0,NaN,8.1,3.0,3.3,Good
STU2591,5.29,5.0,2.0,41.7,NaN,40.1,25.8,1.3,Only Before Exam,7.5,Silent,2.4,0.4,0.0,0.8,4.7,90.0,1.6,At-Risk
STU5125,9.3,0.0,0.0,NaN,97.2,84.3,74.8,5.3,WEEKLY,-0.0,Keep Away,0.8,2.5,4.0,5.5,7.8,15.0,4.9,Good
STU3955,5.38,5.0,3.0,43.5,26.5,33.9,48.3,-0.1,Monthly,3.6,Actively Use,4.6,NaN,0.0,0.2,4.3,NaN,1.8,At-Risk
STU3631,8.16,0.0,0.0,80.3,92.1,100.6,76.4,7.3,Daily,1.2,silent,0.0,2.9,5.0,7.9,9.0,NaN,5.0,Good
STU2522,9.19,0.0,0.0,89.8,98.1,NaN,89.3,5.8,weekly,1.1,Silent,1.0,1.3,4.0,5.2,8.3,21.0,4.7,Good
STU5064,9.47,0.0,0.0,96.3,91.0,75.5,74.4,7.0, Daily ,1.3,Keep Away,0.7,1.3,3.0,NaN,9.0,14.0,6.2,Good
STU3052,6.93,1.0,1.0,61.4,74.4,58.9,70.0,3.9, Weekly ,3.8,Silent,0.9,0.8,2.0,3.6,7.2,20.0,3.4,Average
STU5847,7.23,1.0,1.0,74.4,79.4,52.3,68.5,NaN,Weekly,2.6,Keep Away,0.6,0.8,1.0,1.4,6.1,59.0,4.0,Average
STU6335,8.83,0.0,0.0,96.0,86.8,87.8,NaN,NaN,Weekly,1.0,Silent,0.9,2.0,3.0,7.4,8.0,26.0,5.9,Good
STU7115,8.71,0.0,0.0,86.5,87.4,82.8,83.9,4.4,WEEKLY,NaN,Silent,0.8,1.9,4.0,4.7,8.1,27.0,3.9,Good
STU6754,7.92,0.0,0.0,96.2,85.9,78.2,73.4,5.3, Daily ,1.3,Keep Away,0.6,2.4,4.0,NaN,7.0,24.0,5.7,Good
STU6247,7.82,0.0,0.0,98.2,94.3,86.8,86.0,4.8,NaN,2.1,keep away,0.2,1.3,5.0,7.7,7.5,21.0,6.4,Good
STU7024,7.82,0.0,0.0,93.7,92.4,75.7,96.2,4.5,Daily,1.3,Silent,0.6,NaN,2.0,6.0,8.3,11.0,6.6,Good
STU3205,3.41,5.0,2.0,36.1,41.4,31.7,42.2,0.8,monthly,7.1,Silent,2.7,0.6,0.0,0.6,6.1,117.0,1.3,At-Risk
STU5693,6.29,1.0,1.0,71.8,69.0,59.3,60.2,3.3,Weekly,2.7,Actively Use,1.5,0.6,1.0,3.7,6.2,46.0,NaN,At-Risk
STU1780,9.6,0.0,0.0,88.8,82.9,86.4,101.3,4.6,Daily,0.4,Keep Away,0.1,2.5,3.0,5.0,7.1,3.0,6.5,Good
STU1026,5.36,3.0,3.0,NaN,33.0,35.7,NaN,0.3,Only Before Exam,NaN,Actively Use,4.8,0.2,1.0,1.4,5.8,84.0,1.4,At-Risk
STU3779,5.55,2.0,2.0,NaN,NaN,62.0,60.9,2.6,Weekly,3.0,Actively Use,1.4,1.0,2.0,1.3,7.8,40.0,2.8,At-Risk
STU0082,4.83,5.0,1.0,36.2,18.8,29.2,NaN,0.3,NaN,5.4,Actively Use,NaN,0.3,0.0,1.5,4.4,114.0,0.2,At-Risk
STU5630,7.76,0.0,0.0,94.3,NaN,78.9,80.6,5.6,weekly,0.8,Keep Away,0.0,2.7,2.0,7.4,7.1,24.0,6.1,Good
STU2031,9.61,0.0,0.0,95.5,98.1,NaN,89.5,4.2,Daily,0.2,Keep Away,0.7,1.0,3.0,5.9,8.6,8.0,4.5,Good
STU4055,8.82,0.0,0.0,73.7,91.5,73.9,83.3,8.0,Weekly,NaN,Keep Away,0.3,2.2,2.0,5.5,7.4,15.0,7.0,Good
STU1793,5.08,3.0,3.0,37.0,55.6,41.0,38.1,0.8,Only Before Exam,3.5,Silent,4.3,NaN,1.0,NaN,5.8,48.0,NaN,At-Risk
STU5825,8.2,0.0,0.0,78.5,94.7,98.7,77.8,6.4,Daily,1.1,Keep Away,0.6,2.2,3.0,4.4,8.2,1.0,4.1,Good
STU2717,7.42,1.0,1.0,59.5,64.0,66.2,70.6,3.4,weekly,2.1,Actively Use,1.2,NaN,0.0,NaN,6.2,47.0,1.5,At-Risk
STU3820,3.15,2.0,1.0,32.2,34.4,23.7,41.0,NaN,MONTHLY,6.5,Silent,3.6,0.0,1.0,1.0,6.5,76.0,NaN,At-Risk
STU2674,6.3,2.0,1.0,71.0,62.6,63.3,64.8,4.0,Weekly,3.2,Keep Away,1.1,0.9,2.0,2.1,7.2,NaN,NaN,Average
STU7116,3.0,5.0,2.0,40.2,19.1,21.0,19.9,1.7,only before exam,3.6,Silent,2.0,NaN,0.0,1.1,4.4,41.0,1.8,At-Risk
STU4654,9.53,0.0,0.0,86.0,87.5,69.7,81.1,4.8,Weekly,1.5,Keep Away,0.3,NaN,6.0,6.1,7.7,30.0,5.4,Good
STU3502,3.82,3.0,3.0,38.5,NaN,23.7,34.7,1.3,Never,3.3,Silent,1.4,0.4,0.0,0.3,5.3,111.0,1.2,At-Risk
STU2564,7.04,1.0,1.0,76.0,72.3,50.2,68.1,2.2,NaN,3.7,Silent,0.5,1.3,0.0,3.8,6.5,44.0,1.7,At-Risk
STU3403,9.4,NaN,0.0,75.2,92.0,87.7,78.2,4.5,Daily,0.7,Silent,0.3,NaN,6.0,4.6,7.4,30.0,NaN,Good
STU7248,8.41,0.0,0.0,85.0,94.3,81.9,89.2,7.8,Daily,1.8,Keep Away,0.9,1.1,6.0,8.0,7.5,25.0,4.1,Good
STU1957,7.25,NaN,2.0,66.8,70.9,66.6,58.2,2.0,Weekly,3.1,Silent,1.7,0.5,2.0,2.8,7.2,15.0,3.8,Average
STU3870,3.14,4.0,NaN,39.2,28.4,23.1,42.4,1.6,Only Before Exam,7.9,ACTIVELY USE,2.8,0.3,1.0,1.7,6.5,105.0,1.2,At-Risk
STU4137,8.15,0.0,0.0,100.0,90.4,85.9,94.7,NaN,Daily,0.3,Keep Away,0.7,2.3,5.0,4.3,7.1,2.0,NaN,Good
STU6968,5.51,2.0,1.0,57.0,82.6,59.9,64.9,3.2,Weekly,3.5,Keep Away,NaN,1.2,1.0,3.6,6.5,55.0,2.1,Average
STU6472,7.65,0.0,0.0,95.8,NaN,79.0,83.7,6.2,Weekly,0.5,SILENT,0.1,2.7,2.0,7.3,8.4,8.0,3.3,Good
STU3137,9.7,0.0,0.0,78.1,88.4,98.0,80.9,5.6,Weekly,0.5,Keep Away,0.4,1.5,6.0,6.3,8.0,25.0,NaN,Good
STU0312,4.12,4.0,4.0,41.9,29.1,33.2,38.2,1.5,Monthly,6.7,actively use,3.3,0.9,0.0,1.6,6.4,79.0,0.1,At-Risk
STU1632,5.12,2.0,2.0,40.8,51.6,25.1,36.6,0.0,Never,4.8,Actively Use,1.9,0.7,1.0,1.0,NaN,120.0,1.0,At-Risk
STU4261,3.69,2.0,1.0,45.9,44.9,39.8,46.6,0.8,Only Before Exam,4.2,Silent,3.2,0.1,0.0,0.7,6.5,109.0,1.1,At-Risk
STU2068,9.06,0.0,0.0,92.8,93.7,77.4,78.8,7.4,Daily,0.1,Keep Away,0.6,NaN,2.0,4.9,8.8,13.0,6.4,Good
STU1427,NaN,0.0,0.0,96.8,92.7,83.4,74.7,5.4,daily,1.0,Keep Away,0.3,1.4,2.0,5.6,7.4,24.0,6.2,Good
STU2003,8.51,0.0,0.0,88.0,98.8,NaN,76.4,7.9,Daily,1.8,Keep Away,0.2,1.3,6.0,5.1,7.0,16.0,5.6,Good
STU4454,8.93,0.0,0.0,88.0,88.9,98.7,98.6,NaN,Weekly,1.6,Keep Away,0.1,1.2,3.0,5.8,8.7,3.0,4.3,Good
STU7134,7.5,0.0,0.0,87.2,99.1,87.3,93.7,7.2,Weekly,1.7,Silent,0.1,2.2,5.0,7.4,8.5,30.0,4.0,Good
STU3811,5.75,1.0,1.0,NaN,69.1,55.3,63.9,2.0,weekly,2.6,Keep Away,1.5,0.6,2.0,NaN,7.0,22.0,2.9,Average
STU5467,6.16,2.0,2.0,63.5,80.9,68.7,58.8,3.9,WEEKLY,2.9,Silent,NaN,1.1,1.0,1.2,7.2,20.0,2.7,Average
STU5892,9.38,0.0,0.0,89.0,97.6,93.8,91.8,4.5,Daily,NaN,Keep Away,NaN,NaN,2.0,5.3,8.5,3.0,6.3,Good
STU2338,4.69,4.0,2.0,27.6,32.5,24.7,27.2,1.8,NaN,4.3,Silent,2.9,0.2,0.0,1.2,6.1,65.0,NaN,At-Risk
STU2441,3.67,5.0,3.0,36.0,56.5,18.4,28.8,1.2,Monthly,7.3,Silent,2.4,0.7,1.0,1.1,4.2,54.0,1.2,At-Risk
STU0129,NaN,0.0,0.0,92.5,NaN,86.5,93.3,4.5,Daily,1.1,Keep Away,NaN,2.9,3.0,5.4,8.6,23.0,5.2,Good
STU1010,8.57,0.0,0.0,78.2,87.6,95.8,80.6,7.5,Weekly,2.1,Silent,0.1,1.9,3.0,7.0,8.7,27.0,6.0,Good
STU1814,9.6,0.0,0.0,95.2,86.3,81.6,97.6,5.4,DAILY,1.3,keep away,0.4,2.2,2.0,7.9,9.1,2.0,6.1,Good
STU1291,6.71,2.0,1.0,57.4,76.2,64.7,64.4,3.6,Weekly,3.5,Actively Use,0.6,0.8,1.0,NaN,7.0,58.0,1.6,Average
STU4754,7.74,0.0,0.0,86.5,86.2,93.5,71.8,6.0,Weekly,1.2,Keep Away,1.0,1.2,5.0,3.6,8.8,4.0,4.6,Good
STU5343,9.24,0.0,0.0,87.6,93.1,NaN,85.8,4.0,Weekly,0.1,keep away,0.4,2.0,6.0,NaN,8.6,17.0,NaN,Good
STU3874,3.09,3.0,1.0,50.5,56.9,37.3,35.3,0.4,Never,4.6,Actively Use,3.3,0.1,0.0,1.8,4.5,75.0,1.5,At-Risk
STU5198,9.4,0.0,0.0,76.9,100.5,79.0,83.7,6.0,Daily,0.0,KEEP AWAY,0.5,NaN,5.0,7.0,8.9,0.0,NaN,Good
STU2772,8.14,0.0,0.0,NaN,89.5,NaN,101.1,5.6,Daily,1.4,KEEP AWAY,0.7,1.4,3.0,7.6,7.3,14.0,5.9,Good
STU0202,8.71,0.0,0.0,73.8,89.7,99.1,81.9,4.1,Weekly,0.2,SILENT,0.4,NaN,3.0,3.1,8.5,NaN,4.8,Good
STU6576,5.91,2.0,1.0,59.1,61.8,68.9,65.8,3.4,Weekly,2.9,Keep Away,1.1,0.9,1.0,1.8,7.3,30.0,1.2,Average
STU7208,9.25,0.0,0.0,95.6,98.2,78.1,94.3,5.0,Daily,-0.2,Keep Away,0.5,2.5,4.0,4.1,7.1,0.0,4.5,Good
STU5518,7.32,1.0,1.0,58.2,77.5,65.4,57.5,3.2,Monthly,2.5,silent,1.8,0.5,1.0,2.7,6.8,41.0,3.6,At-Risk
STU0955,3.04,4.0,4.0,51.5,25.9,38.7,19.2,0.9,Never,8.1,Actively Use,1.4,0.4,1.0,0.6,6.7,90.0,1.7,At-Risk
STU2419,8.94,0.0,0.0,87.2,89.1,73.0,91.9,5.3,daily,0.2,Keep Away,0.7,2.5,5.0,NaN,8.7,13.0,5.8,Good
STU4021,5.41,4.0,3.0,34.6,21.5,30.9,31.5,1.3,Never,5.3,SILENT,1.2,0.9,0.0,0.7,6.0,105.0,1.3,At-Risk
STU0830,4.28,5.0,2.0,42.1,40.0,43.4,34.6,0.7,Never,3.8,Actively Use,2.4,0.7,1.0,1.5,6.2,118.0,NaN,At-Risk
STU2362,4.25,2.0,2.0,35.0,23.7,36.3,31.7,1.3,Never,4.6,Actively Use,2.6,0.0,0.0,1.2,5.3,110.0,1.8,At-Risk
STU6588,6.63,1.0,1.0,73.3,NaN,63.0,66.1,3.7,Weekly,3.2,actively use,1.5,0.7,0.0,1.6,NaN,22.0,3.5,At-Risk
STU4690,7.06,1.0,1.0,66.2,78.6,65.0,51.6,3.1,Weekly,3.5, Silent ,1.8,0.6,0.0,2.0,6.3,37.0,3.5,At-Risk
STU3908,6.83,2.0,2.0,65.7,80.9,50.5,65.0,3.9,Monthly,2.1,ACTIVELY USE,1.3,0.8,0.0,1.2,6.8,36.0,2.9,At-Risk
STU0971,9.97,0.0,0.0,96.8,93.2,89.9,78.1,4.2,WEEKLY,0.7,Keep Away,0.4,1.0,4.0,7.1,7.8,7.0,5.3,Good
STU0203,8.22,0.0,0.0,99.3,87.0,99.4,80.0,7.8,daily,1.0,KEEP AWAY,0.8,NaN,6.0,4.4,8.9,NaN,4.6,Good
STU0983,9.17,NaN,0.0,95.9,100.4,88.0,NaN,6.7,daily,1.4,Silent,0.0,3.0,3.0,3.9,NaN,27.0,6.5,Good
STU3697,9.54,0.0,0.0,94.0,97.2,71.3,100.6,5.8,Daily,1.0,Keep Away,1.0,2.7,2.0,5.3,7.7,17.0,3.4,Good
STU3319,5.28,2.0,2.0,47.3,28.2,22.5,46.9,0.1,Monthly,4.3, Silent ,2.9,NaN,1.0,1.8,4.9,42.0,0.1,At-Risk
STU5923,7.44,2.0,2.0,66.3,76.0,58.5,68.1,2.8,Weekly,3.6,KEEP AWAY,1.0,1.4,2.0,2.9,7.6,30.0,1.1,Average
STU4913,7.24,1.0,1.0,65.0,71.2,52.9,62.7,2.4,Monthly,3.7,Silent,0.8,0.9,1.0,1.3,7.2,19.0,NaN,Average
STU2381,7.58,0.0,0.0,92.9,89.6,NaN,84.1,7.9,WEEKLY,1.6,Keep Away,0.4,2.2,2.0,3.6,7.7,8.0,5.9,Good
STU2487,3.66,5.0,2.0,42.6,35.3,28.6,27.7,0.8,Never,7.3,silent,4.1,0.7,1.0,0.9,5.5,109.0,0.5,At-Risk
STU6108,7.52,0.0,0.0,82.4,99.7,98.3,85.2,6.0,Daily,-0.1,Silent,0.7,1.4,4.0,3.6,7.4,15.0,5.7,Good
STU3098,3.04,3.0,1.0,40.8,61.6,29.0,49.6,0.3,Only Before Exam,NaN,Silent,3.9,0.5,0.0,1.5,6.6,NaN,0.5,At-Risk
STU6727,4.05,4.0,3.0,35.1,53.5,34.0,21.2,1.0,Only Before Exam,6.2,SILENT,4.8,0.4,NaN,0.5,5.2,89.0,0.1,At-Risk
STU3090,3.04,3.0,2.0,37.2,31.1,37.3,36.0,1.4,NEVER,5.1,Silent,3.2,0.1,0.0,1.6,6.3,90.0,0.6,At-Risk
STU1188,4.9,4.0,4.0,33.7,23.8,38.6,31.1,1.8,Only Before Exam,NaN,Actively Use,4.4,0.5,1.0,1.7,6.5,56.0,1.8,At-Risk
STU4448,7.5,1.0,1.0,60.0,64.3,52.7,52.9,3.1,NaN,4.0,Silent,1.4,0.9,2.0,NaN,6.0,35.0,1.0,Average
STU3920,9.44,0.0,0.0,99.9,88.6,75.8,73.2,5.7,daily,1.1,Keep Away,0.5,1.5,5.0,6.1,7.7,20.0,4.5,Good
STU1596,7.44,1.0,1.0,68.9,80.2,63.1,52.2,2.1,Monthly,2.4,Actively Use,1.8,0.7,0.0,NaN,7.1,42.0,NaN,At-Risk
STU4093,4.15,2.0,1.0,43.3,27.6,41.5,43.2,1.9,only before exam,5.6,Actively Use,2.7,0.8,1.0,1.5,6.6,75.0,1.3,At-Risk
STU0043,9.21,0.0,0.0,78.0,98.0,94.1,96.1,NaN,Weekly,1.5,Keep Away,0.4,2.9,2.0,7.3,7.1,NaN,3.1,Good
STU7318,8.88,0.0,0.0,81.0,97.6,94.6,90.6,4.8,Weekly,1.6, Silent ,NaN,2.4,2.0,4.2,7.0,15.0,4.5,Good
STU3348,5.11,3.0,3.0,55.4,43.6,26.5,29.2,0.1,NEVER,3.5,Silent,4.7,0.1,1.0,1.0,6.1,81.0,1.7,At-Risk
STU6722,5.24,3.0,2.0,32.9,60.4,34.7,23.0,0.2,Only Before Exam,5.8,Actively Use,1.1,0.9,0.0,1.6,5.4,113.0,NaN,At-Risk
STU5169,9.92,0.0,0.0,98.2,88.9,83.3,86.2,6.0,Weekly,0.4,Keep Away,0.9,2.8,6.0,NaN,8.5,6.0,3.3,Good
STU1274,4.02,2.0,2.0,47.0,34.9,49.7,47.6,NaN,Monthly,7.7,Silent,NaN,NaN,0.0,NaN,6.1,75.0,1.8,At-Risk
STU2183,9.33,0.0,0.0,81.7,94.3,77.0,96.2,5.7,weekly,1.0,silent,NaN,2.8,4.0,6.7,7.3,22.0,6.4,Good
STU0575,7.87,0.0,0.0,87.0,93.1,99.3,99.3,5.5,Weekly,1.2,silent,0.9,2.6,5.0,3.0,7.5,16.0,4.7,Good
STU1921,7.43,2.0,1.0,55.5,75.9,66.3,60.0,2.9,Monthly,3.0,Keep Away,1.3,0.9,2.0,3.8,7.3,57.0,1.7,Average
STU6878,6.47,2.0,1.0,59.8,82.7,NaN,59.8,3.7,Weekly,3.3,Actively Use,1.6,0.7,2.0,1.5,7.0,54.0,NaN,At-Risk
STU0857,5.45,5.0,3.0,30.4,56.4,35.7,NaN,1.9,Never,5.0,Actively Use,NaN,NaN,0.0,0.7,6.7,65.0,1.7,At-Risk
STU1809,6.53,1.0,1.0,72.9,67.7,66.9,52.1,4.2,Weekly,4.0,Silent,1.0,1.3,2.0,3.3,NaN,49.0,1.9,Average
STU2621,5.77,2.0,2.0,67.8,77.1,62.4,59.8,2.3,MONTHLY,3.1,Actively Use,NaN,1.0,1.0,1.6,6.2,45.0,3.8,At-Risk
STU4915,8.28,0.0,0.0,98.6,87.2,78.5,88.1,7.9,Daily,0.9,Keep Away,0.8,NaN,4.0,3.0,7.6,12.0,3.4,Good
STU1847,5.4,3.0,3.0,34.6,60.6,32.4,44.4,1.3,Monthly,5.8,Silent,3.8,NaN,0.0,0.3,5.4,71.0,1.0,At-Risk
STU4972,6.1,2.0,1.0,65.3,69.0,48.3,59.3,3.4, Monthly ,2.5,keep away,1.6,NaN,0.0,NaN,8.0,53.0,NaN,Average
STU4035,5.1,5.0,5.0,47.1,56.8,41.1,40.9,0.6,Never,5.7,Actively Use,2.2,0.0,0.0,1.4,4.6,95.0,0.8,At-Risk
STU4200,7.74,0.0,0.0,89.8,96.3,87.3,73.5,NaN,Daily,1.7,Silent,0.3,1.6,6.0,4.2,7.8,29.0,4.0,Good
STU5768,8.67,0.0,0.0,92.0,91.9,70.5,97.0,5.6,Daily,NaN,Keep Away,0.4,1.9,3.0,NaN,8.4,NaN,6.2,Good
STU2459,3.72,3.0,2.0,36.7,40.2,NaN,45.5,0.3,Only Before Exam,5.5,Actively Use,4.0,0.5,0.0,0.7,5.5,92.0,1.7,At-Risk
STU4890,9.24,0.0,0.0,98.8,86.4,82.0,96.4,4.5,Weekly,1.9,Silent,0.7,1.9,3.0,NaN,7.3,20.0,3.4,Good
STU4701,6.7,1.0,1.0,62.1,80.8,65.2,67.2,3.0,WEEKLY,2.8, Keep Away ,1.1,NaN,1.0,2.9,7.8,NaN,1.5,Average
STU0989,4.33,3.0,1.0,37.6,51.9,39.5,NaN,0.1,never,7.2,Actively Use,4.8,0.8,1.0,0.3,4.2,109.0,0.0,At-Risk
STU5330,7.98,0.0,NaN,NaN,93.8,71.2,81.3,4.0,Weekly,0.6,Keep Away,0.9,1.9,3.0,NaN,8.2,8.0,6.8,Good
STU6585,9.34,0.0,0.0,80.9,91.7,77.1,NaN,7.9,Weekly,1.7,SILENT,0.6,2.3,5.0,8.0,8.1,13.0,6.5,Good
STU1434,7.76,0.0,0.0,89.0,86.4,92.1,89.8,7.0,Weekly,0.8,Keep Away,0.4,1.2,4.0,5.6,8.0,NaN,4.9,Good
STU4481,5.47,2.0,2.0,45.1,56.4,46.5,21.4,-0.1, Never ,5.4, Actively Use ,4.1,0.8,0.0,1.6,5.3,112.0,1.5,At-Risk
STU4990,5.72,1.0,1.0,66.2,67.9,54.1,60.3,3.6,Weekly,3.1,KEEP AWAY,1.2,1.2,2.0,NaN,7.6,22.0,3.5,Average
STU4153,9.25,0.0,0.0,91.4,84.6,78.8,88.6,7.7,Daily,0.8,Keep Away,NaN,2.5,6.0,7.0,8.8,14.0,5.0,Good
STU0712,4.39,3.0,2.0,47.7,40.3,28.9,22.6,1.7,Never,5.3,SILENT,NaN,0.6,0.0,1.3,6.4,117.0,NaN,At-Risk
STU2373,7.3,2.0,NaN,59.7,70.8,67.2,62.6,2.2,monthly,3.2,Actively Use,1.6,1.2,2.0,3.3,7.0,37.0,1.5,At-Risk
STU3851,3.9,3.0,2.0,32.3,54.2,44.2,35.8,0.3,Only Before Exam,7.7,Actively Use,3.8,0.0,1.0,0.2,6.9,52.0,0.1,At-Risk
STU4452,7.06,2.0,1.0,61.8,71.0,69.0,63.2,3.1,Weekly,2.0,Keep Away,1.5,0.9,0.0,2.4,7.6,28.0,2.6,Average
STU3566,5.19,2.0,2.0,32.6,47.3,34.0,27.8,1.7,Never,6.3,actively use,4.0,0.4,0.0,1.9,5.1,87.0,1.1,At-Risk
STU1019,4.23,2.0,2.0,48.6,22.4,29.3,20.2,0.4,monthly,3.9,Silent,2.9,0.8,1.0,1.0,5.2,119.0,0.2,At-Risk
STU3888,7.2,1.0,1.0,56.9,68.8,55.8,64.1,3.6,Monthly,2.3,Actively Use,0.6,1.3,1.0,3.1,7.7,30.0,3.0,Average
STU6946,6.55,1.0,1.0,70.6,62.3,52.4,62.9,3.3,Weekly,2.8,Silent,0.6,NaN,1.0,3.5,6.0,19.0,1.3,Average
STU3297,6.02,1.0,1.0,63.1,83.8,59.2,57.7,2.8,Weekly,3.9,Silent,1.6,1.2,0.0,1.7,7.2,40.0,2.1,Average
STU2964,8.74,0.0,0.0,76.1,95.0,93.6,77.3,4.3,Weekly,1.5,Silent,1.0,1.2,2.0,7.7,7.7,0.0,6.8,Good
STU4404,10.0,0.0,0.0,NaN,93.5,87.5,81.8,5.5,Weekly,1.0,Silent,0.1,1.8,4.0,4.1,7.1,13.0,6.7,Good
STU3462,6.06,2.0,2.0,59.0,67.8,61.6,65.7,NaN,weekly,2.4,Keep Away,1.8,0.6,0.0,3.4,7.5,28.0,1.8,Average
STU4910,6.85,2.0,2.0,54.2,73.4,57.9,67.3,3.4,Weekly,2.3, Keep Away ,1.3,1.3,1.0,NaN,6.7,52.0,2.1,At-Risk
STU4138,9.26,0.0,0.0,76.9,96.3,99.0,NaN,6.0,Daily,1.4,Silent,0.2,2.5,6.0,7.3,8.7,20.0,4.0,Good
STU5685,8.84,0.0,0.0,80.9,99.1,73.9,92.2,6.4,Daily,-0.1,Keep Away,0.9,1.6,4.0,6.7,7.6,22.0,5.1,Good
STU5502,6.38,1.0,1.0,59.0,74.8,59.6,56.0,3.6,weekly,2.3,Keep Away,1.2,1.3,1.0,3.1,7.0,NaN,3.4,Average
STU5695,7.88,0.0,0.0,79.1,88.7,74.8,81.2,7.7,Daily,0.3,silent,0.2,2.2,4.0,NaN,7.6,4.0,NaN,Good
STU1682,5.59,1.0,1.0,60.1,NaN,52.9,70.1,2.2,Monthly,2.6,keep away,0.8,1.4,0.0,3.0,7.7,60.0,3.9,Average
STU4979,NaN,1.0,1.0,NaN,79.0,66.5,64.3,3.3,Weekly,3.4,Silent,1.3,1.2,1.0,2.6,6.4,59.0,NaN,At-Risk
STU1970,8.63,0.0,0.0,91.0,91.4,75.6,83.5,6.5,Weekly,1.8,Keep Away,0.4,3.0,2.0,NaN,7.4,30.0,NaN,Good
STU4795,9.35,0.0,0.0,88.6,95.6,75.1,75.0,7.5,NaN,NaN,Keep Away,0.3,2.9,5.0,5.3,8.3,25.0,3.9,Good
STU5901,7.65,0.0,0.0,87.6,92.1,74.8,98.8,4.8,Weekly,0.9,Keep Away,0.4,1.5,5.0,5.6,8.4,29.0,6.1,Good
STU2052,8.83,0.0,0.0,88.6,91.7,86.5,75.6,4.1,Daily,0.6,SILENT,0.4,1.1,3.0,7.1,NaN,26.0,6.7,Good
STU4312,7.14,1.0,1.0,53.0,60.2,52.2,57.9,2.5,monthly,2.5,actively use,0.7,1.4,0.0,3.7,NaN,18.0,1.8,Average
STU2147,9.84,0.0,0.0,80.2,95.3,71.9,96.9,6.9,Daily,0.6,Silent,0.2,2.6,3.0,6.0,NaN,22.0,4.8,Good
STU2323,4.1,2.0,2.0,27.3,28.3,31.3,35.9,1.5,ONLY BEFORE EXAM,3.4,Silent,3.1,0.4,0.0,2.0,NaN,76.0,0.9,At-Risk
STU2697,4.88,NaN,1.0,36.5,22.3,37.2,NaN,0.2,Only Before Exam,4.7,SILENT,4.5,0.9,1.0,0.9,4.1,85.0,0.5,At-Risk
STU2483,7.63,0.0,0.0,81.1,92.5,96.0,92.1,5.7,Daily,1.9,keep away,0.3,2.5,6.0,NaN,NaN,26.0,6.2,Good
STU1371,8.49,0.0,0.0,NaN,87.6,90.1,73.1,7.8,Daily,1.9,Silent,0.9,NaN,5.0,NaN,8.6,5.0,NaN,Good
STU1567,9.34,0.0,0.0,96.8,85.8,87.3,89.4,7.4,Daily,1.9,keep away,1.0,2.0,2.0,7.2,7.9,7.0,4.7,Good
STU3597,7.15,2.0,2.0,77.6,76.4,68.6,55.0,4.0,Weekly,3.4,keep away,1.0,1.2,1.0,2.5,6.5,50.0,1.5,At-Risk
STU3772,9.48,0.0,0.0,77.2,97.0,87.9,82.5,6.3,Weekly,0.2,Keep Away,0.1,2.1,2.0,3.9,8.1,15.0,4.4,Good
STU7372,6.35,1.0,1.0,72.9,72.8,64.2,65.7,2.1,Monthly,2.6,SILENT,NaN,1.3,2.0,1.6,6.4,59.0,NaN,Average
STU4355,5.66,1.0,1.0,66.3,75.8,52.5,50.4,3.0,Weekly,3.3,Silent,0.8,1.2,0.0,NaN,NaN,28.0,NaN,Average
STU1517,3.56,2.0,NaN,38.0,45.9,39.1,46.0,1.5,NaN,6.4,Actively Use,2.8,0.9,0.0,NaN,7.0,45.0,NaN,At-Risk
STU3994,9.24,0.0,0.0,99.1,94.3,76.5,79.8,5.1,Weekly,0.1, Keep Away ,0.3,1.2,3.0,7.5,9.0,23.0,5.5,Good
STU7317,6.81,2.0,2.0,75.1,69.7,55.9,58.3,2.5,MONTHLY,3.9,Actively Use,1.9,0.9,NaN,NaN,6.8,29.0,3.2,At-Risk
STU2187,7.2,1.0,1.0,NaN,85.1,65.0,49.9,3.6, Monthly ,2.3,Keep Away,1.8,0.8,0.0,2.8,5.9,44.0,3.3,At-Risk
STU3309,7.87,0.0,0.0,76.4,97.2,91.8,91.2,4.6,Weekly,1.8, Keep Away ,0.1,2.7,2.0,NaN,7.2,24.0,4.1,Good
STU3732,5.3,2.0,2.0,38.0,43.9,31.8,28.1,1.0,Never,5.9,Actively Use,NaN,NaN,NaN,0.1,4.3,58.0,2.0,At-Risk
STU5252,8.56,0.0,0.0,91.8,91.7,76.3,91.7,NaN,Daily,1.1,NaN,1.0,1.9,2.0,NaN,8.7,25.0,5.0,Good
STU1038,7.8,0.0,0.0,73.9,93.7,99.9,89.8,5.2,daily,1.7,Keep Away,0.8,NaN,2.0,7.1,7.7,NaN,3.6,Good
STU2438,3.2,3.0,1.0,48.3,44.3,29.4,19.5,1.3,Never,NaN,ACTIVELY USE,4.6,0.0,0.0,0.1,6.9,NaN,1.9,At-Risk
STU3000,4.18,4.0,2.0,40.4,56.8,45.0,52.9,1.3,Monthly,4.8,Actively Use,2.0,0.0,1.0,1.5,4.8,95.0,1.2,At-Risk
STU1511,5.18,3.0,3.0,52.9,52.2,NaN,32.4,0.3,Only Before Exam,6.3, Actively Use ,5.0,0.5,0.0,1.4,5.4,66.0,0.9,At-Risk
STU0412,9.9,0.0,0.0,84.8,92.4,81.0,NaN,NaN,Weekly,1.6,Keep Away,0.8,1.7,6.0,5.2,8.6,14.0,4.5,Good
STU5939,9.27,0.0,0.0,90.2,90.3,74.4,83.2,5.0,Weekly,0.5,KEEP AWAY,0.3,2.4,4.0,5.5,NaN,24.0,6.6,Good
STU6261,6.24,1.0,1.0,70.4,77.5,NaN,59.1,3.6,Monthly,2.3,Keep Away,1.6,1.2,2.0,2.5,6.3,41.0,2.6,Average
STU4076,3.38,5.0,NaN,46.1,23.1,29.7,40.8,-0.2,Never,NaN,Silent,4.6,NaN,0.0,1.2,5.4,40.0,0.2,At-Risk
STU1302,3.68,5.0,3.0,40.2,54.9,30.0,39.0,NaN,Only Before Exam,8.1,Silent,2.7,NaN,0.0,1.7,6.5,109.0,1.5,At-Risk
STU3260,8.61,0.0,0.0,97.5,94.7,91.5,91.2,4.4,daily,NaN, Keep Away ,0.4,1.3,3.0,4.0,8.5,19.0,3.6,Good
STU5393,7.73,0.0,0.0,92.3,92.8,75.2,87.5,6.9,Daily,0.2,NaN,0.8,NaN,6.0,6.0,8.5,3.0,3.6,Good
STU1318,4.09,4.0,1.0,31.1,22.4,44.8,44.5,0.7,NEVER,3.5,ACTIVELY USE,1.2,0.6,0.0,1.4,4.9,57.0,1.4,At-Risk
STU3317,3.03,5.0,1.0,36.2,34.4,NaN,37.3,1.3,Never,7.6, Actively Use ,NaN,0.7,1.0,1.2,7.0,89.0,0.5,At-Risk
STU0778,3.46,3.0,2.0,53.8,49.8,26.3,26.9,1.8,Never,6.6,Actively Use,4.1,0.4,1.0,1.4,5.1,85.0,0.4,At-Risk
STU6714,8.23,0.0,0.0,87.0,93.1,NaN,81.4,4.0,Weekly,1.3,Keep Away,NaN,1.7,3.0,4.6,7.1,19.0,6.8,Good
STU6458,8.04,0.0,0.0,87.4,101.0,89.0,76.4,NaN, Daily ,0.4,Keep Away,NaN,2.9,5.0,4.4,8.2,24.0,7.0,Good
STU4672,9.78,0.0,0.0,76.9,91.9,84.3,85.2,8.1,daily,1.1,KEEP AWAY,0.8,NaN,3.0,3.5,8.5,23.0,NaN,Good
STU4855,8.33,0.0,0.0,97.5,NaN,82.5,NaN,4.0,Daily,0.9,Keep Away,0.5,NaN,3.0,NaN,7.6,22.0,5.4,Good
STU2368,8.56,0.0,0.0,84.1,97.6,71.8,75.7,7.3,Daily,1.8,NaN,NaN,2.9,6.0,6.5,7.6,18.0,4.8,Good
STU2477,9.6,NaN,0.0,89.8,102.5,95.3,NaN,-0.7,Daily,1.5, Keep Away ,0.5,1.3,2.0,3.6,8.1,15.0,3.2,Good
STU4891,8.56,0.0,0.0,96.9,93.4,85.4,74.0,4.5,Weekly,1.9,Keep Away,0.0,1.6,6.0,NaN,8.1,21.0,4.3,Good
STU5414,8.69,0.0,0.0,88.5,100.2,74.2,80.3,7.3,NaN,1.1,Silent,0.6,2.5,4.0,3.2,8.8,28.0,3.8,Good
STU4170,3.29,3.0,1.0,38.8,45.2,27.6,47.9,1.1,Monthly,7.2, Actively Use ,2.6,0.0,1.0,1.2,4.9,77.0,0.9,At-Risk
STU0026,5.6,2.0,2.0,65.8,72.7,62.2,66.2,4.1,weekly,3.0,Actively Use,1.0,1.3,2.0,1.8,6.8,22.0,1.2,Average
STU3393,8.65,0.0,0.0,91.2,86.9,102.2,81.0,7.1,daily,0.5,Keep Away,0.3,NaN,2.0,NaN,7.6,17.0,3.6,Good
STU1409,3.17,3.0,2.0,35.5,56.5,46.1,30.9,0.1,Monthly,5.2,silent,2.4,0.7,0.0,NaN,5.0,NaN,0.1,At-Risk
STU5223,9.24,0.0,0.0,95.1,85.4,97.1,81.8,7.8,Weekly,0.2,Silent,0.9,2.3,4.0,5.8,7.0,11.0,NaN,Good
STU1140,9.74,0.0,0.0,95.3,87.6,71.2,75.3,5.2,Daily,1.8,Keep Away,0.6,1.7,4.0,7.4,NaN,22.0,4.3,Good
STU0506,6.31,2.0,2.0,58.6,74.1,60.1,53.4,4.0,Weekly,2.9,Keep Away,1.0,0.6,1.0,1.7,8.0,29.0,1.9,Average
STU1561,7.35,NaN,1.0,71.6,82.8,66.1,NaN,2.7,Monthly,2.1,Silent,0.6,0.7,0.0,2.5,7.6,20.0,NaN,Average
STU5722,6.08,1.0,1.0,61.7,74.6,60.2,63.8,3.7,Monthly,NaN,Silent,0.7,1.1,2.0,2.7,7.7,60.0,3.7,Average
STU1121,6.26,1.0,1.0,67.2,81.8,68.8,56.8,4.3,monthly,2.6,actively use,NaN,1.3,NaN,1.6,7.6,24.0,2.8,Average
STU7071,6.19,1.0,1.0,74.6,83.7,52.1,57.3,NaN,Weekly,2.5,actively use,1.2,NaN,1.0,1.3,7.4,50.0,1.8,Average
STU4683,7.97,0.0,0.0,93.2,85.3,98.6,85.4,6.3,Weekly,1.7,NaN,0.7,1.6,5.0,4.7,7.2,7.0,4.9,Good
STU0602,3.67,4.0,4.0,43.4,26.6,38.1,36.6,1.5,ONLY BEFORE EXAM,7.6,Silent,4.6,NaN,0.0,0.5,4.2,91.0,0.6,At-Risk
STU4708,7.17,1.0,1.0,67.2,74.5,66.7,70.8,3.1,Monthly,3.2,Silent,1.7,1.3,2.0,2.0,7.2,58.0,1.5,Average
STU3942,3.67,2.0,2.0,NaN,22.9,50.5,46.4,NaN,Only Before Exam,3.7,Actively Use,4.9,0.9,0.0,0.9,6.0,109.0,2.0,At-Risk
STU5186,8.63,0.0,0.0,81.7,98.7,70.4,91.5,6.6,Weekly,1.9,Silent,NaN,3.0,2.0,4.3,7.5,10.0,4.6,Good
STU2738,5.24,5.0,3.0,41.9,40.0,43.9,26.3,0.1,Only Before Exam,4.4,silent,2.0,NaN,0.0,1.9,6.4,51.0,1.9,At-Risk
STU5632,8.97,0.0,0.0,77.6,86.0,72.6,82.6,5.5,daily,0.9,Keep Away,0.4,1.8,2.0,7.2,8.2,1.0,5.6,Good
STU3852,3.71,2.0,1.0,45.5,24.8,23.2,32.6,0.6, Never ,NaN,SILENT,3.0,0.3,1.0,0.6,4.0,91.0,0.1,At-Risk
STU5505,6.28,1.0,1.0,73.1,80.2,55.5,65.9,3.4,Weekly,3.0,ACTIVELY USE,1.1,0.7,2.0,1.8,6.6,56.0,3.4,Average
STU2614,3.74,3.0,2.0,37.4,51.3,25.5,47.6,1.3,Never,4.5,Actively Use,4.1,NaN,0.0,1.9,7.0,95.0,1.3,At-Risk
STU0349,8.96,0.0,0.0,97.0,92.5,81.7,83.1,6.7,Daily,1.3,Keep Away,0.3,1.3,6.0,6.2,7.3,10.0,5.3,Good
STU4982,6.91,2.0,2.0,56.9,74.8,65.8,71.4,3.7,Monthly,3.6,Keep Away,1.0,1.4,2.0,3.1,8.0,47.0,1.3,Average
STU7314,8.5,0.0,0.0,99.8,86.4,70.4,70.6,8.1,Weekly,0.3,Keep Away,0.7,1.9,6.0,7.3,NaN,21.0,3.1,Good
STU6721,7.2,1.0,1.0,71.2,69.5,56.0,54.8,3.1,Weekly,2.3,Actively Use,1.4,1.0,1.0,NaN,6.6,58.0,1.2,At-Risk
STU4879,8.16,0.0,0.0,79.0,92.3,70.4,74.7,5.8,Weekly,1.3,Silent,0.9,2.4,3.0,7.2,7.6,20.0,4.3,Good
STU6904,6.74,2.0,1.0,65.8,67.5,60.1,65.4,2.9,WEEKLY,4.0,Keep Away,0.7,0.9,NaN,1.6,6.6,44.0,3.4,Average
STU6011,8.87,0.0,0.0,95.8,91.1,92.2,78.4,6.5,weekly,1.5,Keep Away,0.8,2.6,6.0,4.4,7.9,8.0,3.8,Good
STU0630,9.57,0.0,0.0,93.9,100.1,81.3,87.4,5.7,Daily,1.2,Keep Away,0.4,1.4,5.0,5.5,NaN,12.0,6.2,Good
STU6127,7.78,0.0,0.0,100.6,86.0,80.1,78.5,6.7,Weekly,1.3,Silent,0.6,2.5,6.0,5.0,NaN,29.0,3.7,Good
STU2549,7.74,0.0,0.0,75.0,99.1,92.9,82.4,8.0, Daily ,1.4,Keep Away,1.0,2.9,3.0,5.4,8.5,23.0,NaN,Good
STU5797,8.54,0.0,0.0,88.7,91.2,72.6,76.4,4.5,Daily,0.8,keep away,0.2,NaN,5.0,7.3,8.3,14.0,5.7,Good
STU0409,7.87,0.0,0.0,82.6,87.5,100.2,70.3,5.6,Daily,0.3,KEEP AWAY,0.3,2.9,5.0,3.8,8.8,11.0,NaN,Good
STU3392,9.1,0.0,0.0,96.6,83.6,79.9,77.8,7.4,Daily,0.7, Keep Away ,0.4,2.8,5.0,5.8,8.9,0.0,6.7,Good
STU0165,8.34,0.0,0.0,76.9,86.3,96.2,79.9,5.7,daily,0.8,Keep Away,0.9,NaN,2.0,5.1,8.7,5.0,6.4,Good
STU6893,5.76,2.0,NaN,61.1,81.0,57.4,67.0,2.9,monthly,2.7,ACTIVELY USE,2.0,0.9,2.0,3.2,7.3,20.0,1.6,At-Risk
STU2337,4.21,2.0,2.0,31.2,50.4,32.3,39.4,1.3,Never,5.2,Actively Use,NaN,0.0,NaN,1.4,5.2,62.0,1.4,At-Risk
STU4050,9.72,0.0,0.0,84.4,91.7,72.8,71.0,4.7,NaN,0.3,Keep Away,0.8,1.3,6.0,3.7,9.0,26.0,5.8,Good
STU2427,3.48,4.0,2.0,31.4,33.5,22.6,40.4,0.7,never,3.7,Silent,3.8,0.8,0.0,0.0,4.6,59.0,1.9,At-Risk
STU1088,8.57,0.0,NaN,89.8,NaN,88.3,101.3,5.7,Weekly,NaN,Silent,0.4,3.0,3.0,5.9,7.0,17.0,5.3,Good
STU5282,6.13,2.0,1.0,NaN,61.5,62.1,72.0,2.8,NaN,2.3,keep away,NaN,1.3,1.0,2.0,7.7,38.0,1.7,Average
STU3771,4.46,4.0,1.0,34.0,44.5,46.6,38.3,0.8,Never,4.6,Actively Use,1.4,0.2,1.0,1.1,NaN,43.0,1.8,At-Risk
STU4391,9.8,0.0,0.0,89.2,84.8,72.8,100.5,5.1,Weekly,1.0,SILENT,NaN,1.5,6.0,6.0,NaN,12.0,4.0,Good
STU5062,9.52,0.0,0.0,75.8,90.1,76.5,94.5,4.0,Daily,1.8,Keep Away,0.1,2.3,5.0,6.3,8.8,29.0,4.3,Good
STU2915,4.9,2.0,2.0,52.5,54.9,31.7,32.8,1.3,Monthly,6.1,Silent,4.1,0.9,0.0,0.9,5.0,112.0,2.0,At-Risk
STU2861,9.11,0.0,0.0,75.3,95.3,91.0,85.2,5.3,Weekly,1.7,KEEP AWAY,0.8,3.0,6.0,NaN,11.3,6.0,3.3,Good
STU2364,6.0,2.0,1.0,59.3,NaN,NaN,62.7,3.2,Monthly,4.0,ACTIVELY USE,0.8,0.5,1.0,2.8,7.0,50.0,2.4,At-Risk
STU4625,7.09,1.0,1.0,69.3,60.2,71.6,62.0,2.8,Monthly,3.7,SILENT,0.5,1.1,0.0,3.4,6.2,39.0,2.1,At-Risk
STU3882,8.07,0.0,0.0,87.4,92.1,83.8,98.3,5.3,daily,NaN, Silent ,0.5,1.9,6.0,6.9,8.9,0.0,6.3,Good
STU4124,9.14,0.0,0.0,88.6,97.3,80.3,94.2,4.6,Daily,0.5,Keep Away,0.6,2.5,3.0,4.3,8.9,3.0,5.8,Good
STU6034,8.15,0.0,0.0,89.0,88.7,92.9,72.6,4.7,weekly,-0.1,Silent,0.3,1.8,2.0,4.2,NaN,25.0,6.6,Good
STU0275,9.75,0.0,0.0,82.3,85.2,95.7,83.3,NaN,Weekly,1.9,Silent,0.1,NaN,4.0,3.4,7.9,1.0,6.2,Good
STU1073,6.54,2.0,1.0,71.6,68.9,53.5,61.0,3.5, Monthly ,3.5,Silent,1.8,0.9,1.0,1.2,7.9,56.0,2.3,At-Risk
STU5171,7.61,0.0,0.0,92.3,90.3,NaN,96.4,8.0,daily,-0.2,Keep Away,0.4,2.1,5.0,7.6,NaN,5.0,3.3,Good
STU5891,7.29,2.0,2.0,70.2,74.3,60.1,NaN,2.4,weekly,2.1,Silent,0.8,NaN,0.0,2.5,7.5,23.0,3.8,Average
STU0676,5.04,3.0,3.0,54.5,36.8,20.5,41.1,NaN,Only Before Exam,3.8,Actively Use,3.0,0.7,0.0,1.5,5.5,51.0,0.6,At-Risk
STU6581,9.2,0.0,0.0,86.7,88.5,97.3,92.9,4.0,Weekly,1.1,Keep Away,0.3,2.3,5.0,5.5,7.0,2.0,5.9,Good
STU3383,7.87,0.0,0.0,74.8,95.0,76.9,95.7,7.1,Weekly,-0.2,keep away,0.2,1.6,5.0,6.0,8.7,22.0,3.2,Good
STU6377,6.67,2.0,2.0,56.7,84.7,NaN,66.2,2.9,WEEKLY,3.0,Actively Use,1.2,0.9,0.0,NaN,7.9,35.0,1.5,At-Risk
STU3705,9.84,0.0,0.0,85.2,89.1,93.9,86.1,5.8,daily,1.5,Keep Away,0.9,2.2,4.0,3.9,7.8,11.0,5.0,Good
STU0586,8.88,0.0,0.0,94.3,97.7,94.0,87.1,6.1,Weekly,0.3,Keep Away,1.0,1.8,5.0,3.8,8.3,13.0,4.1,Good
STU0838,7.03,2.0,1.0,67.6,70.0,46.6,68.2,4.3,MONTHLY,3.3,Silent,1.2,1.4,1.0,2.2,7.1,22.0,2.4,Average
STU4807,4.42,2.0,2.0,49.3,40.0,49.6,39.0,0.8,Monthly,7.5,silent,2.5,0.3,1.0,1.0,5.8,74.0,0.4,At-Risk
STU4400,7.65,0.0,0.0,84.4,91.6,81.2,71.0,4.6,WEEKLY,1.9,Silent,0.8,1.5,5.0,6.6,8.4,13.0,3.7,Good
STU2616,5.06,5.0,3.0,NaN,50.8,24.6,35.0,2.2,ONLY BEFORE EXAM,7.8,Actively Use,3.4,0.7,0.0,1.9,5.3,92.0,0.3,At-Risk
STU5347,NaN,0.0,0.0,NaN,89.5,73.5,85.0,5.5,daily,1.1, Keep Away ,0.2,2.1,5.0,6.5,7.6,27.0,6.1,Good
STU2966,9.07,0.0,0.0,78.3,88.3,97.2,93.1,7.3,Daily,1.4,Silent,0.5,2.5,3.0,4.9,7.1,24.0,4.6,Good
STU1438,8.76,0.0,0.0,91.8,86.8,96.3,94.8,8.0,WEEKLY,0.4,Keep Away,0.6,1.9,5.0,4.7,8.1,10.0,6.1,Good
STU1554,9.07,0.0,0.0,88.5,96.7,98.7,97.7,7.2,NaN,1.0,Keep Away,NaN,NaN,5.0,5.5,7.3,NaN,5.0,Good
STU0817,5.53,1.0,1.0,60.8,73.0,59.3,69.2,3.3,monthly,3.0,Keep Away,1.9,1.3,0.0,1.6,NaN,47.0,3.0,Average
STU1244,9.45,0.0,0.0,83.2,97.7,81.9,90.4,7.6,daily,1.7,silent,NaN,2.0,6.0,4.3,NaN,24.0,4.8,Good
STU4313,3.81,3.0,3.0,48.2,32.1,35.9,37.5,0.9,only before exam,5.3,ACTIVELY USE,2.4,0.8,0.0,1.5,6.1,NaN,0.7,At-Risk
STU5054,6.44,2.0,1.0,74.5,60.0,56.3,67.5,2.8,monthly,3.4,Actively Use,1.5,NaN,1.0,1.2,6.6,18.0,2.0,At-Risk
STU0303,8.12,0.0,0.0,81.9,84.1,97.5,94.2,6.6,Daily,1.4,Keep Away,0.2,1.9,6.0,4.8,7.1,20.0,4.9,Good
STU2620,9.84,0.0,NaN,85.0,87.8,85.2,74.6,4.0,Weekly,0.9,Silent,0.2,1.0,6.0,NaN,8.0,26.0,4.6,Good
STU6948,6.14,2.0,2.0,59.2,NaN,53.3,59.1,3.1,Monthly,2.4,Keep Away,1.3,0.5,1.0,2.8,5.9,42.0,2.9,At-Risk
STU2679,6.62,1.0,1.0,54.5,82.0,58.2,65.7,3.9,Weekly,2.7,Keep Away,1.6,1.3,1.0,1.7,NaN,22.0,1.1,Average
STU2486,5.19,5.0,3.0,43.5,31.9,27.3,22.8,0.9,Monthly,5.6,NaN,2.1,0.7,NaN,NaN,NaN,112.0,1.9,At-Risk
STU3937,4.23,2.0,1.0,40.4,51.5,32.1,46.4,0.2,Only Before Exam,5.0,Actively Use,4.7,0.0,0.0,NaN,4.7,78.0,1.1,At-Risk
STU7305,8.68,0.0,0.0,95.8,87.0,88.5,84.1,7.6,Daily,0.1,KEEP AWAY,0.1,3.0,2.0,NaN,NaN,4.0,4.6,Good
STU3163,8.33,0.0,0.0,92.8,92.4,98.2,82.3,6.2,Weekly,0.5,keep away,0.0,NaN,5.0,3.2,8.0,18.0,5.3,Good
STU1064,8.43,0.0,0.0,96.3,89.6,79.8,71.7,6.5,weekly,0.9,Silent,0.6,2.5,4.0,5.7,8.4,17.0,6.7,Good
STU0873,7.9,0.0,0.0,83.8,91.1,78.6,93.7,6.0,Weekly,1.0,KEEP AWAY,0.9,2.6,6.0,3.7,8.3,17.0,4.7,Good
STU2820,7.03,1.0,1.0,58.7,64.7,59.5,63.4,2.7,monthly,2.6,Actively Use,0.6,NaN,1.0,1.3,7.2,55.0,3.6,Average
STU6035,8.32,0.0,0.0,96.0,87.8,95.1,89.1,6.9,weekly,0.9,keep away,0.9,1.7,5.0,6.0,8.2,11.0,6.8,Good
STU0953,9.58,0.0,0.0,84.3,85.8,89.3,72.2,6.2,Daily,0.2,Silent,0.6,3.0,2.0,NaN,8.5,12.0,5.0,Good
STU0160,8.32,0.0,0.0,78.1,87.7,94.1,98.6,5.6,Daily,1.0,Keep Away,0.7,2.8,2.0,6.0,8.0,13.0,4.7,Good
STU6641,6.77,1.0,1.0,75.2,78.2,53.5,49.5,2.5,weekly,2.7,Silent,1.2,1.1,1.0,3.6,8.1,50.0,2.2,Average
STU0924,4.02,4.0,1.0,35.8,25.9,45.6,51.1,0.5,Only Before Exam,4.9,Silent,3.5,0.7,0.0,0.8,6.6,73.0,1.1,At-Risk
STU2771,9.5,0.0,0.0,80.2,91.3,73.8,81.1,5.5,Weekly,1.8,Keep Away,0.7,2.6,2.0,4.6,7.3,30.0,4.0,Good
STU4156,NaN,0.0,0.0,80.1,89.8,97.0,82.9,6.7,Weekly,1.2,Keep Away,0.6,2.4,4.0,6.1,7.6,15.0,5.2,Good
STU6643,6.82,1.0,1.0,60.3,76.0,58.4,55.0,3.5,WEEKLY,2.6,Silent,0.9,1.4,0.0,3.1,6.8,36.0,2.5,Average
STU7240,8.35,0.0,0.0,NaN,88.5,98.4,94.8,4.2,Daily,-0.1,Keep Away,0.1,2.2,4.0,NaN,NaN,29.0,NaN,Good
STU4335,8.17,0.0,0.0,75.2,87.0,74.1,76.9,NaN,Daily,2.0,KEEP AWAY,0.6,1.8,4.0,5.8,7.0,19.0,6.6,Good
STU1976,5.15,NaN,1.0,37.1,55.4,29.2,45.8,1.7,Never,3.7, Actively Use ,4.9,0.1,1.0,0.4,5.4,110.0,2.0,At-Risk
STU4120,9.37,0.0,0.0,84.7,91.7,92.4,79.2,6.7,Weekly,0.5,Keep Away,0.3,1.6,2.0,7.7,8.8,19.0,5.3,Good
STU6114,9.98,0.0,0.0,79.6,93.4,83.3,80.7,5.0, Daily ,1.0,Silent,0.8,2.9,5.0,5.1,8.3,30.0,NaN,Good
STU4780,8.77,0.0,0.0,89.2,97.0,75.7,90.6,4.9, Weekly ,0.2,Keep Away,1.0,NaN,6.0,6.4,7.8,22.0,6.3,Good
STU3736,9.05,0.0,0.0,85.1,95.5,92.2,76.2,7.4,Daily,1.4,Silent,0.6,2.8,5.0,4.3,8.0,16.0,3.3,Good
STU2395,8.38,0.0,0.0,94.0,94.9,71.8,75.3,4.9,Daily,0.8,Silent,0.3,2.3,2.0,7.1,7.6,8.0,5.3,Good
STU6411,5.85,2.0,2.0,75.7,79.4,60.9,62.4,2.5,Weekly,3.0,Keep Away,1.8,1.2,0.0,2.8,7.9,40.0,3.0,Average
STU3604,7.26,2.0,1.0,74.1,69.8,53.6,58.4,3.3,weekly,4.0,Actively Use,0.6,0.5,1.0,3.5,7.0,36.0,1.8,At-Risk
STU2057,8.78,0.0,0.0,88.4,89.9,82.9,85.3,6.8,Weekly,1.4,Keep Away,0.7,NaN,6.0,8.0,8.8,21.0,4.0,Good
STU4325,8.0,0.0,0.0,92.4,87.1,92.3,78.6,6.6,Daily,1.0,Keep Away,0.4,2.1,4.0,4.9,8.7,10.0,5.0,Good
STU0490,9.53,0.0,0.0,91.3,89.4,78.1,90.1,7.2,Daily,0.8,Keep Away,0.3,2.7,5.0,6.3,7.9,5.0,5.0,Good
STU6855,NaN,0.0,0.0,77.5,85.2,94.2,90.1,6.4,weekly,0.0,Silent,0.1,1.4,6.0,6.2,8.2,0.0,5.7,Good
STU3714,5.21,2.0,2.0,39.0,23.1,34.4,49.2,1.5,Only Before Exam,6.1,Actively Use,3.7,0.0,1.0,0.9,4.2,52.0,0.6,At-Risk
STU4926,7.58,0.0,0.0,93.8,93.5,91.3,98.4,6.2,DAILY,0.2,Keep Away,0.6,1.2,3.0,6.1,8.1,27.0,5.8,Good
STU0386,9.64,NaN,0.0,91.9,87.5,91.2,101.9,6.6,Daily,0.7,Silent,0.5,NaN,3.0,5.6,7.3,18.0,4.2,Good
STU3489,3.02,2.0,1.0,40.0,34.3,46.5,18.5,0.2,Never,7.5,Actively Use,1.6,0.8,1.0,NaN,6.1,42.0,0.1,At-Risk
STU2284,7.55,0.0,0.0,100.4,89.6,81.6,96.2,6.1,Daily,1.1,silent,0.2,2.0,2.0,7.6,8.1,6.0,4.0,Good
STU4112,8.58,0.0,0.0,78.2,93.7,77.1,87.8,5.5,Daily,1.1,Silent,0.9,2.0,3.0,3.2,8.2,24.0,4.3,Good
STU1825,9.66,0.0,0.0,78.2,101.4,73.3,101.1,7.4,Weekly,1.3,Keep Away,0.7,1.1,3.0,3.2,7.1,2.0,NaN,Good
STU4366,9.47,0.0,0.0,NaN,87.6,80.1,83.8,8.0,Weekly,1.7,Silent,0.9,1.2,3.0,NaN,NaN,30.0,3.5,Good
STU5485,6.66,1.0,1.0,68.0,80.5,66.0,65.3,3.5,WEEKLY,3.5,Actively Use,1.1,0.7,1.0,1.8,6.8,58.0,3.2,At-Risk
STU4420,8.48,0.0,0.0,NaN,92.8,83.8,92.9,NaN,Daily,0.6,Silent,0.6,2.9,5.0,6.5,7.7,6.0,6.9,Good
STU1589,4.68,2.0,2.0,NaN,22.9,47.1,40.4,1.8,Monthly,7.4,Silent,2.8,NaN,1.0,0.4,4.2,71.0,0.4,At-Risk
STU7414,7.19,2.0,2.0,63.8,73.3,60.6,64.0,3.8, Weekly ,2.8,Keep Away,0.8,1.5,0.0,1.2,7.7,27.0,3.7,Average
STU3349,7.93,0.0,0.0,85.9,87.5,77.4,80.1,6.5,Weekly,0.1,Keep Away,0.4,1.4,6.0,7.8,8.2,21.0,6.5,Good
STU7104,5.7,1.0,1.0,64.0,NaN,62.3,66.5,3.1,Weekly,2.3,actively use,1.7,0.6,1.0,NaN,6.3,58.0,2.7,At-Risk
STU1752,9.56,0.0,0.0,75.4,88.5,78.3,87.0,6.8,Daily,0.2,KEEP AWAY,0.9,1.7,6.0,NaN,8.0,6.0,3.9,Good
STU5247,6.1,1.0,1.0,70.6,67.6,56.9,61.2,3.9,Monthly,3.3,silent,NaN,1.2,2.0,2.3,7.9,45.0,NaN,Average
STU5401,9.87,0.0,0.0,84.2,98.0,98.8,92.0,NaN,Weekly,1.5,KEEP AWAY,0.2,1.7,3.0,8.0,7.9,29.0,5.6,Good
STU1232,8.68,0.0,0.0,87.5,102.4,88.7,76.6,4.0,Daily,1.0,Keep Away,0.9,2.8,3.0,7.8,8.9,27.0,5.3,Good
STU4090,4.8,3.0,1.0,41.0,22.2,32.0,25.2,0.7,Never,4.7,Actively Use,1.8,NaN,1.0,1.5,6.4,47.0,0.5,At-Risk
STU5366,6.87,1.0,1.0,66.0,63.9,69.2,65.9,3.4,Weekly,3.1,Keep Away,1.2,1.3,1.0,1.0,7.8,51.0,1.1,Average
STU3161,7.78,0.0,0.0,87.2,96.4,71.5,100.5,NaN,Daily,0.9,Silent,0.0,2.6,3.0,7.4,7.3,25.0,6.7,Good
STU0964,7.22,1.0,1.0,70.4,63.6,65.9,60.1,-0.9,Monthly,3.9,Silent,1.1,1.3,2.0,1.8,6.0,56.0,2.5,At-Risk
STU4594,5.9,1.0,1.0,64.1,71.4,60.2,53.1,3.0,Monthly,2.2,Silent,0.8,0.9,2.0,NaN,6.4,17.0,1.4,Average
STU0353,4.46,5.0,3.0,48.6,38.1,42.3,33.2,0.5,Monthly,6.3,NaN,3.2,0.4,0.0,1.8,4.1,76.0,0.6,At-Risk
STU1839,8.21,0.0,0.0,99.6,88.8,87.0,83.4,5.4,Weekly,0.3,KEEP AWAY,0.7,2.4,4.0,4.4,8.5,0.0,6.4,Good
STU3946,NaN,0.0,0.0,87.6,87.0,77.5,NaN,6.9,Weekly,0.7,Silent,0.1,2.8,5.0,7.8,7.2,30.0,3.9,Good
STU5971,7.07,2.0,2.0,58.1,68.3,55.6,48.9,2.3,Monthly,4.1,ACTIVELY USE,1.0,0.9,0.0,NaN,7.4,30.0,3.4,At-Risk
STU0002,9.58,0.0,0.0,78.8,88.3,75.1,77.9,6.0,Daily,0.4,SILENT,0.3,2.2,5.0,3.7,7.5,1.0,NaN,Good
STU6341,6.56,1.0,1.0,55.6,80.7,58.1,51.8,3.7,monthly,3.1,ACTIVELY USE,0.8,1.3,0.0,2.4,NaN,NaN,3.5,Average
STU4382,7.03,1.0,1.0,63.1,67.5,NaN,58.0,4.0,Weekly,2.4,Actively Use,0.6,1.0,2.0,1.6,6.8,22.0,1.6,Average
STU7132,3.88,5.0,5.0,45.4,51.8,47.9,22.6,NaN, Never ,6.4,Silent,1.5,0.6,0.0,0.1,5.0,46.0,0.3,At-Risk
STU5743,6.77,2.0,2.0,56.4,60.0,64.2,60.7,2.7,Monthly,3.2,actively use,1.5,1.1,0.0,1.2,NaN,NaN,3.0,At-Risk
STU0784,5.52,2.0,2.0,62.3,71.7,48.8,61.6,2.5,weekly,2.9,Silent,1.0,0.7,0.0,NaN,6.4,55.0,2.6,At-Risk
STU7352,5.66,1.0,1.0,66.4,74.6,53.6,67.0,1.9,Weekly,3.5,Actively Use,1.8,1.4,NaN,3.3,7.7,44.0,3.1,Average
STU5034,5.51,2.0,2.0,59.6,71.7,64.0,70.1,2.7, Weekly ,4.0,Silent,1.1,1.2,1.0,1.5,6.6,16.0,3.6,Average
STU2397,5.49,4.0,2.0,41.9,25.5,42.1,26.3,1.0,Monthly,5.5,actively use,2.8,NaN,0.0,0.4,6.8,58.0,1.6,At-Risk
STU6764,3.9,2.0,2.0,34.4,36.3,38.4,47.2,0.6,Never,7.4,Actively Use,2.3,0.9,0.0,0.1,5.7,40.0,0.6,At-Risk
STU0069,4.48,5.0,1.0,40.9,23.0,30.8,45.1,0.4,Monthly,4.6,Actively Use,2.6,NaN,1.0,NaN,5.2,75.0,0.7,At-Risk
STU0404,6.25,2.0,2.0,64.6,59.9,55.6,68.5,3.7,Monthly,2.8,Silent,NaN,0.7,0.0,2.2,7.9,NaN,1.4,At-Risk
STU3435,4.35,3.0,2.0,37.6,53.9,28.2,50.0,0.6,Never,4.9,Silent,NaN,0.0,0.0,0.5,4.4,91.0,2.0,At-Risk
STU4894,9.57,0.0,0.0,87.2,97.3,92.3,81.0,4.6,Weekly,1.4,NaN,0.3,2.9,2.0,3.6,7.1,18.0,3.9,Good
STU7392,7.29,1.0,1.0,64.7,NaN,53.9,66.1,4.0,Monthly,2.2,Actively Use,1.6,0.7,2.0,NaN,7.7,NaN,3.8,Average
STU6650,8.86,0.0,0.0,82.2,91.2,69.4,92.2,5.2,Daily,0.7,silent,0.0,2.9,6.0,5.5,6.8,12.0,4.0,Good
STU4274,6.9,1.0,NaN,74.6,80.1,65.2,67.8,3.7,Weekly,2.9,Silent,1.2,1.3,0.0,3.3,6.7,44.0,2.5,At-Risk
STU5050,9.76,0.0,0.0,75.6,91.7,74.6,73.7,4.9,weekly,1.1,NaN,0.8,2.8,3.0,5.8,7.3,13.0,3.3,Good
STU3429,4.63,5.0,2.0,46.3,35.8,29.2,24.6,1.8,MONTHLY,3.4,Silent,3.3,0.3,1.0,0.5,5.3,117.0,1.8,At-Risk
STU2140,4.17,4.0,1.0,43.9,43.1,20.2,43.0,1.1,Monthly,6.8,Actively Use,4.3,0.2,1.0,NaN,6.2,NaN,2.0,At-Risk
STU1201,7.6,NaN,0.0,85.4,86.2,94.6,86.3,4.2,Weekly,0.1,Silent,0.6,NaN,2.0,5.2,8.2,26.0,6.2,Good
STU2916,5.96,1.0,1.0,59.2,77.2,53.7,57.7,2.5,Monthly,2.4,Actively Use,1.4,0.9,2.0,2.4,NaN,NaN,3.3,At-Risk
STU2301,5.95,1.0,1.0,54.8,66.3,63.0,NaN,2.2,Monthly,3.3,Keep Away,1.5,0.8,NaN,2.7,7.4,50.0,3.5,Average
STU1757,5.58,1.0,1.0,57.0,67.6,49.8,53.6,3.2,MONTHLY,1.9,ACTIVELY USE,1.2,1.4,0.0,3.4,6.7,36.0,3.8,At-Risk
STU3487,9.75,NaN,0.0,94.3,94.7,91.8,96.9,5.8,NaN,0.5,keep away,0.8,2.8,5.0,4.7,8.7,27.0,4.1,Good
STU1578,6.0,1.0,1.0,65.0,78.0,62.0,NaN,3.2,Weekly,2.6, Actively Use ,1.9,1.0,1.0,3.1,NaN,35.0,3.3,Average
STU2720,8.04,0.0,0.0,85.0,96.2,81.4,87.3,4.6,Weekly,0.0,KEEP AWAY,0.6,2.0,5.0,6.4,8.4,28.0,6.6,Good
STU2242,6.35,2.0,2.0,69.4,61.5,51.9,52.8,NaN,Monthly,2.6,NaN,0.8,1.2,2.0,1.5,6.6,22.0,2.3,Average
STU2775,5.55,1.0,1.0,61.7,84.0,62.5,67.8,2.7, Monthly ,3.8,Actively Use,1.2,0.7,0.0,1.5,7.9,24.0,2.0,At-Risk
STU1508,9.56,0.0,0.0,84.8,91.2,78.2,82.6,4.4,Daily,1.6,SILENT,0.6,1.3,5.0,4.8,8.0,6.0,NaN,Good
STU5594,9.45,0.0,0.0,NaN,93.0,86.1,85.0,7.9,weekly,0.6,Keep Away,0.0,2.3,2.0,6.0,8.6,11.0,3.5,Good
STU3750,7.9,0.0,NaN,87.5,90.5,95.9,98.7,4.4,Weekly,1.8,SILENT,0.2,1.6,2.0,4.8,7.5,28.0,6.4,Good
STU2494,9.42,0.0,0.0,78.4,94.5,76.7,85.1,5.2,Weekly,1.7,Silent,NaN,2.5,NaN,3.9,7.6,16.0,6.7,Good
STU6287,8.36,0.0,0.0,83.6,94.7,91.2,69.5,7.3,WEEKLY,0.7,Silent,NaN,NaN,5.0,5.9,8.2,13.0,3.6,Good
STU0539,9.04,0.0,0.0,84.8,87.8,82.3,NaN,NaN,DAILY,1.7,Silent,0.3,2.6,6.0,3.3,8.1,25.0,3.3,Good
STU1331,8.89,0.0,0.0,95.2,94.9,79.2,86.2,5.5,Weekly,0.9,NaN,NaN,1.8,2.0,6.6,8.7,21.0,3.0,Good
STU2304,5.59,2.0,2.0,61.3,82.0,66.1,57.1,2.9,Monthly,3.4,Silent,NaN,NaN,1.0,1.8,6.8,42.0,1.2,At-Risk
STU2500,4.16,4.0,2.0,NaN,34.2,42.2,24.5,0.1, Monthly ,4.4,Actively Use,4.8,0.7,0.0,NaN,5.2,40.0,0.5,At-Risk
STU1613,7.98,0.0,NaN,92.5,87.3,89.0,90.8,7.9,Weekly,0.2,KEEP AWAY,0.1,1.2,5.0,5.0,8.7,0.0,6.4,Good
STU1489,4.38,2.0,2.0,45.8,34.4,36.8,50.3,NaN,Monthly,4.3, Actively Use ,1.6,0.8,1.0,0.1,NaN,85.0,0.6,At-Risk
STU2019,6.71,1.0,1.0,58.4,80.7,66.9,NaN,3.5,weekly,2.8,Silent,NaN,1.0,0.0,1.5,7.3,31.0,3.1,Average
STU1745,3.12,5.0,3.0,35.9,44.5,36.9,37.0,1.0,never,3.1,actively use,NaN,0.4,0.0,0.3,4.1,58.0,1.3,At-Risk
STU7217,6.42,2.0,2.0,71.1,74.6,62.5,48.9,4.0,Weekly,NaN,Keep Away,0.9,1.2,0.0,1.0,7.1,35.0,1.5,Average
STU5958,7.81,0.0,0.0,100.1,93.2,86.0,96.7,6.0,Daily,NaN,Silent,0.9,1.9,6.0,5.0,8.2,25.0,6.9,Good
STU6987,9.59,0.0,0.0,97.9,101.4,98.9,67.9,6.7,Daily,0.4,Silent,0.8,2.6,2.0,3.2,8.1,30.0,6.4,Good
STU6744,8.29,0.0,0.0,96.5,91.2,72.2,90.4,4.5,Weekly,0.5,Keep Away,0.9,1.4,4.0,7.5,7.9,10.0,6.7,Good
STU7264,NaN,1.0,1.0,57.3,74.1,64.9,63.5,3.1,WEEKLY,3.7, Keep Away ,NaN,0.7,1.0,1.5,7.6,17.0,1.7,Average
STU5045,8.91,0.0,0.0,92.4,94.1,96.2,96.2,NaN,Weekly,NaN,Keep Away,0.6,1.9,4.0,7.9,8.3,6.0,6.4,Good
STU4607,7.89,0.0,0.0,87.6,NaN,84.5,86.5,6.8,Weekly,1.0,KEEP AWAY,0.4,1.2,4.0,5.9,8.3,27.0,5.3,Good
STU1394,8.16,0.0,0.0,82.1,88.8,86.7,79.3,5.6,Weekly,1.3,keep away,0.8,2.5,NaN,7.1,7.0,11.0,NaN,Good
STU1509,7.59,0.0,0.0,94.6,88.2,70.1,72.1,6.0,Weekly,0.4,Keep Away,0.0,1.8,6.0,NaN,7.3,NaN,NaN,Good
STU1195,8.24,NaN,NaN,79.2,87.7,73.5,75.0,4.9,Daily,0.9,Silent,1.0,2.2,4.0,7.9,7.8,8.0,4.8,Good
STU6416,7.79,0.0,0.0,86.4,85.6,83.4,84.9,5.3,Weekly,2.2,Silent,0.1,2.6,3.0,4.8,7.6,0.0,4.1,Good
STU5428,8.94,0.0,0.0,85.2,89.6,87.6,81.0,7.7,Weekly,0.1,Keep Away,NaN,NaN,3.0,NaN,NaN,0.0,3.2,Good
STU5406,8.68,0.0,0.0,88.0,94.0,95.7,73.1,5.1,Daily,0.6,Silent,0.7,1.8,5.0,4.2,7.0,9.0,6.4,Good
STU7194,6.0,2.0,2.0,58.6,76.8,55.4,58.2,3.7,Weekly,2.8,Actively Use,1.9,0.6,2.0,2.0,7.4,39.0,NaN,At-Risk
STU3801,4.87,3.0,1.0,30.7,34.4,29.0,37.1,-0.0,MONTHLY,6.8, Actively Use ,1.4,0.3,0.0,NaN,4.3,97.0,1.3,At-Risk
STU6322,8.73,0.0,0.0,92.5,93.4,NaN,79.8,6.7,WEEKLY,0.7,Silent,0.2,2.6,6.0,NaN,8.3,0.0,5.1,Good
STU4678,7.2,1.0,1.0,66.3,71.9,63.5,67.6,NaN,WEEKLY,3.6,Silent,1.0,0.9,2.0,1.2,7.3,15.0,1.3,Average
STU5970,8.38,0.0,0.0,96.9,85.1,79.1,98.2,5.1,Daily,0.5,SILENT,0.1,1.8,6.0,3.3,8.1,25.0,6.7,Good
STU1932,9.35,0.0,0.0,96.5,97.9,79.1,92.3,5.2,Daily,1.7,Silent,0.5,2.2,4.0,NaN,7.3,14.0,3.7,Good
STU2813,9.87,0.0,0.0,83.8,94.3,80.6,82.3,5.0,Weekly,1.5,KEEP AWAY,0.3,1.6,3.0,8.0,7.8,NaN,4.7,Good
STU3975,7.75,0.0,0.0,82.4,97.8,94.0,74.8,8.0,Daily,1.4,Keep Away,0.2,2.1,6.0,5.3,8.7,23.0,4.4,Good
STU2540,8.46,0.0,0.0,99.0,95.2,79.8,82.0,4.6,DAILY,0.7,Silent,0.8,2.9,5.0,NaN,7.4,13.0,5.7,Good
STU2670,5.1,3.0,3.0,56.1,34.4,46.4,38.0,1.2,Only Before Exam,7.1,Actively Use,2.2,0.3,0.0,1.3,5.3,107.0,0.3,At-Risk
STU5889,8.96,0.0,0.0,90.8,90.6,73.7,85.6,7.3,Weekly,0.4,keep away,0.7,1.8,5.0,7.7,7.2,16.0,3.2,Good
STU3720,3.83,4.0,4.0,40.2,59.0,43.9,43.9,1.0,Never,4.3,Actively Use,NaN,0.8,1.0,NaN,6.8,68.0,1.9,At-Risk
STU6188,7.21,1.0,1.0,75.3,62.5,69.7,70.0,2.1,Weekly,2.9,Keep Away,1.2,0.9,0.0,NaN,6.2,37.0,3.5,Average
STU3249,8.48,0.0,NaN,95.4,NaN,98.9,86.9,7.5,Weekly,-0.2,keep away,0.3,NaN,5.0,NaN,6.8,1.0,4.2,Good
STU4760,8.13,0.0,0.0,92.0,87.4,97.1,83.1,-1.0,Weekly,1.0,Keep Away,0.1,2.4,6.0,7.0,8.9,24.0,4.7,Good
STU2823,8.28,0.0,NaN,89.6,85.9,94.7,87.6,4.8, Weekly ,0.3,Keep Away,NaN,2.2,2.0,5.7,7.5,6.0,5.8,Good
STU0574,5.89,1.0,1.0,58.8,79.1,56.4,65.6,2.4,monthly,2.6, Keep Away ,1.2,1.4,1.0,3.8,6.4,22.0,NaN,Average
STU0697,9.63,0.0,0.0,88.1,89.0,79.4,76.2,5.9,Daily,0.1,Keep Away,0.2,NaN,4.0,3.7,7.7,1.0,4.8,Good
STU5508,8.5,0.0,0.0,83.0,93.0,87.1,72.9,NaN,Weekly,1.0,Keep Away,0.2,NaN,6.0,3.7,9.0,23.0,4.8,Good
STU6921,5.85,2.0,2.0,64.7,78.9,59.1,66.9,2.6,Monthly,2.4, Silent ,1.2,NaN,1.0,NaN,6.7,33.0,1.7,At-Risk
STU6602,5.91,1.0,1.0,72.5,75.7,57.1,54.1,3.9,Monthly,NaN,Keep Away,0.8,NaN,0.0,3.8,6.2,55.0,2.1,At-Risk
STU6066,6.45,1.0,NaN,59.0,71.2,59.0,61.1,2.8,Monthly,4.0,Silent,0.5,NaN,0.0,NaN,6.8,16.0,1.6,At-Risk
STU6794,6.42,1.0,1.0,69.0,70.6,58.4,54.9,4.0,monthly,3.1,Keep Away,NaN,0.5,1.0,NaN,7.1,59.0,3.3,Average
STU6290,6.77,2.0,1.0,61.3,79.8,63.7,58.5,3.6,NaN,3.4,Silent,1.7,1.2,2.0,2.8,6.7,45.0,NaN,At-Risk
STU2188,7.78,0.0,0.0,86.4,96.0,93.0,68.9,5.7,Weekly,NaN,Keep Away,0.7,2.9,3.0,6.3,7.5,27.0,4.4,Good
STU4023,9.63,0.0,NaN,90.3,87.3,94.4,73.6,7.3,Daily,0.6,Silent,0.7,2.6,6.0,4.4,7.8,29.0,5.0,Good
STU6078,7.43,1.0,1.0,66.6,78.3,68.5,63.6,3.6,NaN,1.9,Silent,1.3,NaN,2.0,2.6,6.9,26.0,3.7,Average
STU2046,8.41,0.0,0.0,94.9,86.2,90.1,80.2,NaN,Weekly,0.9,Keep Away,0.7,2.9,3.0,3.1,7.0,0.0,NaN,Good
STU0283,7.58,0.0,0.0,98.1,88.5,85.5,68.2,6.7,Weekly,0.6,Silent,0.9,2.8,5.0,4.6,8.7,9.0,7.0,Good
STU0259,9.94,0.0,0.0,77.1,86.7,83.7,71.4,6.9,Daily,1.6,Keep Away,0.4,1.5,6.0,5.2,8.4,9.0,3.0,Good
STU2665,9.73,0.0,0.0,89.7,98.4,70.6,74.0,NaN,Daily,1.4,Keep Away,0.2,NaN,3.0,3.5,8.3,18.0,NaN,Good
STU5894,9.89,0.0,0.0,88.6,97.5,95.8,95.1,5.5,Weekly,0.6,Keep Away,0.3,2.9,4.0,7.2,7.4,16.0,4.0,Good
STU6184,8.9,0.0,0.0,81.2,88.8,74.5,NaN,7.2,Daily,0.9,Keep Away,0.0,2.9,3.0,5.2,8.8,1.0,5.7,Good
STU3234,3.63,4.0,1.0,49.5,53.4,40.8,48.6,1.7,Never,5.8,actively use,4.6,0.6,0.0,1.0,5.1,96.0,1.8,At-Risk
STU0726,9.82,0.0,0.0,98.7,88.9,77.7,77.5,6.0, Weekly ,1.6,Silent,0.5,1.1,6.0,6.6,8.6,NaN,4.2,Good
STU1637,9.78,0.0,0.0,87.4,92.9,88.3,76.8,4.6,DAILY,NaN,Keep Away,0.2,NaN,NaN,NaN,8.2,10.0,4.9,Good
STU4774,6.81,2.0,1.0,54.7,59.6,61.5,62.5,3.9,Weekly,3.1,Actively Use,1.4,0.7,0.0,NaN,7.3,39.0,1.7,At-Risk
STU6457,8.26,0.0,0.0,83.0,92.7,75.4,NaN,7.7,Daily,1.0,Silent,1.0,1.1,2.0,3.2,8.3,25.0,5.9,Good
STU5249,9.85,0.0,0.0,102.1,93.9,72.6,76.9,8.1,WEEKLY,1.6,Silent,1.0,3.0,3.0,NaN,8.0,22.0,NaN,Good
STU5443,9.47,0.0,0.0,81.8,NaN,72.8,92.5,4.6,Daily,0.6,Keep Away,0.5,1.1,5.0,5.0,NaN,9.0,5.6,Good
STU0056,8.39,0.0,0.0,98.5,NaN,80.1,76.5,4.5,NaN,0.1,Keep Away,0.2,1.4,2.0,NaN,NaN,19.0,6.6,Good
STU6049,9.49,0.0,0.0,77.3,NaN,93.7,93.4,7.1,WEEKLY,0.6,Silent,0.1,2.0,5.0,7.4,7.6,21.0,6.6,Good
STU6375,8.84,0.0,0.0,92.7,90.6,71.0,95.5,4.7,daily,0.2,Silent,0.6,2.0,6.0,5.9,8.0,25.0,4.7,Good
STU1412,7.91,0.0,0.0,76.3,87.5,81.7,76.9,4.8,WEEKLY,1.5,keep away,0.5,2.5,5.0,3.2,7.7,11.0,NaN,Good
STU6354,9.32,0.0,0.0,90.2,97.6,85.9,98.8,6.7,Daily,1.0,Silent,0.6,2.5,5.0,4.7,7.8,2.0,5.5,Good
STU2215,8.75,0.0,0.0,90.1,83.2,96.9,92.4,4.8,weekly,1.9,KEEP AWAY,0.2,2.8,3.0,4.6,8.4,2.0,4.8,Good
STU7249,4.01,4.0,4.0,48.1,NaN,40.5,23.7,0.3,Monthly,5.0,NaN,2.5,0.2,0.0,1.7,4.8,96.0,1.2,At-Risk
STU5458,6.76,2.0,2.0,64.7,59.5,67.6,69.3,3.7,Weekly,2.3,Actively Use,NaN,1.5,1.0,1.3,7.2,53.0,2.5,At-Risk
STU2936,5.1,5.0,NaN,41.4,59.7,42.3,30.5,0.8,Never,7.4,silent,3.7,NaN,0.0,1.5,5.8,50.0,0.3,At-Risk
STU0889,8.58,NaN,0.0,87.5,91.7,84.8,84.2,NaN,Weekly,2.1,SILENT,NaN,NaN,2.0,NaN,7.0,NaN,4.0,Good
STU2955,8.93,0.0,0.0,92.8,88.9,90.5,85.5,6.5,Weekly,0.8,Keep Away,0.2,2.2,4.0,5.9,7.6,1.0,4.2,Good
STU1688,4.51,2.0,2.0,36.0,39.6,27.5,43.6,0.8,only before exam,7.0,NaN,2.5,0.8,0.0,NaN,5.3,47.0,1.2,At-Risk
STU1820,4.87,2.0,1.0,35.6,NaN,28.4,29.9,1.8,Only Before Exam,6.8,SILENT,NaN,0.7,1.0,0.8,4.9,61.0,NaN,At-Risk
STU3704,4.88,5.0,1.0,41.4,25.8,48.4,NaN,0.1,Monthly,5.2,actively use,1.8,0.4,0.0,1.0,NaN,82.0,1.3,At-Risk
STU1973,4.55,NaN,2.0,49.3,41.9,26.2,18.9,1.4,Only Before Exam,5.6,Silent,4.1,NaN,NaN,2.0,5.4,75.0,0.9,At-Risk
STU0715,8.62,0.0,0.0,83.2,92.7,82.4,NaN,NaN,Daily,1.8,Keep Away,0.1,NaN,4.0,3.9,7.7,10.0,3.2,Good
STU4702,7.46,1.0,1.0,70.3,83.2,70.6,60.2,2.3,Monthly,3.3,Silent,NaN,0.7,2.0,1.1,6.3,51.0,NaN,At-Risk
STU5153,7.13,1.0,1.0,71.1,77.9,52.2,58.9,3.1,Monthly,3.9,Keep Away,1.5,1.1,0.0,NaN,6.2,60.0,NaN,At-Risk
STU2287,7.84,0.0,0.0,93.0,86.4,83.0,93.6,7.3,Weekly,NaN,Keep Away,0.9,2.4,4.0,5.6,NaN,6.0,5.8,Good
STU6955,8.88,0.0,0.0,97.7,84.5,94.3,94.1,6.0,Weekly,1.8,keep away,0.8,NaN,6.0,7.2,7.3,NaN,4.9,Good
STU7419,4.36,2.0,2.0,41.6,60.5,49.6,30.2,2.0,ONLY BEFORE EXAM,7.9,Actively Use,NaN,0.4,0.0,NaN,6.8,100.0,0.8,At-Risk
STU6077,7.79,0.0,0.0,NaN,97.7,69.2,86.5,4.6,Weekly,NaN,Keep Away,0.2,1.8,6.0,NaN,7.0,NaN,5.8,Good
STU2849,4.73,5.0,3.0,35.9,27.2,37.6,19.8,1.4,Monthly,NaN,Silent,2.3,0.5,0.0,1.9,NaN,63.0,NaN,At-Risk
STU4714,5.56,2.0,1.0,60.1,71.4,69.2,56.2,2.3,Weekly,3.7,Keep Away,0.6,0.7,1.0,3.3,NaN,32.0,3.2,Average
STU0124,9.52,0.0,0.0,94.8,97.2,81.3,94.4,NaN,Weekly,1.2,Keep Away,0.0,1.6,3.0,4.8,7.6,2.0,5.8,Good
STU4431,9.04,0.0,NaN,91.7,97.9,80.2,NaN,6.4,Weekly,0.7,Keep Away,0.8,2.4,6.0,6.7,8.9,6.0,4.0,Good
STU7031,7.91,0.0,0.0,76.0,89.3,99.9,99.7,6.8,Daily,0.4,Silent,0.0,1.7,6.0,3.6,8.6,13.0,6.9,Good
STU6422,7.61,0.0,0.0,84.5,96.1,79.9,76.4,4.4,Daily,1.6,Silent,0.1,2.2,2.0,6.8,NaN,10.0,5.6,Good
STU4401,3.93,2.0,2.0,53.9,51.2,40.6,33.7,1.5,ONLY BEFORE EXAM,5.5,NaN,4.0,0.7,0.0,0.1,5.9,88.0,1.3,At-Risk
STU0981,4.74,4.0,1.0,32.4,41.0,25.1,NaN,1.5,Only Before Exam,4.7,Actively Use,1.2,0.0,1.0,NaN,3.9,67.0,0.2,At-Risk
STU6989,7.97,0.0,0.0,81.7,98.6,89.8,83.9,4.5,NaN,0.9,Keep Away,1.0,1.2,2.0,7.2,7.7,21.0,5.6,Good
STU0176,7.33,2.0,2.0,67.3,65.6,65.4,65.9,2.6,monthly,3.7,Actively Use,1.9,NaN,1.0,4.0,6.3,50.0,1.6,At-Risk
STU0582,7.65,0.0,0.0,84.0,96.0,82.2,93.1,7.5,DAILY,1.5,KEEP AWAY,0.0,1.4,4.0,NaN,8.9,4.0,6.3,Good
STU5969,7.42,2.0,1.0,63.6,64.0,69.0,58.4,2.6,monthly,2.1,Keep Away,1.2,1.3,2.0,3.2,7.0,37.0,3.2,Average
STU1617,7.82,0.0,0.0,90.1,100.4,85.3,92.7,NaN,Weekly,0.5,Keep Away,0.4,2.4,3.0,5.5,8.1,19.0,5.9,Good
STU6536,6.94,2.0,1.0,55.5,85.3,59.3,65.4,3.1,Weekly,3.0,Silent,1.2,1.4,2.0,NaN,7.3,45.0,2.0,Average
STU5291,8.52,0.0,0.0,90.7,87.8,89.4,89.2,6.4,DAILY,1.8,keep away,0.9,2.7,6.0,3.6,8.6,25.0,4.8,Good
STU2877,4.72,5.0,3.0,41.1,56.6,48.8,36.6,0.6,only before exam,7.3,Actively Use,1.1,0.1,0.0,1.7,6.1,107.0,0.8,At-Risk
STU6256,8.51,0.0,0.0,99.2,91.1,80.0,97.7,7.8,NaN,0.5,Silent,0.3,NaN,6.0,4.0,8.0,13.0,3.6,Good
STU3244,8.72,0.0,0.0,83.4,89.7,74.9,80.3,5.7,Weekly,0.9,Keep Away,0.7,1.9,5.0,7.0,8.2,3.0,3.8,Good
STU5921,6.38,1.0,1.0,56.4,60.6,56.9,55.2,2.2,Monthly,3.6,Silent,1.2,1.0,0.0,NaN,6.4,28.0,1.3,At-Risk
STU1862,6.33,1.0,1.0,71.4,NaN,69.4,67.1,2.3,Weekly,3.8,Keep Away,1.8,0.9,2.0,2.2,6.7,NaN,3.0,Average
STU5447,8.09,0.0,0.0,84.5,NaN,87.7,93.1,4.9,Daily,0.2,Silent,0.2,2.9,2.0,3.8,7.6,27.0,4.9,Good
STU3576,8.93,0.0,0.0,NaN,NaN,88.4,77.0,4.3,Daily,0.3,Silent,0.5,1.3,6.0,7.4,8.7,29.0,4.4,Good
STU3607,4.58,4.0,2.0,44.9,57.2,39.0,28.2,0.9,Never,5.6,Actively Use,2.0,0.4,0.0,1.7,6.6,49.0,1.3,At-Risk
STU7021,9.23,0.0,0.0,84.9,89.2,85.1,95.5,8.0,Weekly,-0.2,Keep Away,0.4,2.2,3.0,4.7,7.5,18.0,6.1,Good
STU2975,4.49,5.0,2.0,39.5,37.6,35.8,39.8,1.1,Only Before Exam,5.2,Actively Use,1.1,NaN,0.0,1.8,6.3,96.0,2.0,At-Risk
STU4506,7.04,2.0,1.0,53.3,74.9,49.3,55.5,2.4,Weekly,3.6,Silent,1.4,1.2,0.0,3.6,7.4,21.0,NaN,Average
STU4772,8.71,0.0,0.0,96.5,96.3,99.3,76.6,7.1,Daily,0.8,Silent,0.4,2.7,6.0,3.7,8.1,5.0,NaN,Good
STU0298,8.65,0.0,0.0,91.7,93.6,88.4,92.0,7.3,Weekly,0.7,Silent,0.5,2.7,2.0,7.9,8.9,11.0,4.5,Good
STU0926,8.18,0.0,0.0,98.8,95.4,81.5,91.9,4.4,Weekly,1.4,Keep Away,0.5,1.6,5.0,6.3,8.3,NaN,3.8,Good
STU4119,7.59,0.0,NaN,87.3,95.5,72.5,82.8,NaN,Weekly,0.4,Keep Away,0.3,2.6,3.0,5.8,7.6,30.0,NaN,Good
STU6103,8.62,0.0,0.0,83.4,87.1,81.8,82.6,6.3,Weekly,1.8,keep away,0.5,1.6,5.0,7.4,8.4,5.0,4.2,Good
STU2116,3.08,5.0,3.0,49.6,35.1,25.1,33.9,0.8,Monthly,6.4,actively use,2.9,0.7,0.0,1.7,4.5,68.0,0.7,At-Risk
STU4825,7.39,1.0,1.0,59.6,67.9,70.5,63.4,2.1,Monthly,3.6,Silent,1.7,0.8,0.0,2.1,6.3,59.0,2.9,At-Risk
STU1308,9.4,0.0,0.0,93.5,97.6,70.9,76.1,7.4,Daily,0.5,Silent,0.7,2.1,5.0,3.4,7.5,8.0,5.1,Good
STU4768,7.12,2.0,1.0,56.8,79.5,55.1,56.9,2.8,Weekly,3.7,Keep Away,1.5,1.4,1.0,1.6,7.3,NaN,1.4,Average
STU1673,5.3,2.0,2.0,NaN,30.6,41.8,33.0,1.1,Never,5.1,Actively Use,1.6,0.5,1.0,NaN,6.3,83.0,1.0,At-Risk
STU1200,8.42,0.0,0.0,85.1,86.4,93.5,70.8,6.5,Weekly,0.8,Silent,0.5,2.9,4.0,NaN,8.4,14.0,3.2,Good
STU2230,8.23,0.0,0.0,77.1,89.6,86.9,79.6,NaN,Daily,1.3,Keep Away,0.4,2.3,6.0,6.9,8.4,25.0,NaN,Good
STU7322,7.41,2.0,2.0,74.5,76.8,54.4,57.4,2.4,NaN,2.1,Keep Away,0.8,1.0,1.0,1.1,7.9,27.0,2.7,Average
STU0294,7.71,0.0,0.0,83.2,86.6,77.3,77.7,5.7,Daily,0.7,SILENT,0.1,1.3,2.0,3.7,8.9,5.0,NaN,Good
STU2691,3.45,3.0,2.0,38.0,55.4,38.9,18.8,0.5,Monthly,2.9,Actively Use,NaN,0.5,0.0,NaN,6.3,60.0,1.0,At-Risk
STU4223,8.82,0.0,0.0,96.9,96.0,72.1,83.2,7.2,Daily,1.2,Keep Away,NaN,1.7,4.0,5.8,7.2,NaN,5.7,Good
STU2580,8.27,0.0,NaN,77.7,NaN,81.8,85.4,5.2,Weekly,0.9,Keep Away,0.3,NaN,5.0,6.2,8.4,17.0,6.3,Good
STU6152,6.97,2.0,1.0,58.4,74.0,50.4,49.5,3.0,Monthly,3.6,Silent,1.9,0.9,2.0,1.4,7.8,32.0,2.3,At-Risk
STU6021,9.11,0.0,0.0,88.9,85.8,74.2,81.0,5.6,NaN,0.9,Keep Away,0.6,1.3,4.0,6.3,8.5,25.0,NaN,Good
STU0693,5.58,2.0,1.0,59.6,69.8,55.0,58.4,2.8,Monthly,2.8,Keep Away,0.9,0.5,2.0,2.8,6.8,48.0,1.9,Average
STU0687,4.99,4.0,1.0,44.2,24.7,39.4,42.2,1.7,Only Before Exam,6.2,Silent,NaN,0.7,0.0,NaN,3.9,113.0,0.8,At-Risk
STU0818,8.9,0.0,0.0,91.7,NaN,87.0,98.2,6.0,DAILY,0.2,Silent,NaN,NaN,2.0,6.9,8.9,28.0,5.8,Good
STU0217,8.88,0.0,0.0,87.0,87.9,93.7,78.0,5.6,Weekly,0.7,Silent,0.1,2.3,3.0,3.3,8.4,2.0,4.3,Good
STU3326,7.44,NaN,1.0,66.4,66.3,56.6,57.0,3.3,Monthly,3.2,NaN,1.3,1.2,2.0,1.1,7.5,34.0,1.6,Average
STU4249,4.23,3.0,1.0,NaN,40.7,46.1,49.3,0.5,Only Before Exam,4.6,Silent,2.7,0.1,1.0,0.8,6.3,96.0,1.7,At-Risk
STU6630,7.88,0.0,0.0,95.2,84.3,70.5,98.0,5.9,DAILY,1.8,Keep Away,0.5,2.2,5.0,6.7,7.6,11.0,3.5,Good
STU3890,9.86,0.0,0.0,96.4,86.5,73.3,68.9,4.9,WEEKLY,NaN,Silent,NaN,2.6,4.0,6.7,7.2,0.0,5.8,Good
STU6817,5.57,1.0,1.0,61.2,65.7,70.1,66.4,3.9,WEEKLY,3.9,Silent,1.6,1.1,2.0,1.2,6.4,39.0,3.1,Average
STU7090,9.39,0.0,0.0,85.3,98.4,72.8,96.4,6.6,WEEKLY,1.5,KEEP AWAY,0.4,NaN,2.0,6.1,9.0,16.0,4.3,Good
STU0479,9.07,0.0,0.0,83.2,85.9,84.5,98.1,6.3,Weekly,1.8,keep away,1.0,1.3,2.0,6.5,8.2,1.0,6.9,Good
STU5379,7.96,0.0,0.0,75.9,94.1,91.1,NaN,5.5,Daily,1.2,keep away,0.2,1.5,2.0,6.0,8.5,26.0,5.5,Good
STU5701,8.96,0.0,0.0,81.8,97.1,85.8,76.1,6.9,Weekly,0.7,Keep Away,0.5,2.7,2.0,3.7,7.8,23.0,6.1,Good
STU6082,7.08,1.0,1.0,72.1,64.7,63.6,NaN,NaN,Weekly,2.9,Silent,0.9,0.8,1.0,2.5,7.7,27.0,1.1,Average
STU5763,6.33,2.0,1.0,67.8,72.5,67.7,65.4,NaN,Weekly,3.9,Actively Use,1.8,0.6,0.0,3.9,7.6,19.0,3.1,Average
STU6586,8.75,0.0,0.0,74.7,97.6,72.8,88.1,4.9,Daily,2.0,Keep Away,0.2,NaN,2.0,NaN,8.1,1.0,6.3,Good
STU3199,4.51,3.0,2.0,31.1,47.1,33.5,40.3,1.7,ONLY BEFORE EXAM,4.4,Silent,2.9,0.3,0.0,0.4,4.0,51.0,1.9,At-Risk
STU0813,8.16,0.0,0.0,92.3,98.4,78.8,NaN,7.8,Daily,0.8,Keep Away,0.1,2.0,6.0,6.8,7.3,6.0,NaN,Good
STU4347,4.47,NaN,1.0,46.5,20.8,33.2,29.1,0.3,Only Before Exam,5.7,Actively Use,4.5,0.2,1.0,1.5,4.1,63.0,0.7,At-Risk
STU0844,7.76,0.0,0.0,91.9,91.2,94.3,73.3,4.8,Weekly,2.0,Keep Away,0.7,1.1,4.0,7.1,7.9,17.0,6.4,Good
STU3057,8.08,0.0,0.0,100.8,94.6,79.2,71.8,7.3,Daily,0.9,Silent,0.6,NaN,4.0,3.7,8.4,14.0,4.8,Good
STU2376,4.31,2.0,2.0,49.6,25.6,46.3,26.1,NaN,Only Before Exam,NaN,Actively Use,1.7,0.1,1.0,1.6,5.5,75.0,0.8,At-Risk
STU4070,8.31,0.0,0.0,99.2,89.8,84.3,85.0,8.1,Daily,1.2,KEEP AWAY,0.7,1.6,6.0,5.4,7.4,11.0,5.7,Good
STU2033,9.38,0.0,0.0,92.8,95.3,96.0,99.6,NaN,Daily,1.7,keep away,0.7,2.3,4.0,3.5,7.6,23.0,3.0,Good
STU0968,3.94,3.0,3.0,48.5,35.3,22.5,22.0,0.6,Monthly,7.5,Actively Use,NaN,0.2,0.0,1.9,4.2,40.0,1.6,At-Risk
STU6694,9.55,0.0,0.0,92.6,84.3,84.1,75.3,7.7,WEEKLY,NaN,Keep Away,0.2,2.1,2.0,NaN,NaN,18.0,3.3,Good
STU6502,6.73,1.0,1.0,66.0,79.0,52.5,52.7,1.9,MONTHLY,3.8,Actively Use,1.9,NaN,2.0,3.7,8.1,57.0,2.6,Average
STU0973,4.95,5.0,1.0,38.1,43.1,48.1,41.3,0.3,Never,4.8,Actively Use,1.6,0.2,1.0,1.8,4.0,54.0,0.4,At-Risk
STU1897,7.2,1.0,1.0,73.1,81.9,63.5,65.0,4.0,MONTHLY,2.2,silent,1.5,1.2,2.0,3.8,7.9,59.0,3.5,Average
STU4343,3.11,5.0,1.0,43.3,35.0,44.3,22.9,1.4,Monthly,6.9,SILENT,1.1,0.7,0.0,0.3,6.1,93.0,0.9,At-Risk
STU2705,6.2,2.0,2.0,71.3,76.6,NaN,61.2,2.5,Monthly,2.3,Keep Away,0.5,1.3,1.0,3.5,7.6,23.0,1.2,Average
STU7311,8.81,0.0,0.0,101.2,87.9,82.8,71.3,7.2,Daily,0.4,Keep Away,0.7,1.0,2.0,7.3,9.0,25.0,4.9,Good
STU6164,9.15,0.0,0.0,88.2,95.8,69.6,73.7,6.6,Weekly,1.7,Keep Away,0.4,1.3,6.0,4.5,7.8,12.0,5.5,Good
STU3375,9.24,0.0,0.0,74.5,88.9,94.5,69.6,4.2,Weekly,1.0,Keep Away,0.9,2.7,2.0,7.9,8.6,8.0,4.7,Good
STU6107,6.23,1.0,1.0,59.5,69.6,63.0,53.0,2.5,Weekly,NaN,Silent,1.8,1.1,2.0,2.6,7.2,29.0,3.2,Average
STU5019,9.31,0.0,0.0,77.6,NaN,100.2,83.8,4.7,WEEKLY,0.2,KEEP AWAY,0.9,1.5,3.0,7.9,7.5,27.0,4.9,Good
STU6162,9.11,NaN,0.0,76.5,88.8,94.6,74.9,4.9,Daily,0.9,Keep Away,NaN,1.8,6.0,7.9,8.2,13.0,5.8,Good
STU6468,6.17,2.0,2.0,59.1,67.4,NaN,52.7,3.1,Weekly,2.5,Actively Use,1.8,1.0,2.0,3.9,6.7,18.0,NaN,Average
STU5602,7.06,NaN,2.0,59.3,70.4,60.0,51.3,3.4, Weekly ,2.0,Keep Away,1.4,0.7,2.0,1.0,6.8,17.0,2.3,Average
STU2952,8.63,0.0,0.0,89.6,88.3,93.0,NaN,6.3,Weekly,1.2,Keep Away,0.2,2.7,4.0,6.1,8.2,27.0,5.0,Good
STU1346,8.63,0.0,0.0,79.8,100.3,98.6,85.1,4.3,Daily,1.4,Silent,0.7,1.7,5.0,7.4,9.0,15.0,5.2,Good
STU6610,7.96,0.0,0.0,81.9,94.8,77.1,75.5,6.0,NaN,0.4,keep away,0.1,1.8,4.0,NaN,8.9,0.0,4.8,Good
STU0976,5.76,1.0,1.0,63.7,61.9,57.2,55.3,3.4,NaN,3.8,Actively Use,2.0,0.9,1.0,2.8,7.6,52.0,1.4,At-Risk
STU6279,6.3,2.0,2.0,59.9,59.3,53.0,73.5,2.4,Monthly,1.9,Keep Away,1.5,1.1,2.0,3.2,NaN,32.0,1.7,Average
STU5742,9.87,0.0,0.0,98.5,90.1,99.9,74.0,7.0,NaN,0.5,Keep Away,0.7,NaN,5.0,5.7,8.5,20.0,3.6,Good
STU5776,9.92,0.0,0.0,84.1,92.0,74.7,93.4,6.9,Weekly,0.1,Keep Away,0.1,2.3,6.0,4.4,7.1,13.0,4.7,Good
STU0510,3.49,5.0,3.0,49.9,NaN,33.2,46.2,1.0,Never,4.3,silent,3.8,0.7,0.0,2.0,4.8,49.0,1.3,At-Risk
STU0123,5.5,2.0,2.0,30.5,57.0,33.7,47.2,1.5,Monthly,5.5,Actively Use,4.0,0.9,0.0,NaN,5.1,79.0,1.3,At-Risk
STU6615,7.83,0.0,0.0,95.9,94.5,93.1,93.6,5.2,Daily,1.0,Keep Away,0.5,1.7,5.0,4.3,8.7,0.0,NaN,Good
STU5631,7.68,0.0,0.0,94.8,92.1,77.0,86.9,6.1,Daily,1.5,Keep Away,NaN,2.5,5.0,3.2,7.8,29.0,NaN,Good
STU7273,7.24,2.0,1.0,61.0,70.8,47.4,54.2,2.4,Weekly,2.9, Keep Away ,0.7,NaN,0.0,NaN,6.5,19.0,2.3,Average
STU1711,6.08,1.0,1.0,71.0,66.2,67.2,66.6,NaN,MONTHLY,4.2,ACTIVELY USE,NaN,1.4,1.0,2.5,6.5,39.0,2.7,At-Risk
STU2101,6.49,1.0,1.0,63.9,74.0,57.6,62.2,2.1,Monthly,3.0,Silent,1.0,1.2,0.0,2.9,6.8,33.0,1.0,At-Risk
STU0870,7.76,0.0,0.0,95.2,86.9,72.7,88.5,6.0,Weekly,1.9,NaN,0.4,1.6,3.0,5.5,8.0,18.0,4.4,Good
STU6685,7.92,0.0,0.0,96.0,92.9,79.0,73.5,4.4,DAILY,2.1,Silent,0.7,2.6,3.0,5.0,8.0,0.0,6.9,Good
STU1031,9.44,0.0,0.0,83.6,97.5,71.9,NaN,4.5,Daily,1.8,KEEP AWAY,0.4,1.6,4.0,7.2,NaN,NaN,4.6,Good
STU3464,6.75,1.0,1.0,71.4,72.7,62.6,51.2,3.9,Weekly,NaN,Actively Use,NaN,1.4,1.0,3.4,7.4,36.0,3.1,Average
STU4853,7.28,2.0,1.0,56.6,NaN,57.6,52.8,2.5,Monthly,3.2,Silent,1.0,1.5,2.0,3.7,7.2,31.0,2.9,Average
STU1999,3.77,3.0,2.0,54.6,45.4,45.0,22.3,0.8,Monthly,6.5,Actively Use,3.6,0.2,0.0,0.7,NaN,99.0,1.2,At-Risk
STU3591,6.76,1.0,1.0,66.7,64.2,49.6,67.2,3.8,Monthly,3.7,Actively Use,1.7,0.9,0.0,NaN,7.3,41.0,2.1,At-Risk
STU1157,4.61,5.0,2.0,51.2,36.3,25.8,35.9,0.5,Never,6.3,Actively Use,4.8,0.5,0.0,0.9,6.1,64.0,0.2,At-Risk
STU3157,9.14,0.0,0.0,90.7,90.8,73.2,69.6,5.9,Weekly,0.7,SILENT,0.8,1.8,6.0,4.4,7.9,19.0,NaN,Good
STU6423,9.13,0.0,0.0,87.4,90.3,72.3,86.8,4.6,weekly,1.0,Keep Away,NaN,1.9,2.0,5.5,8.7,2.0,5.6,Good
STU4429,7.99,0.0,0.0,89.0,90.9,88.5,96.0,4.3,DAILY,0.3,Keep Away,0.6,2.8,4.0,7.0,8.0,2.0,6.0,Good
STU5689,7.35,2.0,1.0,67.7,71.7,52.3,65.9,NaN,Monthly,3.7,Actively Use,0.6,0.8,1.0,2.9,7.1,NaN,NaN,At-Risk
STU1576,8.39,0.0,0.0,86.4,99.9,83.8,69.1,5.8,Weekly,1.5,Keep Away,0.8,NaN,4.0,NaN,NaN,19.0,5.3,Good
STU6925,7.64,0.0,0.0,88.1,89.1,70.8,72.8,4.4,Daily,0.9,Keep Away,0.6,2.6,2.0,6.0,7.9,22.0,3.1,Good
STU0062,9.16,0.0,0.0,89.4,91.6,97.7,84.3,7.3,WEEKLY,1.0,Silent,0.4,1.9,6.0,4.5,8.5,3.0,5.0,Good
STU0473,4.55,2.0,1.0,49.7,47.5,47.7,20.1,1.7,Only Before Exam,7.2,ACTIVELY USE,2.1,0.6,0.0,0.6,7.0,57.0,0.1,At-Risk
STU4998,8.37,0.0,NaN,NaN,90.8,98.4,80.7,NaN,NaN,0.6,Keep Away,0.7,NaN,4.0,NaN,7.1,12.0,4.8,Good
STU3455,4.46,3.0,1.0,42.1,31.1,40.4,35.5,1.5,Monthly,8.0,Silent,4.6,0.4,1.0,0.7,6.5,107.0,1.5,At-Risk
STU0866,9.47,0.0,0.0,92.0,87.0,94.5,95.4,4.8,Daily,0.4,SILENT,1.0,2.7,5.0,NaN,8.8,26.0,5.2,Good
STU3584,6.22,2.0,1.0,61.8,66.4,51.9,48.5,2.3,NaN,2.3,Silent,1.8,1.1,2.0,3.9,6.7,33.0,2.2,Average
STU7020,7.79,0.0,0.0,100.9,97.4,96.4,NaN,4.2,Daily,0.3,Silent,NaN,1.6,4.0,7.5,8.8,28.0,3.9,Good
STU5426,7.5,0.0,0.0,74.0,88.1,99.1,94.1,5.8,Daily,1.2,Keep Away,0.7,1.9,2.0,3.3,8.5,21.0,3.2,Good
STU3615,7.18,2.0,1.0,65.0,78.7,51.8,64.7,2.9,Weekly,NaN,Actively Use,0.7,1.2,0.0,1.4,6.4,26.0,1.4,Average
STU5439,6.41,1.0,1.0,57.0,66.5,65.8,63.3,3.3,MONTHLY,2.5,SILENT,2.0,0.8,NaN,1.7,8.0,22.0,NaN,Average
STU4838,5.98,1.0,1.0,68.4,72.0,52.4,54.0,2.1,Monthly,2.5,Keep Away,0.6,1.4,2.0,NaN,7.7,41.0,3.7,Average
STU7138,7.82,0.0,0.0,88.6,99.2,76.8,75.2,5.6,Daily,0.2,Keep Away,0.6,1.1,5.0,7.7,8.8,8.0,3.5,Good
STU3389,7.84,0.0,0.0,99.0,NaN,83.4,86.4,4.5,Weekly,0.3,Keep Away,0.3,1.8,6.0,7.6,7.6,4.0,5.1,Good
STU6950,9.57,0.0,0.0,83.7,NaN,91.9,100.1,6.2,Daily,NaN,Keep Away,0.1,1.6,6.0,5.3,7.7,21.0,5.8,Good
STU2181,4.36,3.0,3.0,35.2,50.1,33.6,29.0,0.5,Only Before Exam,7.8,Silent,2.2,0.4,0.0,0.7,4.3,109.0,0.4,At-Risk
STU4744,5.7,1.0,1.0,69.3,81.7,65.8,69.4,4.0,WEEKLY,2.5,Silent,1.0,NaN,NaN,1.2,7.6,45.0,1.4,Average
STU3282,4.15,2.0,1.0,39.2,32.7,NaN,31.6,1.1,Only Before Exam,4.6,NaN,2.2,0.4,0.0,NaN,5.8,103.0,1.9,At-Risk
STU6130,7.35,1.0,1.0,69.3,64.7,56.8,51.9,3.3,Weekly,NaN,Keep Away,1.1,1.2,2.0,4.0,7.2,16.0,2.9,Average
STU1629,4.2,5.0,1.0,48.8,32.6,24.7,49.6,1.2,Never,3.5,actively use,1.8,1.0,1.0,NaN,5.8,57.0,NaN,At-Risk
STU5489,9.31,0.0,0.0,73.1,81.4,87.5,83.1,4.0,Daily,1.7,keep away,NaN,2.3,6.0,5.3,7.1,13.0,NaN,Good
STU2439,3.07,5.0,2.0,47.4,27.8,43.1,44.6,0.3,MONTHLY,4.2, Actively Use ,1.1,NaN,1.0,0.1,6.6,96.0,0.6,At-Risk
STU1150,9.35,0.0,0.0,91.4,89.8,79.5,86.9,7.0,Daily,1.7,Keep Away,0.9,2.9,3.0,5.9,8.6,7.0,6.2,Good
STU1161,7.93,0.0,0.0,77.5,90.8,75.0,85.8,4.6,Daily,0.1,Silent,0.0,2.7,6.0,NaN,7.9,28.0,6.6,Good
STU6813,NaN,2.0,1.0,53.0,73.4,NaN,61.3,2.6,monthly,2.1,Silent,1.5,1.1,1.0,3.3,6.5,49.0,1.0,At-Risk
STU0257,8.28,0.0,0.0,82.8,95.7,96.2,96.7,4.9,Daily,-0.0,NaN,0.9,2.5,6.0,7.4,7.5,17.0,5.4,Good
STU2599,6.48,2.0,1.0,61.9,78.1,65.8,52.0,NaN,Monthly,2.3, Silent ,1.1,1.3,0.0,2.2,7.7,44.0,3.9,Average
STU4730,7.12,1.0,1.0,NaN,75.2,60.5,60.6,1.7,Weekly,2.5,Silent,1.6,1.4,0.0,2.6,7.6,16.0,3.1,Average
STU6638,8.9,0.0,0.0,97.1,89.1,85.2,75.5,4.3,Weekly,1.7,Silent,0.4,NaN,2.0,6.8,7.9,8.0,6.8,Good
STU4874,6.66,1.0,1.0,60.5,66.9,65.2,57.5,3.7,Weekly,2.7,Actively Use,1.0,0.6,0.0,2.5,6.8,53.0,1.0,At-Risk
STU1106,4.87,2.0,2.0,36.7,NaN,39.4,35.9,1.7,Only Before Exam,2.8,Actively Use,4.0,1.0,0.0,1.7,NaN,56.0,0.7,At-Risk
STU6172,6.5,1.0,1.0,60.2,62.7,69.9,57.4,3.3,Weekly,2.7,Silent,1.6,0.7,1.0,2.5,6.8,41.0,1.7,At-Risk
STU3408,8.48,0.0,0.0,79.3,93.3,94.4,89.2,5.6,Daily,0.1,KEEP AWAY,NaN,1.5,4.0,4.4,8.2,10.0,6.1,Good
STU0558,9.24,0.0,0.0,75.8,93.8,79.6,84.6,4.5,Weekly,1.5,keep away,0.2,2.4,5.0,7.0,8.0,3.0,6.0,Good
STU1851,3.16,3.0,1.0,33.9,24.4,44.3,40.4,0.3,Never,4.9,Silent,2.1,0.6,1.0,1.0,5.3,99.0,0.6,At-Risk
STU2089,9.85,0.0,0.0,84.1,91.3,74.1,74.8,5.9, Weekly ,1.7,Keep Away,0.3,2.1,2.0,4.4,8.0,8.0,6.6,Good
STU2900,9.46,NaN,0.0,78.1,90.8,83.4,91.3,4.2,DAILY,1.3,Keep Away,NaN,1.5,5.0,5.5,8.8,3.0,3.5,Good
STU3221,3.59,3.0,1.0,33.7,41.1,36.1,41.3,1.7,Only Before Exam,6.3,Actively Use,4.4,0.2,0.0,1.1,5.0,97.0,1.9,At-Risk
STU0262,5.33,2.0,2.0,40.0,28.5,39.8,44.1,1.9, Only Before Exam ,5.7,Actively Use,1.3,0.4,0.0,1.8,5.8,117.0,1.1,At-Risk
STU6235,8.77,0.0,0.0,85.4,86.4,87.6,74.7,5.3,Daily,0.8,Silent,0.9,1.7,4.0,7.4,NaN,22.0,3.7,Good
STU6640,5.85,1.0,1.0,NaN,NaN,63.5,61.0,NaN,Monthly,3.3,Actively Use,1.0,1.4,1.0,2.2,6.8,43.0,3.1,At-Risk
STU0628,8.39,0.0,0.0,91.6,NaN,89.0,90.8,4.8,Weekly,0.1,KEEP AWAY,0.1,1.4,6.0,5.5,8.7,19.0,5.8,Good
STU1890,7.93,0.0,0.0,83.9,NaN,96.3,77.8,5.9,Daily,0.7,Keep Away,0.5,1.7,4.0,4.4,8.3,25.0,NaN,Good
STU3043,8.12,0.0,0.0,78.3,90.8,90.3,85.0,7.8,Weekly,0.4,SILENT,0.4,NaN,NaN,4.2,9.0,22.0,4.5,Good
STU4306,3.89,3.0,2.0,29.3,27.2,25.2,30.9,1.6,Never,5.7, Actively Use ,3.6,0.4,NaN,1.7,6.1,53.0,NaN,At-Risk
STU2079,9.31,0.0,0.0,95.7,87.7,73.5,73.2,4.4,Daily,0.9,Keep Away,1.0,1.7,2.0,7.8,7.2,17.0,6.7,Good
STU3586,3.31,4.0,1.0,34.4,37.6,20.9,NaN,0.5,Monthly,5.7,Actively Use,1.4,0.8,1.0,1.6,5.2,61.0,1.8,At-Risk
STU5454,7.38,1.0,1.0,71.3,78.4,56.9,66.6,3.8,Weekly,2.5,SILENT,1.7,1.4,0.0,3.7,7.6,37.0,2.6,Average
STU4305,4.58,2.0,2.0,52.1,40.6,40.7,37.3,NaN,Only Before Exam,6.2,Silent,1.3,0.3,0.0,1.9,4.7,40.0,0.9,At-Risk
STU5245,8.77,0.0,0.0,92.3,86.6,NaN,NaN,4.0,Daily,1.3,Keep Away,0.1,2.4,6.0,4.2,9.2,NaN,5.1,Good
STU6010,8.97,0.0,0.0,73.8,97.2,93.5,84.1,7.9,NaN,2.0,KEEP AWAY,0.4,1.2,4.0,4.3,7.5,21.0,6.0,Good
STU1607,7.61,0.0,0.0,81.4,91.2,NaN,96.7,6.0,Weekly,-0.2,Keep Away,0.4,1.8,2.0,7.8,8.2,20.0,5.5,Good
STU1021,7.76,0.0,0.0,75.0,97.8,97.7,70.5,4.7,daily,0.0,KEEP AWAY,0.1,1.4,4.0,7.9,8.3,14.0,6.1,Good
STU0609,3.4,2.0,1.0,40.6,34.7,43.0,25.4,0.9,Monthly,4.4, Silent ,4.6,0.0,1.0,NaN,6.6,98.0,0.6,At-Risk
STU1404,8.98,0.0,0.0,91.9,86.1,96.6,96.7,7.7,Daily,1.2,Keep Away,0.7,NaN,4.0,6.4,8.7,4.0,5.6,Good
STU7296,7.41,1.0,1.0,55.3,76.2,53.1,52.0,2.7,Monthly,3.1,Keep Away,1.4,0.5,2.0,NaN,6.1,19.0,1.7,Average
STU3255,9.32,0.0,0.0,99.3,90.5,80.0,84.8,7.1,weekly,0.2,Keep Away,0.9,2.8,4.0,5.7,7.2,30.0,5.7,Good
STU2097,5.11,5.0,5.0,NaN,40.2,49.9,43.0,0.4,Never,7.7,Actively Use,3.7,0.4,0.0,NaN,5.2,89.0,0.2,At-Risk
STU0210,5.12,5.0,4.0,54.5,22.6,46.2,36.1,0.8,only before exam,6.2,Silent,4.7,0.0,1.0,1.0,6.0,101.0,1.4,At-Risk
STU3799,9.62,0.0,0.0,77.8,95.1,80.0,80.5,NaN,Weekly,1.1,Silent,0.1,2.9,4.0,3.9,8.9,19.0,6.9,Good
STU3540,9.66,0.0,NaN,78.0,85.8,72.7,99.4,4.8,daily,0.5,keep away,0.3,1.1,6.0,4.3,7.1,29.0,4.6,Good
STU0154,7.82,0.0,0.0,82.4,97.7,75.6,79.9,5.5,Daily,0.9,Keep Away,0.6,2.9,3.0,4.2,7.1,25.0,3.8,Good
STU5870,9.24,NaN,0.0,80.2,85.6,77.8,NaN,6.1, Weekly ,1.2,Keep Away,NaN,1.6,2.0,3.1,7.5,21.0,6.8,Good
STU1591,4.27,2.0,1.0,50.9,29.5,45.2,47.4,1.3,Never,3.4,Actively Use,4.6,0.8,1.0,1.5,4.2,52.0,1.6,At-Risk
STU2443,3.9,3.0,3.0,45.4,29.6,39.7,45.3,0.4,Only Before Exam,5.5,Actively Use,3.6,0.6,0.0,0.7,5.8,80.0,0.1,At-Risk
STU1148,9.48,0.0,NaN,85.8,82.8,84.1,92.3,4.7,Daily,NaN,NaN,0.8,2.5,5.0,7.0,NaN,4.0,6.8,Good
STU3428,7.89,0.0,0.0,97.1,89.6,90.5,73.9,7.5,Daily,NaN,Silent,0.4,2.0,2.0,5.2,8.8,20.0,3.0,Good
STU1968,5.79,1.0,NaN,66.4,84.5,61.6,62.9,2.9,Monthly,NaN,Actively Use,NaN,1.1,2.0,NaN,7.0,56.0,3.7,Average
STU3207,8.12,0.0,0.0,91.1,103.2,94.0,75.5,5.5,Weekly,0.7,Silent,0.6,1.4,3.0,4.2,8.5,4.0,5.9,Good
STU2434,7.25,2.0,2.0,56.8,65.8,63.1,65.8,3.4,Weekly,2.5,Keep Away,1.0,0.6,1.0,2.6,6.7,32.0,NaN,At-Risk
STU1634,7.5,1.0,1.0,66.5,79.1,63.0,55.6,2.0,Monthly,3.1,Silent,1.6,1.5,1.0,2.1,7.7,44.0,2.1,Average
STU3293,4.19,4.0,1.0,52.1,47.1,42.7,22.3,0.0,Only Before Exam,3.4,Actively Use,1.6,0.7,0.0,1.0,6.3,100.0,0.4,At-Risk
STU0598,4.78,4.0,3.0,29.9,53.3,32.7,24.4,NaN,Never,5.4,Actively Use,NaN,0.4,0.0,1.5,NaN,57.0,1.0,At-Risk
STU3138,8.28,0.0,0.0,88.1,88.4,99.1,86.4,5.0,DAILY,0.7,Keep Away,0.1,1.1,6.0,5.6,7.8,21.0,NaN,Good
STU6028,7.98,0.0,0.0,83.7,90.2,73.6,82.4,5.9,Weekly,0.5,keep away,0.4,1.6,4.0,6.1,8.2,27.0,5.2,Good
STU1657,8.39,0.0,0.0,85.4,91.4,74.7,76.4,5.3,Daily,1.1,NaN,0.1,2.9,5.0,6.8,8.5,26.0,3.7,Good
STU4777,NaN,0.0,0.0,85.0,95.2,80.5,80.5,6.1,Weekly,1.6,SILENT,0.3,1.4,2.0,5.4,7.3,10.0,6.0,Good
STU6356,9.55,0.0,0.0,74.7,95.2,96.1,95.8,4.2,Weekly,-0.1,Silent,0.8,NaN,5.0,5.9,7.3,1.0,4.2,Good
STU3298,3.6,2.0,1.0,53.4,38.0,29.3,44.2,0.0, Monthly ,6.7,actively use,3.6,NaN,1.0,1.7,6.0,42.0,0.6,At-Risk
STU1566,8.68,0.0,0.0,81.9,88.5,91.2,NaN,6.5,DAILY,0.4,Silent,0.9,3.0,5.0,5.2,8.1,1.0,6.1,Good
STU5425,9.89,0.0,0.0,94.6,92.6,78.6,98.2,6.9,WEEKLY,0.2, Keep Away ,0.5,2.2,4.0,3.3,7.1,12.0,4.9,Good
STU1519,6.73,1.0,1.0,56.3,61.0,63.8,60.2,3.3,NaN,NaN,Keep Away,1.8,NaN,1.0,NaN,NaN,38.0,3.3,Average
STU6239,8.36,0.0,0.0,84.9,85.3,98.0,88.9,7.4,Daily,0.1,Keep Away,0.1,2.7,6.0,5.8,8.8,26.0,3.6,Good
STU4318,9.41,0.0,0.0,96.8,NaN,75.0,76.5,4.8,Weekly,1.6,keep away,0.7,1.4,3.0,7.2,8.7,30.0,6.5,Good
STU0226,8.8,0.0,NaN,98.0,87.7,69.6,94.0,7.0,Daily,0.2,Silent,0.3,NaN,5.0,NaN,8.4,29.0,5.1,Good
STU5304,9.52,0.0,0.0,92.1,94.9,86.6,87.6,NaN,NaN,0.5,Keep Away,0.4,1.2,3.0,4.6,8.2,1.0,5.2,Good
STU6577,9.15,0.0,0.0,90.2,98.0,97.0,100.4,6.9,Weekly,1.0,Keep Away,0.2,2.3,4.0,NaN,7.1,11.0,5.3,Good
STU2518,9.68,0.0,0.0,74.4,92.2,97.7,70.4,6.7,Weekly,1.7,Silent,NaN,1.8,4.0,NaN,8.3,16.0,3.2,Good
STU6226,9.11,0.0,0.0,82.6,88.8,94.8,77.6,6.5,DAILY,1.2,Silent,0.3,1.7,5.0,NaN,7.7,12.0,6.1,Good
STU2394,4.76,5.0,2.0,51.1,20.1,22.5,20.9,0.9,Only Before Exam,4.4,Actively Use,4.2,NaN,0.0,1.0,6.2,92.0,0.7,At-Risk
STU1761,8.53,0.0,0.0,82.8,90.6,95.7,96.5,7.4,Weekly,NaN,Keep Away,NaN,1.4,4.0,6.7,8.9,25.0,3.1,Good
STU1361,5.21,3.0,1.0,51.9,58.6,42.4,48.6,NaN,Only Before Exam,4.1,Actively Use,1.0,0.7,1.0,1.9,4.6,67.0,NaN,At-Risk
STU3305,8.99,0.0,0.0,86.2,97.9,98.5,82.8,4.0,weekly,NaN,Keep Away,0.2,2.0,3.0,3.9,8.4,11.0,3.3,Good
STU2325,7.73,0.0,NaN,87.1,93.9,92.7,71.3,5.2,NaN,0.7,SILENT,0.1,1.7,6.0,4.5,NaN,14.0,6.5,Good
STU1769,4.71,4.0,4.0,56.1,56.4,44.4,29.4,1.2,Only Before Exam,7.5,Silent,3.7,0.3,1.0,1.9,5.4,87.0,0.3,At-Risk
STU7037,8.86,0.0,0.0,75.4,92.1,97.9,97.5,4.6,Daily,1.9,Keep Away,0.6,1.0,6.0,6.8,7.8,16.0,4.6,Good
STU5589,8.31,0.0,0.0,81.8,90.8,87.9,83.0,5.6,Daily,0.2,Keep Away,0.5,3.0,4.0,NaN,7.4,9.0,5.7,Good
STU3559,6.88,2.0,1.0,62.1,64.3,50.5,60.5,3.9,Monthly,2.3,Keep Away,1.3,1.2,0.0,2.8,7.8,49.0,3.6,Average
STU6340,7.55,0.0,NaN,88.8,100.8,93.9,72.5,NaN, Daily ,0.8,Keep Away,NaN,NaN,6.0,4.2,8.6,8.0,6.4,Good
STU1834,4.72,4.0,1.0,51.6,55.8,31.3,41.6,-0.2,Monthly,5.5, Actively Use ,4.2,0.6,1.0,0.9,5.9,116.0,1.8,At-Risk
STU3662,7.61,0.0,0.0,78.3,95.1,84.7,79.5,5.2,Weekly,1.6,Keep Away,0.1,1.9,2.0,5.6,7.5,6.0,6.3,Good
STU2010,3.0,3.0,NaN,44.3,50.0,27.8,35.0,1.8,Monthly,4.6,Actively Use,1.9,0.2,1.0,1.1,6.7,82.0,1.2,At-Risk
STU3658,7.96,0.0,0.0,97.8,96.9,99.3,NaN,6.6,NaN,1.7,Keep Away,0.7,1.0,3.0,8.0,9.1,20.0,3.5,Good
STU4302,4.31,4.0,3.0,36.1,49.8,30.3,24.7,0.3, Never ,3.7,Silent,2.7,NaN,0.0,1.6,6.7,40.0,0.5,At-Risk
STU5124,8.13,0.0,0.0,85.5,95.6,93.0,74.5,5.7,Weekly,1.8,Silent,0.7,1.3,5.0,4.9,9.0,21.0,NaN,Good
STU4188,9.61,0.0,0.0,91.8,97.9,89.7,91.1,NaN,NaN,2.0,Keep Away,0.8,1.5,5.0,NaN,7.9,19.0,5.6,Good
STU6177,9.26,0.0,0.0,87.1,100.5,94.0,90.6,5.6,Weekly,NaN,SILENT,0.3,2.0,2.0,NaN,8.0,2.0,3.5,Good
STU5143,5.69,1.0,1.0,67.4,70.8,59.0,59.1,3.7,Monthly,2.3,Actively Use,0.7,1.4,0.0,NaN,6.0,28.0,2.0,Average
STU3858,8.68,0.0,0.0,79.0,101.3,80.8,83.1,NaN,Daily,NaN,Keep Away,0.2,2.1,6.0,5.8,8.3,10.0,5.3,Good
STU0694,5.17,3.0,2.0,48.0,56.1,36.1,23.2,1.4,Never,3.7,Actively Use,2.8,0.1,1.0,1.7,4.4,109.0,1.8,At-Risk
STU6582,8.19,0.0,0.0,82.4,84.7,95.9,87.0,6.0,Daily,1.5,Keep Away,0.3,2.1,5.0,4.2,7.0,29.0,5.2,Good
STU6716,7.43,1.0,1.0,66.9,74.1,67.3,60.1,3.9, Monthly ,2.6, Keep Away ,NaN,0.5,0.0,1.4,7.5,47.0,3.3,Average
STU6533,8.3,0.0,0.0,77.6,91.4,96.5,82.0,7.3,Weekly,0.6,Keep Away,0.1,2.2,6.0,5.2,8.0,NaN,6.8,Good
STU2613,7.98,0.0,0.0,80.1,84.0,80.6,81.4,6.8,Weekly,1.5,Keep Away,1.0,2.4,6.0,NaN,8.4,16.0,6.5,Good
STU1187,5.91,1.0,1.0,74.1,85.4,71.5,72.1,2.7,Weekly,2.8,Silent,0.8,1.3,2.0,3.7,7.6,59.0,NaN,Average
STU1370,8.61,0.0,0.0,91.6,89.2,90.4,95.6,5.1,Daily,0.6, Keep Away ,0.7,2.4,5.0,6.5,8.4,24.0,NaN,Good
STU1908,9.99,0.0,0.0,94.7,94.9,70.4,NaN,6.6,Daily,1.7,Silent,0.1,2.3,3.0,4.5,8.6,29.0,4.0,Good
STU4089,6.9,1.0,1.0,68.6,NaN,58.5,62.9,3.0,MONTHLY,3.8,Silent,1.2,1.1,0.0,1.4,7.5,37.0,2.3,At-Risk
STU2478,7.25,2.0,2.0,72.2,79.6,50.9,NaN,3.0,Weekly,4.2,Silent,NaN,0.8,0.0,1.4,7.4,51.0,2.9,At-Risk
STU0017,7.3,1.0,1.0,67.1,71.8,56.1,64.9,3.8,Weekly,3.9,NaN,1.7,1.1,0.0,1.3,6.5,35.0,3.7,Average
STU2515,5.05,2.0,1.0,36.7,55.8,48.5,37.1,NaN,Never,5.4,Actively Use,2.3,0.2,1.0,1.2,5.8,100.0,NaN,At-Risk
STU6833,6.98,1.0,1.0,68.4,73.4,53.1,53.2,3.6, Weekly ,2.4,Actively Use,NaN,0.8,1.0,2.1,7.1,43.0,2.8,Average
STU2206,6.45,1.0,NaN,53.4,82.5,58.0,55.3,2.2,Monthly,2.3,Keep Away,2.0,0.8,0.0,2.2,7.7,19.0,NaN,At-Risk
STU3596,3.83,5.0,2.0,35.8,37.9,25.5,30.4,NaN, Only Before Exam ,4.4,silent,2.8,0.4,0.0,1.5,6.7,105.0,0.2,At-Risk
STU1487,7.52,0.0,0.0,85.3,NaN,78.0,72.5,5.5,Weekly,1.5,Keep Away,0.7,2.7,4.0,3.0,8.8,1.0,NaN,Good
STU1677,4.25,5.0,2.0,47.0,42.3,39.9,29.6,0.8,ONLY BEFORE EXAM,3.2,actively use,2.4,0.7,0.0,1.9,NaN,96.0,1.1,At-Risk
STU5281,8.26,0.0,0.0,75.9,86.1,95.2,70.5,5.9,Daily,1.0,Silent,0.1,NaN,2.0,6.5,8.4,9.0,6.1,Good
STU2354,9.94,0.0,0.0,77.9,94.6,80.8,97.2,4.5,Weekly,NaN,Silent,0.3,3.0,2.0,7.9,7.4,1.0,5.5,Good
STU0657,7.38,1.0,1.0,73.2,76.0,59.9,61.6,2.7,Weekly,3.3,Silent,0.6,0.6,1.0,2.4,7.1,34.0,3.7,Average
STU1572,3.35,3.0,2.0,42.9,38.3,44.3,NaN,2.2,Never,4.5,Silent,NaN,0.3,0.0,1.2,4.3,93.0,0.3,At-Risk
STU1738,7.41,1.0,1.0,75.0,NaN,NaN,NaN,2.5,MONTHLY,2.7,Silent,1.4,0.5,1.0,3.9,7.8,21.0,2.1,Average
STU5516,9.54,0.0,0.0,94.2,97.7,96.4,70.6,7.0,Daily,1.4,Keep Away,0.7,2.0,2.0,5.4,7.5,25.0,6.6,Good
STU3856,8.89,0.0,0.0,83.7,95.9,70.4,NaN,6.3,Weekly,1.3,Keep Away,0.6,1.4,2.0,NaN,9.0,22.0,6.9,Good
STU4496,7.83,0.0,0.0,84.7,87.3,92.3,97.8,4.3,Weekly,0.4,Keep Away,0.2,NaN,3.0,5.3,8.6,18.0,5.9,Good
STU2847,5.04,5.0,3.0,32.6,37.3,35.4,38.0,1.3,Never,3.4,Actively Use,2.7,0.9,1.0,1.7,5.9,40.0,1.1,At-Risk
STU2981,8.52,0.0,0.0,85.0,90.2,89.2,75.1,7.8,Daily,1.7,silent,0.3,1.1,4.0,6.6,8.6,9.0,6.9,Good
STU0619,8.26,0.0,0.0,78.8,NaN,91.6,74.7,6.9,Daily,1.0,KEEP AWAY,0.4,1.9,2.0,4.8,7.0,7.0,NaN,Good
STU4605,5.52,1.0,1.0,67.7,71.8,51.3,69.1,3.5,Weekly,3.2,Keep Away,1.6,0.7,0.0,3.9,7.9,38.0,2.9,Average
STU2848,3.28,2.0,1.0,36.9,28.8,38.2,43.7,0.6,Monthly,3.8,Actively Use,2.8,0.2,0.0,1.5,4.6,107.0,1.0,At-Risk
STU6512,6.78,1.0,1.0,73.4,77.8,71.6,59.7,3.6,Weekly,NaN,Actively Use,1.3,0.8,2.0,3.7,6.5,22.0,1.5,Average
STU0868,5.43,3.0,1.0,35.2,28.0,40.1,36.1,0.0,Monthly,7.2, Actively Use ,4.1,0.2,0.0,0.6,6.7,88.0,1.7,At-Risk
STU2508,8.76,0.0,0.0,77.2,95.5,87.4,94.9,4.7,Daily,1.6,keep away,0.7,1.5,6.0,6.3,8.7,4.0,NaN,Good
STU4983,5.58,1.0,1.0,62.7,76.2,57.8,69.4,NaN,Monthly,2.1,Keep Away,1.6,1.1,2.0,2.3,7.9,53.0,3.5,Average
STU2111,5.64,2.0,2.0,55.6,71.2,60.6,60.8,3.8,Weekly,2.2, Silent ,0.6,0.6,0.0,2.3,6.2,24.0,NaN,At-Risk
STU4696,9.34,0.0,0.0,77.7,93.8,69.9,77.3,4.7,Daily,0.6,Keep Away,0.9,NaN,2.0,NaN,8.2,16.0,3.9,Good
STU6741,7.02,1.0,1.0,58.8,78.0,54.9,61.1,2.5,Monthly,3.4,Silent,NaN,1.4,0.0,NaN,7.1,36.0,3.1,Average
STU0458,4.73,3.0,1.0,53.2,33.4,39.1,38.6,1.7, Only Before Exam ,3.7,Silent,4.0,0.6,1.0,0.5,5.3,117.0,NaN,At-Risk
STU6204,8.48,0.0,0.0,94.5,91.4,83.5,89.1,4.6,Weekly,2.1,Keep Away,0.3,1.2,5.0,NaN,8.6,14.0,4.3,Good
STU5214,7.12,2.0,2.0,71.7,75.7,67.6,65.7,3.5,Weekly,NaN,Silent,1.6,NaN,1.0,1.6,NaN,47.0,3.4,At-Risk
STU4967,6.63,1.0,1.0,59.8,85.3,68.4,49.9,2.6,Monthly,2.5,Silent,1.8,0.8,1.0,4.0,6.4,32.0,1.7,At-Risk
STU0791,7.78,0.0,0.0,80.1,96.2,95.0,97.2,6.6,NaN,0.0,Keep Away,0.2,1.2,5.0,4.8,7.9,8.0,3.2,Good
STU6314,6.92,1.0,1.0,67.7,60.4,68.4,53.4,3.3,Weekly,3.8,Actively Use,NaN,0.7,1.0,2.7,7.5,27.0,3.8,Average
STU3608,6.67,NaN,1.0,62.2,74.6,65.3,66.6,2.1,Weekly,3.6,Silent,NaN,NaN,1.0,1.5,7.7,NaN,2.7,Average
STU3823,8.14,0.0,0.0,97.9,85.9,69.9,76.4,4.9,Weekly,1.3,Silent,0.6,NaN,3.0,4.0,7.3,26.0,5.0,Good
STU2261,6.31,1.0,1.0,62.1,66.1,61.5,54.8,2.7,Monthly,3.0,silent,1.4,1.4,1.0,3.0,7.7,22.0,2.7,Average
STU6783,8.64,0.0,0.0,99.0,91.4,97.9,94.3,5.5,daily,-0.0,Keep Away,0.3,1.2,5.0,5.1,8.8,16.0,5.1,Good
STU2809,9.1,0.0,0.0,82.5,98.2,72.9,94.1,4.0,Weekly,1.0,Silent,0.9,1.2,6.0,5.6,7.3,1.0,6.6,Good
STU5051,8.74,0.0,0.0,92.4,94.8,NaN,69.7,5.4,Weekly,0.9, Keep Away ,NaN,1.0,NaN,4.0,8.8,17.0,5.0,Good
STU3519,4.19,5.0,2.0,50.9,40.6,50.9,20.9,0.8,Monthly,4.1,Actively Use,4.1,0.5,1.0,0.3,5.1,68.0,1.0,At-Risk
STU4747,7.82,0.0,0.0,98.2,102.3,81.2,99.9,7.1,Daily,0.2,KEEP AWAY,0.5,2.7,3.0,5.7,8.2,18.0,4.8,Good
STU0734,7.84,0.0,0.0,88.2,87.0,85.6,91.2,5.0,Daily,1.1,Keep Away,1.0,2.4,5.0,7.2,7.9,11.0,6.1,Good
STU7196,8.27,0.0,0.0,82.0,NaN,78.1,88.4,-0.7,NaN,1.5,Silent,NaN,3.0,3.0,4.5,8.1,3.0,5.5,Good
STU4476,8.92,0.0,NaN,87.8,86.6,96.6,73.9,6.6,Weekly,1.6,Silent,0.2,1.5,4.0,5.1,7.7,23.0,6.0,Good
STU3959,9.65,0.0,0.0,95.6,86.1,67.0,74.9,NaN,Weekly,1.4,Keep Away,0.6,NaN,NaN,3.9,8.7,0.0,NaN,Good
STU2134,7.87,0.0,0.0,97.8,90.1,69.9,75.0,6.3,Weekly,1.3,keep away,0.3,2.5,5.0,6.9,8.9,7.0,5.3,Good
STU5053,9.4,0.0,0.0,94.3,95.5,87.4,80.6,7.7,WEEKLY,0.6,Silent,0.7,1.4,6.0,6.1,8.8,14.0,5.2,Good
STU4268,8.83,0.0,0.0,77.5,96.0,82.1,81.6,6.3,Daily,0.6,Silent,0.9,2.9,3.0,6.3,7.6,28.0,5.5,Good
STU1945,4.58,5.0,1.0,37.6,34.3,40.3,43.1,0.7,Monthly,7.7,Silent,4.8,0.4,0.0,1.6,5.6,55.0,1.0,At-Risk
STU2280,3.64,4.0,3.0,42.5,29.8,37.5,42.4,1.3,Never,3.8, Actively Use ,4.0,0.7,1.0,0.0,4.1,NaN,1.3,At-Risk
STU0660,3.99,4.0,2.0,42.8,55.8,30.5,NaN,0.6,Only Before Exam,3.0,Actively Use,2.0,0.7,1.0,0.2,4.1,65.0,0.8,At-Risk
STU2431,9.87,0.0,0.0,97.2,96.1,87.9,NaN,5.8,WEEKLY,0.2,Keep Away,0.8,1.6,4.0,6.3,7.6,24.0,4.9,Good
STU3752,9.91,0.0,0.0,75.4,89.7,82.3,80.1,5.1,Weekly,0.2,Keep Away,0.8,2.8,6.0,3.4,7.3,7.0,3.9,Good
STU2529,NaN,0.0,0.0,88.5,89.8,85.2,85.2,7.3,weekly,1.3,Silent,0.9,2.0,5.0,4.5,7.7,12.0,5.1,Good
STU5191,8.85,0.0,0.0,83.5,88.8,93.4,71.7,4.1,DAILY,0.6,Silent,0.6,3.0,5.0,NaN,8.0,12.0,5.4,Good
STU6464,9.31,NaN,0.0,92.9,89.8,NaN,80.7,4.8,Weekly,1.8,Keep Away,1.0,1.9,2.0,3.1,NaN,27.0,6.6,Good
STU0643,5.6,1.0,1.0,53.9,73.0,68.5,61.1,3.7,WEEKLY,2.3,KEEP AWAY,1.1,0.7,0.0,2.3,6.1,60.0,3.9,Average
STU0169,8.37,0.0,0.0,96.5,84.8,92.2,NaN,-0.9,Weekly,1.8,Keep Away,0.1,1.8,2.0,4.3,8.6,19.0,6.9,Good
STU1518,7.61,0.0,0.0,84.4,95.5,NaN,83.8,7.0,Weekly,0.7,KEEP AWAY,0.2,1.1,2.0,5.9,8.3,27.0,4.3,Good
STU1801,5.39,5.0,1.0,51.0,48.8,19.3,25.3,1.9,Monthly,5.3,Actively Use,4.3,0.3,1.0,0.8,6.0,100.0,1.8,At-Risk
STU3395,6.54,1.0,NaN,65.9,69.4,56.9,62.9,2.0,Weekly,NaN,Keep Away,1.6,0.9,0.0,1.7,6.3,41.0,1.2,At-Risk
STU1918,9.34,0.0,0.0,78.5,89.9,98.2,81.0,7.8,Weekly,1.9,SILENT,NaN,1.6,3.0,7.0,7.3,16.0,4.0,Good
STU0273,9.48,0.0,0.0,76.7,92.5,NaN,88.0,6.8,Daily,0.4,silent,0.0,2.4,2.0,5.7,8.8,11.0,6.3,Good
STU5312,8.65,0.0,0.0,79.5,100.7,86.2,84.1,5.5,Daily,1.6,NaN,0.3,1.0,2.0,5.5,8.9,27.0,4.1,Good
STU2469,3.67,5.0,1.0,44.1,37.3,36.2,NaN,1.7,monthly,3.4,Actively Use,3.3,0.6,1.0,NaN,5.3,43.0,1.6,At-Risk
STU5215,8.36,0.0,0.0,88.4,89.5,76.7,93.9,7.6,Daily,0.7,KEEP AWAY,0.1,NaN,2.0,5.1,7.1,9.0,6.5,Good
STU7128,9.62,0.0,0.0,85.2,95.5,76.7,96.5,4.4,Weekly,0.2,Keep Away,0.9,2.7,4.0,5.9,7.3,5.0,5.2,Good
STU7007,6.82,2.0,1.0,63.6,72.1,54.7,72.5,3.6,Weekly,3.8,Silent,1.2,0.7,0.0,3.5,7.6,34.0,2.0,At-Risk
STU1067,9.48,0.0,0.0,100.2,91.4,98.4,NaN,5.7,Weekly,1.5,Keep Away,0.4,2.1,6.0,3.3,8.6,11.0,3.2,Good
STU6201,7.92,0.0,0.0,88.5,95.5,74.7,77.6,5.8,Daily,1.6,Silent,0.2,NaN,2.0,6.6,8.7,13.0,4.8,Good
STU0495,6.73,1.0,1.0,NaN,62.7,57.3,54.3,3.9,Monthly,2.6,Keep Away,1.6,1.2,2.0,1.6,6.3,27.0,1.8,Average
STU4912,6.23,2.0,1.0,57.2,75.6,57.7,68.8,2.6,Monthly,3.0,keep away,1.3,1.3,0.0,NaN,6.1,41.0,1.9,At-Risk
STU1913,8.42,0.0,0.0,95.4,91.9,75.5,76.9,7.3, Daily ,0.4,Keep Away,NaN,2.3,2.0,4.7,7.6,3.0,4.9,Good
STU3647,6.09,1.0,1.0,56.3,72.5,50.8,68.6,2.6,Weekly,4.1,keep away,1.7,0.9,2.0,1.4,NaN,21.0,3.0,Average
STU0039,7.53,0.0,0.0,86.5,84.2,74.0,75.2,7.1,Daily,1.6,Keep Away,0.6,2.9,2.0,4.9,7.9,22.0,6.5,Good
STU0307,9.31,0.0,0.0,74.2,96.0,79.6,73.1,5.5,Daily,1.8,NaN,0.4,2.5,4.0,3.6,8.6,29.0,3.9,Good
STU3741,4.94,5.0,1.0,39.4,56.1,NaN,32.3,1.2,Monthly,5.3,Actively Use,4.6,0.5,NaN,0.2,5.8,115.0,1.2,At-Risk
STU4103,9.55,0.0,0.0,94.3,90.7,87.5,94.0,5.9,Weekly,1.8,Keep Away,0.4,2.8,2.0,5.9,7.9,18.0,3.0,Good
STU3153,7.75,0.0,0.0,82.3,96.0,89.9,68.4,6.1,Weekly,1.6,Keep Away,0.1,NaN,4.0,4.6,8.8,14.0,3.7,Good
STU2830,3.47,3.0,1.0,41.0,44.8,29.5,41.4,2.0,Only Before Exam,NaN,Silent,2.9,0.2,0.0,0.8,6.2,71.0,0.4,At-Risk
STU0782,3.13,2.0,2.0,52.1,23.8,25.8,38.1,0.7,Monthly,7.3,Actively Use,2.2,0.0,1.0,NaN,5.6,93.0,0.8,At-Risk
STU5287,5.61,2.0,1.0,66.7,66.8,59.5,57.0,2.9,Weekly,2.6,Keep Away,NaN,0.9,NaN,1.1,NaN,15.0,3.4,Average
STU0535,8.78,0.0,NaN,96.9,85.3,80.7,95.7,5.8,Weekly,0.3,KEEP AWAY,0.4,1.8,4.0,NaN,8.6,24.0,5.0,Good
STU0584,9.17,0.0,0.0,95.8,88.8,88.2,71.2,4.5,DAILY,1.6,Keep Away,0.8,NaN,3.0,NaN,7.9,6.0,NaN,Good
STU7190,8.6,0.0,0.0,84.5,97.1,73.8,NaN,NaN,Daily,0.1, Keep Away ,0.5,1.8,4.0,6.6,9.1,20.0,6.4,Good
STU4144,6.63,2.0,NaN,52.2,69.5,66.7,64.3,2.6,NaN,3.7,Silent,1.5,1.0,1.0,3.1,6.4,41.0,2.7,At-Risk
STU4419,7.73,0.0,NaN,77.8,95.0,80.9,98.2,5.9,Weekly,1.0,KEEP AWAY,0.9,2.0,6.0,5.5,7.6,16.0,5.8,Good
STU3797,7.61,0.0,0.0,83.6,92.7,100.6,96.6,NaN,WEEKLY,0.8,Keep Away,0.1,2.2,3.0,5.6,8.0,27.0,3.4,Good
STU7099,8.76,0.0,0.0,86.9,93.2,82.8,73.6,NaN,weekly,0.8,Silent,0.8,3.0,5.0,3.9,8.7,25.0,6.9,Good
STU7270,7.35,2.0,2.0,65.2,67.5,57.2,66.7,2.8,Weekly,2.6,Keep Away,NaN,0.9,0.0,NaN,7.0,47.0,NaN,Average
STU2862,8.53,0.0,0.0,87.3,89.5,88.1,75.9,7.5,Weekly,1.3,Keep Away,0.9,1.0,3.0,6.1,7.6,19.0,5.0,Good
STU0317,8.99,0.0,0.0,92.9,87.9,87.9,84.1,4.6,Daily,-0.0,Keep Away,0.6,1.6,2.0,7.7,8.5,9.0,6.9,Good
STU2198,6.16,2.0,2.0,72.4,79.0,53.1,57.3,3.6,NaN,2.0,Silent,NaN,0.9,0.0,NaN,6.7,20.0,2.3,At-Risk
STU2565,8.07,0.0,0.0,85.1,89.2,91.7,83.7,5.4,Daily,0.7,Keep Away,0.5,1.3,5.0,NaN,NaN,NaN,4.1,Good
STU6689,8.06,0.0,0.0,86.1,96.9,70.3,77.9,NaN,Weekly,1.7, Silent ,0.3,1.7,4.0,7.0,7.6,2.0,6.4,Good
STU7094,8.76,0.0,0.0,77.9,92.1,77.1,95.9,7.0,Weekly,1.2,Keep Away,0.8,1.6,5.0,5.3,7.3,16.0,3.3,Good
STU1795,5.6,1.0,1.0,69.8,70.8,NaN,52.9,3.6,Weekly,2.2,Actively Use,1.8,1.0,2.0,1.1,6.9,26.0,3.5,Average
STU7412,9.94,0.0,0.0,75.6,85.2,NaN,89.0,5.7,Weekly,1.3,Silent,0.8,2.6,3.0,7.4,7.2,21.0,3.9,Good
STU6903,8.71,0.0,NaN,92.2,88.5,87.8,94.5,5.2,Daily,0.8,Keep Away,0.5,2.7,3.0,6.9,8.6,11.0,5.7,Good
STU0272,4.51,5.0,4.0,32.9,35.9,23.1,42.2,NaN,never,5.0,Actively Use,4.6,0.2,1.0,NaN,5.4,74.0,0.0,At-Risk
STU0549,7.34,2.0,2.0,57.6,70.6,62.6,64.4,3.6,Weekly,3.5,silent,0.6,1.2,1.0,2.2,6.7,26.0,1.1,Average
STU1693,9.02,0.0,NaN,89.3,91.3,78.7,84.4,7.4,Weekly,0.7,Keep Away,0.3,NaN,5.0,7.7,7.7,0.0,3.0,Good
STU5816,5.88,1.0,1.0,73.7,75.1,69.1,65.7,2.0,Weekly,3.1,ACTIVELY USE,1.8,0.6,2.0,NaN,7.1,20.0,1.1,Average
STU3526,9.01,0.0,0.0,87.5,97.1,80.7,83.8,5.5,Weekly,1.7,Keep Away,0.4,1.4,3.0,NaN,7.9,6.0,3.4,Good
STU3013,8.53,0.0,0.0,NaN,93.3,75.2,97.4,5.3,Weekly,1.6,Silent,0.2,1.8,5.0,5.5,NaN,28.0,5.1,Good
STU7110,5.85,2.0,1.0,54.4,78.1,63.9,51.0,2.1,Monthly,2.6,Actively Use,1.8,0.5,1.0,1.3,5.9,60.0,3.8,At-Risk
STU7126,8.69,0.0,0.0,94.7,88.3,NaN,85.1,4.5,weekly,1.0,Keep Away,0.3,1.5,2.0,NaN,NaN,23.0,6.4,Good
STU2391,4.35,5.0,2.0,37.1,30.7,NaN,37.4,0.3,Only Before Exam,5.4,Actively Use,4.2,0.4,1.0,0.3,4.9,117.0,0.4,At-Risk
STU3877,3.43,2.0,NaN,31.8,35.6,NaN,45.8,1.9,Only Before Exam,7.0,Silent,1.9,0.7,0.0,1.1,5.4,110.0,1.9,At-Risk
STU4695,7.96,0.0,0.0,97.1,91.3,79.4,96.5,NaN,Weekly,0.4,NaN,0.4,NaN,6.0,NaN,8.3,11.0,4.3,Good
STU5786,9.34,0.0,0.0,86.7,94.5,93.0,88.4,NaN,NaN,-0.2,Keep Away,0.0,2.9,5.0,4.3,8.5,3.0,6.8,Good
STU0895,7.94,0.0,0.0,87.6,92.7,94.3,92.5,6.6,Daily,0.7,Keep Away,NaN,2.6,5.0,5.4,7.4,12.0,3.8,Good
STU5664,6.84,2.0,1.0,57.8,61.3,58.0,51.2,2.7,MONTHLY,NaN,Silent,0.5,1.3,1.0,4.0,6.9,24.0,3.8,Average
STU5872,8.26,0.0,0.0,89.5,88.0,78.8,90.4,6.5,Daily,0.5,Keep Away,0.6,1.0,6.0,3.9,8.6,7.0,NaN,Good
STU4667,9.46,0.0,0.0,86.2,86.9,99.1,89.5,6.8,Daily,1.7,Keep Away,0.6,1.9,2.0,7.9,8.6,13.0,6.4,Good
STU2000,8.36,0.0,0.0,84.7,86.3,82.5,74.9,7.9,Weekly,0.1,keep away,NaN,1.9,4.0,4.9,7.7,0.0,5.5,Good
STU2123,9.4,0.0,0.0,97.4,87.2,87.0,NaN,6.9,NaN,0.4,Keep Away,0.5,NaN,3.0,NaN,7.9,17.0,6.2,Good
STU4158,3.21,4.0,4.0,32.8,28.6,29.9,25.7,1.0,Only Before Exam,4.8,Actively Use,3.5,0.2,0.0,NaN,5.4,58.0,1.2,At-Risk
STU1248,3.96,5.0,1.0,49.0,39.3,30.8,33.7,1.0,Never,8.0,Actively Use,NaN,NaN,1.0,0.3,4.1,112.0,1.1,At-Risk
STU4488,9.74,0.0,0.0,78.1,90.1,73.4,81.2,5.3,Daily,0.9,Keep Away,0.6,2.5,6.0,5.6,8.2,30.0,6.3,Good
STU1260,8.96,0.0,0.0,78.5,95.6,91.6,98.1,4.2,Weekly,0.3,Silent,0.8,2.3,6.0,7.5,NaN,29.0,5.4,Good
STU0810,6.2,2.0,1.0,63.8,65.6,64.1,52.5,2.6, Monthly ,2.9,NaN,1.2,0.7,2.0,1.8,6.4,59.0,3.2,At-Risk
STU1050,9.87,0.0,0.0,92.9,97.2,91.5,85.9,5.9,Weekly,-0.0,silent,0.0,2.4,2.0,5.2,8.2,16.0,5.2,Good
STU1879,3.83,3.0,NaN,49.8,55.6,19.9,45.0,0.3,Monthly,5.2,Actively Use,4.4,0.8,0.0,1.8,6.9,97.0,0.9,At-Risk
STU2880,3.08,5.0,2.0,32.2,NaN,49.1,47.7,0.8,Never,4.4,Silent,1.6,0.3,1.0,NaN,6.0,105.0,1.7,At-Risk
STU0108,3.82,4.0,4.0,42.1,25.0,29.8,20.3,0.7,Monthly,5.2,Silent,1.5,0.6,1.0,1.4,6.2,89.0,NaN,At-Risk
STU6250,8.03,0.0,0.0,80.5,93.3,72.1,NaN,6.6,Weekly,1.5,Keep Away,0.4,2.3,5.0,7.8,8.9,1.0,3.3,Good
STU0674,9.02,0.0,0.0,89.7,92.3,81.6,78.6,4.5,weekly,0.6,Keep Away,0.1,2.4,4.0,6.3,8.9,13.0,5.9,Good
STU6625,6.53,2.0,2.0,63.8,69.0,51.8,53.3,2.7,Weekly,2.2,Keep Away,0.8,1.5,0.0,1.8,7.0,57.0,NaN,Average
STU4762,8.91,0.0,0.0,83.0,86.6,88.8,81.5,6.0,Daily,NaN,Keep Away,0.9,2.5,3.0,6.8,7.3,29.0,5.0,Good
STU4606,9.17,0.0,0.0,93.5,97.1,85.6,83.6,NaN,Daily,1.0, Silent ,0.4,1.6,NaN,6.9,7.8,24.0,5.2,Good
STU6276,6.18,2.0,1.0,57.3,65.8,55.4,64.8,2.4,Weekly,2.7,Actively Use,0.6,1.3,1.0,3.2,6.9,24.0,2.3,Average
STU6374,7.08,2.0,2.0,56.9,81.3,67.2,53.6,2.5,MONTHLY,3.1, Silent ,1.2,1.5,0.0,1.9,7.3,21.0,2.5,At-Risk
STU5737,7.5,2.0,1.0,60.8,67.9,64.9,61.1,1.8,Monthly,3.4,Silent,NaN,1.5,2.0,NaN,7.5,20.0,3.4,Average
STU5456,7.01,1.0,NaN,NaN,62.0,51.6,69.2,3.0,Weekly,2.6,Actively Use,1.6,0.6,0.0,1.0,6.5,21.0,1.7,At-Risk
STU1533,8.45,0.0,0.0,95.0,93.6,72.8,92.7,6.9,Weekly,0.4, Keep Away ,1.0,1.4,4.0,5.3,7.3,27.0,5.4,Good
STU4963,9.75,0.0,0.0,84.8,97.3,90.3,94.4,NaN,Weekly,1.0,Keep Away,0.9,2.0,4.0,6.5,NaN,11.0,3.5,Good
STU1856,5.12,5.0,5.0,NaN,30.3,18.3,39.7,1.1,Never,5.9, Actively Use ,4.3,0.4,1.0,0.2,6.8,NaN,1.1,At-Risk
STU5833,5.95,1.0,1.0,71.0,71.6,57.6,NaN,3.5,Monthly,2.4,Actively Use,1.2,0.6,2.0,2.8,6.5,44.0,2.8,At-Risk
STU0212,8.24,0.0,0.0,NaN,98.3,94.8,93.0,4.5,Weekly,1.6,Silent,0.8,2.3,4.0,6.8,8.7,22.0,NaN,Good
STU3148,6.83,2.0,2.0,61.9,84.9,50.3,63.3,3.2,Weekly,NaN,KEEP AWAY,0.9,0.9,2.0,1.9,6.7,38.0,3.8,Average
STU5157,8.32,0.0,0.0,94.0,98.3,78.9,75.3,6.6,Daily,1.6,Keep Away,0.5,2.8,3.0,3.7,8.1,27.0,3.1,Good
STU2257,4.23,5.0,5.0,47.9,27.8,32.3,39.8,NaN, Never ,5.4,Silent,3.4,NaN,1.0,1.8,4.8,64.0,1.0,At-Risk
STU2106,6.56,1.0,1.0,59.2,67.1,60.2,65.8,1.7,weekly,3.0,Silent,0.8,0.6,2.0,2.9,6.9,25.0,2.3,Average
STU3269,4.99,5.0,2.0,36.3,41.9,27.3,29.6,0.5,Never,6.3,Actively Use,3.1,0.7,0.0,0.4,4.0,118.0,1.4,At-Risk
STU7076,3.69,5.0,1.0,45.0,55.5,23.7,45.2,1.6,Monthly,7.5,Actively Use,3.1,0.3,NaN,0.7,5.8,44.0,0.3,At-Risk
STU1974,8.22,0.0,0.0,88.8,98.8,71.0,100.0,8.0, Daily ,1.0,NaN,0.3,1.4,5.0,4.4,7.1,7.0,4.9,Good
STU4686,9.8,0.0,0.0,77.2,85.4,85.8,71.6,4.5,WEEKLY,0.5,Keep Away,0.5,1.5,2.0,5.4,7.9,5.0,5.9,Good
STU7238,6.32,2.0,1.0,62.1,77.4,52.3,56.2,2.0,Monthly,2.6,Silent,1.4,0.6,0.0,1.8,7.8,54.0,3.1,At-Risk
STU1502,5.06,4.0,2.0,48.4,30.7,NaN,34.3,1.8,NEVER,4.6,Actively Use,1.2,0.5,0.0,NaN,6.0,119.0,NaN,At-Risk
STU4183,3.17,3.0,1.0,49.7,50.1,34.9,34.2,NaN,monthly,3.9,Silent,4.6,0.3,NaN,NaN,6.5,91.0,0.0,At-Risk
STU0647,5.76,2.0,1.0,63.8,64.3,63.6,54.7,4.1,Monthly,3.9,Silent,0.8,1.1,2.0,1.3,6.9,NaN,3.1,Average
STU3634,8.07,0.0,0.0,96.2,86.9,98.0,96.5,5.2,Weekly,-0.1,Silent,0.1,1.2,3.0,7.5,7.9,NaN,3.1,Good
STU0772,3.62,4.0,3.0,38.4,48.5,28.3,24.9,0.3,Never,6.8,Silent,1.5,0.5,1.0,1.0,6.1,48.0,1.3,At-Risk
STU0704,4.13,5.0,2.0,28.5,44.7,31.4,28.5,0.5,Never,6.4,Silent,2.7,0.2,0.0,1.4,5.5,83.0,NaN,At-Risk
STU3588,9.77,0.0,NaN,87.8,90.4,97.6,82.7,5.4,NaN,0.6, Keep Away ,0.6,2.1,4.0,3.1,8.4,6.0,6.2,Good
STU1250,4.67,5.0,2.0,50.0,58.7,36.4,28.5,NaN,Monthly,6.6,Actively Use,3.6,0.2,0.0,0.1,5.9,40.0,0.5,At-Risk
STU4805,6.63,1.0,1.0,68.7,71.7,NaN,58.4,3.2,Monthly,3.6,Silent,NaN,0.5,2.0,1.8,6.5,38.0,1.0,At-Risk
STU2473,3.71,5.0,3.0,37.6,44.0,50.0,44.4,0.8,Only Before Exam,NaN,Actively Use,4.7,0.3,1.0,1.7,4.9,105.0,0.7,At-Risk
STU6614,8.49,0.0,0.0,NaN,93.9,92.7,75.9,5.8,Daily,0.9, Keep Away ,0.8,2.4,2.0,6.9,8.5,0.0,5.4,Good
STU1861,4.18,5.0,2.0,54.7,30.5,40.0,39.2,1.3,Monthly,6.4,ACTIVELY USE,3.0,NaN,1.0,1.8,6.4,NaN,0.3,At-Risk
STU6225,6.45,2.0,NaN,63.2,70.8,NaN,62.5,NaN,Monthly,3.4,NaN,0.7,1.4,1.0,3.2,6.2,47.0,1.2,At-Risk
STU0710,5.29,4.0,3.0,37.6,26.9,38.6,41.3,1.7,Never,4.6,Actively Use,2.0,1.0,1.0,1.8,5.4,68.0,1.7,At-Risk
STU2673,3.14,4.0,1.0,40.1,52.8,NaN,27.6,1.2,Only Before Exam,4.0,Actively Use,1.9,0.5,0.0,1.9,NaN,71.0,1.0,At-Risk
STU4515,9.02,0.0,0.0,74.8,87.1,77.7,74.5,5.4,daily,0.4,silent,0.1,1.5,2.0,3.0,7.6,3.0,6.2,Good
STU1462,8.67,0.0,0.0,95.7,NaN,94.3,73.5,NaN,Daily,2.0,Silent,0.4,2.0,5.0,6.9,8.1,9.0,7.0,Good
STU1485,8.21,0.0,0.0,85.6,99.9,74.1,72.4,5.4,Daily,1.2,Silent,0.1,1.9,2.0,6.1,8.9,12.0,3.9,Good
STU2546,9.83,0.0,0.0,92.5,99.6,79.2,94.8,NaN,DAILY,0.5,Keep Away,0.9,NaN,6.0,7.7,7.8,20.0,7.0,Good
STU0231,7.87,0.0,0.0,75.1,95.2,83.7,73.4,7.9, Daily ,1.3,Keep Away,0.2,2.0,2.0,6.4,7.2,26.0,4.1,Good
STU1357,5.32,3.0,3.0,44.7,51.2,27.2,25.6,1.0,MONTHLY,3.7,Actively Use,3.5,0.3,0.0,1.6,6.4,120.0,0.9,At-Risk
STU3012,3.77,3.0,2.0,50.0,26.8,35.5,46.9,1.5,Never,4.4,Actively Use,1.7,0.2,0.0,1.0,5.9,71.0,NaN,At-Risk
STU0852,5.74,1.0,1.0,67.5,82.3,64.3,62.6,2.5,Monthly,2.9,Actively Use,0.6,1.2,0.0,3.2,8.0,59.0,1.8,Average
STU1005,5.02,4.0,1.0,33.3,31.5,27.8,42.4,1.3,NaN,6.6,Silent,3.0,0.8,1.0,0.9,4.5,117.0,1.1,At-Risk
STU1997,8.69,0.0,0.0,84.5,89.8,89.3,89.6,4.9,Daily,NaN, Silent ,0.5,2.2,2.0,4.2,7.7,9.0,3.8,Good
STU1835,8.92,0.0,0.0,95.7,100.5,89.4,86.7,4.3,WEEKLY,0.7,Keep Away,0.6,2.6,6.0,NaN,9.1,25.0,4.1,Good
STU3974,9.39,0.0,0.0,84.4,91.4,92.9,78.7,7.4,DAILY,0.2,Keep Away,0.5,1.4,3.0,6.4,9.0,13.0,4.7,Good
STU7082,7.42,1.0,1.0,60.1,80.5,54.8,51.1,3.6,NaN,3.2,Silent,0.6,0.6,1.0,1.0,6.5,25.0,3.2,Average
STU4533,9.51,0.0,0.0,95.6,101.0,77.5,87.6,7.4,daily,0.8,Keep Away,0.5,NaN,2.0,4.8,7.4,0.0,3.3,Good
STU1317,5.9,2.0,1.0,71.0,NaN,53.4,56.0,3.8,Monthly,2.1,Actively Use,0.7,1.0,1.0,1.8,NaN,21.0,2.4,Average
STU3328,3.65,4.0,3.0,33.0,44.4,25.9,32.0,0.8,Monthly,3.6,silent,4.8,NaN,0.0,0.2,6.3,86.0,1.0,At-Risk
STU1624,3.38,3.0,3.0,30.7,29.2,45.9,28.7,NaN,Only Before Exam,6.3,Actively Use,5.0,0.2,0.0,0.6,6.9,111.0,0.4,At-Risk
STU1481,4.6,4.0,2.0,51.0,32.7,36.3,NaN,0.5,only before exam,2.9,Silent,4.1,0.4,1.0,1.6,6.1,89.0,1.7,At-Risk
STU3834,3.66,4.0,3.0,34.1,53.9,41.0,32.8,1.0,Never,3.9,Silent,1.0,0.3,0.0,0.3,5.3,108.0,1.7,At-Risk
STU5745,8.9,0.0,0.0,81.4,98.5,90.4,87.1,5.3,Weekly,1.4,Silent,0.7,NaN,3.0,4.0,8.3,21.0,5.3,Good
STU5100,7.99,0.0,0.0,78.2,NaN,75.3,86.8,6.7,daily,0.5,Keep Away,0.7,1.7,5.0,5.3,7.3,24.0,5.8,Good
STU1279,5.57,1.0,1.0,62.5,72.3,50.7,62.5,2.9,Monthly,NaN,Keep Away,0.5,1.2,0.0,NaN,6.7,53.0,2.7,Average
STU3081,8.92,0.0,0.0,89.7,84.9,89.3,92.2,7.3,Daily,1.5,KEEP AWAY,0.6,2.3,4.0,5.4,7.5,2.0,NaN,Good
STU1824,4.71,5.0,1.0,51.7,58.0,26.0,37.7,1.1,Monthly,NaN,ACTIVELY USE,3.5,0.1,0.0,0.9,5.9,71.0,1.4,At-Risk
STU1054,9.3,0.0,0.0,93.0,89.7,92.9,84.5,6.7,Weekly,NaN,Keep Away,NaN,1.7,3.0,NaN,7.3,3.0,3.8,Good
STU4146,3.96,3.0,3.0,35.3,NaN,32.8,28.4,0.8,Monthly,5.2,NaN,3.8,0.1,0.0,1.0,4.8,90.0,0.8,At-Risk
STU5933,9.91,0.0,0.0,83.4,95.1,72.3,97.0,7.4,Daily,1.3,Keep Away,0.2,NaN,5.0,4.5,9.1,21.0,5.0,Good
STU0476,8.24,0.0,0.0,83.5,93.6,78.2,99.0,4.9,Daily,1.9, Keep Away ,0.1,2.3,6.0,7.5,7.3,12.0,6.9,Good
STU2283,5.31,NaN,1.0,32.4,50.2,39.6,33.3,0.2,Monthly,5.4,Actively Use,4.5,NaN,1.0,1.9,5.0,86.0,0.8,At-Risk
STU3712,4.14,5.0,4.0,36.3,46.7,37.5,39.5,0.9,only before exam,4.2,Actively Use,2.0,NaN,0.0,0.5,6.2,50.0,1.2,At-Risk
STU3147,8.53,0.0,0.0,90.0,88.2,74.5,83.2,5.5,Daily,1.0,keep away,0.5,1.3,2.0,3.9,8.7,27.0,3.7,Good
STU5643,9.86,0.0,0.0,75.8,96.4,80.9,81.3,6.6,WEEKLY,2.0,keep away,0.3,2.5,3.0,3.1,8.2,NaN,5.5,Good
STU0336,8.53,0.0,0.0,78.0,95.0,98.4,NaN,7.2,NaN,1.0,keep away,0.2,2.5,6.0,4.8,8.3,0.0,4.1,Good
STU2618,9.59,0.0,0.0,88.0,85.9,87.5,104.3,4.2,Weekly,1.9,silent,0.2,1.8,4.0,4.9,8.7,3.0,NaN,Good
STU3663,7.64,0.0,0.0,99.1,97.4,83.9,97.7,6.8,Weekly,NaN,Keep Away,0.5,1.9,6.0,5.7,7.0,30.0,6.6,Good
STU0089,7.03,NaN,2.0,63.1,NaN,63.7,66.6,4.0,Monthly,3.7, Silent ,1.1,0.9,2.0,3.2,6.5,33.0,1.3,At-Risk
STU0875,9.07,NaN,0.0,84.0,88.1,68.5,79.2,4.4,Daily,1.5,Silent,0.2,2.1,3.0,NaN,7.7,13.0,3.1,Good
STU6944,9.87,0.0,0.0,80.9,101.6,77.3,98.6,6.5,Daily,0.8,Keep Away,0.3,1.4,6.0,6.6,8.2,22.0,6.6,Good
STU0544,9.61,0.0,0.0,92.3,96.7,74.2,74.1,4.8,Weekly,NaN,Keep Away,0.2,1.1,5.0,8.0,6.9,9.0,6.3,Good
STU5338,6.43,2.0,1.0,63.0,74.6,57.7,66.8,3.2,Weekly,2.7,Actively Use,1.7,1.0,1.0,NaN,7.7,41.0,2.4,Average
STU3001,7.33,2.0,1.0,72.6,60.4,58.2,63.8,3.1,Monthly,3.7,Actively Use,1.8,0.9,0.0,2.1,7.1,37.0,3.0,At-Risk
STU2761,5.3,3.0,2.0,52.4,26.2,36.4,20.6,1.0,Never,7.3,actively use,NaN,0.9,1.0,1.6,4.8,82.0,1.3,At-Risk
STU7410,9.47,0.0,0.0,74.4,NaN,75.9,90.1,5.1,Daily,0.6,silent,0.8,1.1,NaN,7.6,7.4,6.0,5.4,Good
STU1881,7.14,1.0,1.0,67.4,84.6,65.6,62.0,3.7,Monthly,1.9,Silent,0.5,0.6,1.0,2.3,6.6,55.0,4.0,At-Risk
STU7279,9.91,0.0,0.0,80.1,97.7,69.9,73.0,5.4,Weekly,0.8,Silent,0.5,1.8,5.0,NaN,7.8,NaN,6.3,Good
STU0927,3.08,5.0,1.0,43.1,42.2,48.2,48.0,1.1,Never,6.8,Actively Use,2.8,0.7,0.0,0.4,5.2,106.0,1.3,At-Risk
STU6366,9.57,0.0,0.0,90.0,90.0,80.9,82.9,6.8,Daily,0.3,KEEP AWAY,0.5,2.6,4.0,5.6,6.9,12.0,4.0,Good
STU0320,7.18,1.0,1.0,60.8,70.3,62.2,65.1,2.9,Weekly,2.9,Keep Away,1.0,1.4,0.0,1.4,7.8,59.0,3.1,Average
STU4616,9.54,0.0,0.0,92.0,88.3,79.6,84.6,7.4,Weekly,1.6,Keep Away,0.6,NaN,4.0,4.3,8.4,17.0,5.4,Good
STU6031,6.94,1.0,1.0,53.3,67.0,71.3,66.9,4.0,Monthly,3.2,Silent,1.4,1.0,0.0,2.4,7.3,56.0,1.1,At-Risk
STU0879,8.33,0.0,0.0,77.0,96.5,85.2,NaN,6.6,DAILY,1.5,KEEP AWAY,0.8,2.8,4.0,5.0,8.8,12.0,6.5,Good
STU3995,7.65,0.0,0.0,96.5,86.6,73.7,81.1,5.7,Daily,1.1,Silent,0.2,1.2,6.0,7.3,7.6,23.0,3.9,Good
STU4922,9.45,0.0,0.0,74.5,97.6,73.2,84.2,5.3,Daily,0.8,keep away,0.3,2.5,4.0,4.3,8.6,6.0,NaN,Good
STU3247,9.58,0.0,0.0,79.3,99.7,87.4,77.9,7.8,DAILY,1.1,KEEP AWAY,0.8,1.9,2.0,5.5,7.5,13.0,4.6,Good
STU5387,5.6,2.0,2.0,55.6,68.2,68.4,54.5,3.4,Weekly,3.1,Silent,0.9,0.8,2.0,1.2,7.2,17.0,2.4,Average
STU3079,8.92,0.0,0.0,84.2,92.8,78.6,81.4,7.8,Daily,-0.0,silent,0.1,1.1,5.0,4.6,7.7,25.0,3.4,Good
STU3762,4.52,2.0,1.0,51.7,54.6,23.0,32.8,0.7,NEVER,5.8,Silent,3.4,0.2,0.0,1.6,5.2,78.0,2.0,At-Risk
STU4731,10.0,0.0,0.0,94.3,94.7,74.9,81.4,4.8,Daily,1.9,NaN,NaN,NaN,6.0,7.8,8.8,5.0,6.2,Good
STU6836,9.88,0.0,NaN,73.6,92.8,85.4,73.7,5.4,Weekly,1.7,Keep Away,0.6,1.0,6.0,7.8,8.4,17.0,4.8,Good
STU4235,5.87,1.0,1.0,60.0,62.2,68.3,59.8,4.1, Monthly ,2.7,Actively Use,1.2,0.9,2.0,2.8,7.5,25.0,NaN,Average
STU4260,4.12,2.0,NaN,37.1,44.3,NaN,28.8,0.7,NaN,NaN,Actively Use,2.9,0.8,0.0,0.2,6.2,61.0,1.6,At-Risk
STU1619,3.71,3.0,3.0,54.1,27.4,37.8,46.2,1.4,Only Before Exam,7.2,Silent,1.5,NaN,1.0,0.9,4.0,103.0,0.9,At-Risk
STU3727,3.09,NaN,1.0,32.7,44.9,47.9,31.4,1.2, Monthly ,7.1,Actively Use,2.4,0.7,0.0,0.7,5.7,105.0,0.4,At-Risk
STU7204,8.04,0.0,0.0,93.3,95.6,NaN,80.1,5.1,Daily,1.6,Silent,0.3,1.7,3.0,7.8,9.1,2.0,3.0,Good
STU5888,9.88,0.0,0.0,98.0,98.8,77.9,80.2,6.8,Weekly,-0.2,Silent,0.9,1.4,2.0,5.8,7.3,27.0,3.7,Good
STU1046,3.2,NaN,2.0,39.8,57.9,25.4,28.4,0.2,Monthly,6.2,Silent,3.7,0.6,0.0,1.7,5.5,74.0,0.3,At-Risk
STU5057,5.87,1.0,1.0,64.8,73.9,NaN,55.9,2.2,weekly,NaN,Keep Away,1.2,1.2,2.0,NaN,7.4,38.0,3.0,Average
STU1751,7.05,1.0,1.0,63.4,81.6,50.5,53.7,3.3,Weekly,3.9,Keep Away,0.6,0.5,2.0,1.5,7.3,NaN,2.2,Average
STU5152,6.78,2.0,1.0,65.8,80.5,67.1,57.7,2.5,Monthly,2.3,Actively Use,NaN,NaN,2.0,3.4,7.4,50.0,3.1,Average
STU3879,9.61,0.0,NaN,82.9,91.5,79.0,NaN,4.2,WEEKLY,0.6,Keep Away,0.9,2.8,4.0,7.0,NaN,13.0,6.4,Good
STU5865,9.02,0.0,0.0,82.0,91.4,75.7,NaN,5.0,WEEKLY,0.2,Keep Away,0.1,2.3,3.0,NaN,8.3,17.0,4.2,Good
STU5601,6.59,2.0,2.0,54.2,61.3,68.3,64.4,3.5,monthly,3.8,Silent,1.1,0.9,0.0,2.2,7.0,NaN,2.5,At-Risk
STU3918,9.23,0.0,0.0,96.8,97.0,76.3,75.4,5.8,Weekly,0.8,Keep Away,NaN,NaN,3.0,6.8,7.1,18.0,6.7,Good
STU5190,6.14,2.0,2.0,56.0,70.0,53.8,67.4,3.7,Weekly,3.5,Actively Use,1.0,0.5,0.0,1.7,7.4,24.0,NaN,At-Risk
STU1044,8.67,0.0,0.0,101.9,93.6,87.8,74.6,7.2,Daily,1.3,Keep Away,0.4,1.0,3.0,6.0,7.0,10.0,3.0,Good
STU3011,8.3,0.0,0.0,82.2,103.0,90.8,84.5,7.4,Weekly,0.1,Silent,0.1,NaN,3.0,3.9,8.9,28.0,6.4,Good
STU5156,9.28,0.0,0.0,81.5,83.5,88.2,91.3,5.7,Daily,0.6,Keep Away,0.5,1.2,6.0,6.2,8.3,8.0,5.8,Good
STU3291,4.94,3.0,3.0,40.8,23.3,21.9,26.5,1.7,Never,4.8,Actively Use,4.4,0.7,0.0,1.2,6.6,95.0,0.5,At-Risk
STU7066,7.08,2.0,1.0,62.6,77.6,NaN,59.8,3.5,Monthly,2.2,Keep Away,1.5,0.8,0.0,3.6,6.7,26.0,2.3,At-Risk
STU4752,7.51,0.0,0.0,88.9,94.7,98.6,82.1,7.4,WEEKLY,1.7,Silent,0.3,2.7,5.0,6.2,7.2,22.0,NaN,Good
STU2065,8.38,0.0,0.0,97.3,90.2,67.0,87.9,4.6,Daily,0.0,Silent,0.7,NaN,4.0,5.3,8.2,0.0,5.2,Good
STU2965,4.62,3.0,1.0,55.2,51.4,20.8,23.5,1.0,Monthly,3.4,Silent,2.8,1.0,1.0,0.6,5.5,48.0,0.8,At-Risk
STU0642,6.01,NaN,1.0,63.8,84.6,65.2,57.1,3.2,Weekly,2.7,Silent,0.9,1.5,2.0,3.3,7.2,53.0,2.1,Average
STU0138,7.72,0.0,0.0,95.2,86.8,95.4,95.0,6.7,NaN,-0.1,Silent,NaN,1.5,5.0,4.8,7.1,20.0,6.7,Good
STU0881,7.79,0.0,0.0,97.5,86.5,74.8,73.1,7.1,WEEKLY,1.7, Silent ,0.4,2.9,6.0,6.0,8.2,14.0,6.4,Good
STU1977,6.48,2.0,1.0,65.4,78.2,71.3,66.1,2.8,weekly,2.4,keep away,NaN,1.1,1.0,1.5,6.5,NaN,3.7,Average
STU1582,6.87,1.0,1.0,68.7,69.1,65.4,66.1,3.4,Monthly,2.8,Silent,0.5,1.4,1.0,3.5,6.0,34.0,2.1,Average
STU4794,9.8,0.0,0.0,90.1,96.3,98.4,69.6,7.1,WEEKLY,2.0,Silent,0.5,1.0,4.0,NaN,7.2,5.0,5.3,Good
STU1098,8.3,0.0,0.0,77.3,88.6,75.8,86.9,6.9,Weekly,1.2,Silent,NaN,1.8,3.0,7.2,7.5,23.0,5.9,Good
STU6446,7.46,1.0,1.0,59.0,82.9,68.4,NaN,4.1,Weekly,3.6,ACTIVELY USE,1.9,0.7,1.0,3.3,7.0,55.0,1.8,At-Risk
STU6926,6.1,2.0,2.0,72.0,67.3,63.4,61.1,2.6,Weekly,3.3,NaN,0.7,1.2,NaN,1.1,6.0,36.0,3.6,At-Risk
STU1393,4.85,3.0,2.0,30.7,56.6,48.9,39.5,1.0,Only Before Exam,6.8,Silent,2.3,0.5,1.0,1.8,6.9,87.0,1.9,At-Risk
STU2084,9.32,0.0,0.0,97.5,97.1,95.5,71.4,4.0, Weekly ,1.3,keep away,1.0,2.0,5.0,3.3,7.5,21.0,4.0,Good
STU1267,8.21,0.0,0.0,NaN,87.4,NaN,96.6,7.5,Weekly,0.3,KEEP AWAY,0.5,2.3,NaN,5.6,7.9,2.0,3.8,Good
STU4232,7.05,1.0,1.0,61.0,73.1,57.0,58.8,2.8, Monthly ,3.8,Silent,0.8,0.7,1.0,1.7,7.5,25.0,2.5,Average
STU5266,8.61,0.0,0.0,80.2,85.7,82.3,88.6,7.7,Weekly,1.2,Keep Away,0.2,1.7,4.0,5.6,7.3,9.0,6.3,Good
STU2575,9.01,0.0,0.0,84.1,94.3,91.0,82.9,6.0,Daily,NaN,Keep Away,0.9,2.6,5.0,3.1,7.3,NaN,6.4,Good
STU2136,5.08,3.0,1.0,43.2,38.8,NaN,25.7,0.4,monthly,6.8,Silent,2.9,NaN,1.0,1.4,4.6,110.0,1.0,At-Risk
STU1504,6.43,2.0,2.0,68.1,76.7,62.4,58.2,3.7,Weekly,2.6,ACTIVELY USE,NaN,1.3,NaN,3.0,NaN,45.0,1.4,Average
STU5459,3.38,2.0,2.0,56.2,24.7,39.1,26.6,0.8,Never,4.3,actively use,3.5,NaN,1.0,1.7,6.0,103.0,1.5,At-Risk
STU6629,7.72,0.0,0.0,NaN,86.4,90.0,90.1,7.5,Daily,0.5,Keep Away,0.8,NaN,6.0,7.1,7.1,NaN,4.9,Good
STU3368,9.4,0.0,0.0,93.9,98.3,97.1,94.0,5.2,Weekly,0.9,keep away,0.3,NaN,5.0,7.5,8.2,15.0,6.1,Good
STU3730,8.5,0.0,0.0,96.4,89.9,83.1,77.3,5.5,Daily,0.4,SILENT,0.6,1.1,2.0,7.0,7.2,20.0,5.5,Good
STU0149,9.22,0.0,0.0,NaN,92.2,96.6,70.1,7.5,DAILY,1.0,Keep Away,NaN,2.3,6.0,7.5,8.2,9.0,5.5,Good
STU0304,5.3,3.0,3.0,32.8,31.5,24.1,29.3,1.5,Never,5.3,SILENT,2.9,NaN,0.0,NaN,5.4,97.0,0.9,At-Risk
STU5114,5.52,1.0,1.0,70.9,76.8,55.5,49.6,2.5,Weekly,2.3,Actively Use,1.9,1.0,0.0,3.9,6.7,59.0,2.7,At-Risk
STU1925,5.09,4.0,3.0,49.3,48.0,21.6,32.4,2.0,Monthly,4.1,Actively Use,1.1,0.4,0.0,1.4,5.3,46.0,0.9,At-Risk
STU5149,6.5,2.0,NaN,66.0,69.0,50.6,NaN,2.6,MONTHLY,3.1,Keep Away,NaN,1.0,1.0,1.5,7.2,39.0,2.0,Average
STU7080,6.33,2.0,2.0,57.0,81.7,55.8,51.9,2.1,Weekly,3.5,Silent,1.5,0.6,0.0,2.6,6.2,46.0,2.2,At-Risk
STU2638,7.53,0.0,0.0,79.8,92.9,91.2,88.1,6.5,Weekly,1.4,Keep Away,0.1,NaN,5.0,6.6,8.3,6.0,4.8,Good
STU7008,NaN,0.0,0.0,77.0,84.2,96.0,99.9,5.6,Weekly,1.0,Keep Away,0.7,2.5,2.0,5.4,8.1,17.0,5.6,Good
STU1905,8.53,0.0,0.0,89.8,97.1,NaN,79.3,6.4,NaN,0.8,Keep Away,0.8,2.3,4.0,4.2,7.1,28.0,5.5,Good
STU6911,7.13,2.0,1.0,70.0,73.6,61.7,54.6,3.7,weekly,2.3,keep away,NaN,NaN,1.0,1.8,7.5,45.0,3.2,Average
STU4295,9.77,0.0,0.0,96.0,93.1,99.1,80.9,6.1,weekly,0.0,Silent,0.9,NaN,4.0,5.0,7.2,6.0,4.4,Good
STU3843,3.17,3.0,3.0,41.0,32.9,34.2,28.0,0.1,Never,3.3,Silent,2.1,0.3,0.0,1.7,4.7,61.0,0.1,At-Risk
STU6572,NaN,0.0,0.0,81.4,85.0,78.8,78.9,7.8,Weekly,NaN,Silent,0.8,2.2,4.0,3.8,7.7,9.0,5.0,Good
STU1769,4.71,4.0,4.0,56.1,56.4,44.4,29.4,1.2,Only Before Exam,7.5,Silent,3.7,0.3,1.0,1.9,5.4,87.0,0.3,At-Risk
STU2876,6.09,2.0,1.0,60.9,75.5,61.3,70.3,3.5,NaN,3.4,Keep Away,1.8,1.3,1.0,2.0,NaN,50.0,2.7,At-Risk
STU2241,7.83,0.0,0.0,78.7,89.6,69.4,90.8,6.7,Weekly,0.7,keep away,0.6,2.1,6.0,NaN,7.7,1.0,6.6,Good
STU4501,7.52,0.0,0.0,90.9,99.1,83.6,80.5,6.8,Weekly,0.7,silent,0.4,1.5,6.0,4.7,8.3,21.0,NaN,Good
STU7389,9.59,0.0,0.0,80.2,90.3,87.5,73.1,NaN, Weekly ,0.2,Keep Away,0.7,2.3,6.0,6.5,7.8,19.0,4.5,Good
STU7413,6.68,1.0,1.0,70.8,63.8,55.4,NaN,2.5,Monthly,2.9,Actively Use,0.8,NaN,1.0,3.6,6.5,17.0,2.8,Average
STU0484,5.77,2.0,1.0,73.9,80.0,51.1,56.5,2.2,Monthly,2.6,Actively Use,1.7,0.9,2.0,1.3,6.6,58.0,3.9,At-Risk
STU5279,7.89,0.0,0.0,79.2,85.5,85.6,76.2,NaN,Weekly,1.3,Keep Away,0.4,2.8,4.0,6.8,7.4,28.0,3.5,Good
STU5436,6.49,2.0,1.0,64.0,79.0,58.9,56.5,3.6,Monthly,NaN,Silent,0.6,1.4,1.0,2.3,6.6,24.0,1.1,Average
STU1281,9.72,0.0,0.0,77.2,86.4,NaN,95.5,4.1,Weekly,1.6,Keep Away,0.5,1.0,5.0,5.0,7.3,23.0,5.5,Good
STU5128,9.07,0.0,0.0,90.0,89.1,83.2,97.6,7.5,Daily,1.4,Keep Away,0.6,1.4,5.0,7.8,8.5,13.0,4.5,Good
STU3681,4.84,2.0,1.0,35.6,45.9,33.5,23.4,0.8, Never ,4.5,Actively Use,1.4,0.8,1.0,1.0,5.1,56.0,1.0,At-Risk
STU0792,3.87,3.0,3.0,39.0,45.0,NaN,33.0,0.8,MONTHLY,7.8, Actively Use ,1.9,0.5,0.0,1.5,5.6,56.0,1.9,At-Risk
STU4896,6.75,2.0,1.0,67.8,79.0,58.9,70.2,NaN,Weekly,3.7,Keep Away,1.9,1.4,2.0,NaN,7.9,32.0,1.8,Average
STU1202,9.03,0.0,0.0,81.0,NaN,87.9,91.7,6.2,Weekly,2.0,Silent,0.2,2.9,4.0,5.7,8.2,17.0,3.4,Good
STU4519,9.14,0.0,0.0,91.2,92.9,80.3,95.3,7.7,daily,2.0,Keep Away,0.6,1.2,5.0,3.4,7.7,4.0,NaN,Good
STU3913,NaN,0.0,NaN,89.5,98.3,76.9,90.1,5.0,NaN,0.4,Keep Away,0.4,1.8,3.0,6.8,7.8,12.0,3.3,Good
STU2363,9.1,0.0,0.0,81.6,87.2,98.0,69.5,NaN,Weekly,1.9,Keep Away,0.7,2.1,5.0,4.0,8.7,24.0,3.8,Good
STU7385,7.66,0.0,0.0,77.1,93.9,98.4,73.5,8.0,Daily,0.9,keep away,0.5,2.8,4.0,4.4,8.3,25.0,4.3,Good
STU3070,4.04,3.0,2.0,48.4,50.5,26.6,NaN,1.4,Never,7.8,Actively Use,4.1,1.0,0.0,1.2,6.9,75.0,1.4,At-Risk
STU3430,4.55,5.0,1.0,51.3,41.9,35.5,30.8,2.1,Never,5.5,Actively Use,3.2,0.5,NaN,0.6,4.7,56.0,0.1,At-Risk
STU5980,9.83,0.0,0.0,77.5,100.7,87.8,90.0,5.5,WEEKLY,0.4,Keep Away,0.9,1.9,2.0,5.4,9.0,13.0,4.3,Good
STU7355,6.29,1.0,1.0,64.1,NaN,63.3,64.7,1.9,Weekly,3.0,Keep Away,0.6,1.4,0.0,NaN,6.0,28.0,3.6,Average
STU7178,9.1,0.0,0.0,NaN,85.9,97.1,75.4,5.9,Daily,1.5,Keep Away,0.5,1.0,4.0,7.7,7.1,26.0,3.4,Good
STU5576,9.42,0.0,0.0,92.6,96.1,97.7,77.9,7.8,weekly,1.7,Keep Away,0.5,2.4,2.0,5.1,8.4,3.0,5.2,Good
STU2592,6.74,NaN,1.0,55.2,82.3,55.5,71.2,2.9,NaN,3.1,Silent,0.6,0.8,2.0,3.4,7.1,NaN,3.7,Average
STU6025,5.65,2.0,1.0,65.1,65.0,65.7,56.5,3.7,MONTHLY,3.9,actively use,1.8,1.0,1.0,3.4,7.1,31.0,1.6,At-Risk
STU2711,8.47,0.0,0.0,78.9,98.2,93.2,79.1,7.5,DAILY,1.2,keep away,0.5,1.0,4.0,4.9,8.4,10.0,3.4,Good
STU5717,7.62,0.0,0.0,97.7,93.5,88.7,78.7,7.7,Weekly,1.4,Silent,0.9,NaN,6.0,5.9,8.2,6.0,3.5,Good
STU1530,5.39,2.0,2.0,37.0,29.9,46.1,41.9,1.8,NaN,3.3,Silent,3.5,0.1,1.0,NaN,4.5,72.0,NaN,At-Risk
STU4999,8.59,0.0,0.0,84.9,99.9,76.9,93.6,5.8,daily,0.8,Silent,0.2,2.3,6.0,4.7,8.6,10.0,6.9,Good
STU2810,7.16,2.0,2.0,75.8,82.5,64.7,55.3,2.6,weekly,3.0,Keep Away,1.4,1.3,2.0,1.7,6.4,26.0,2.4,Average
STU0686,9.68,0.0,0.0,81.1,85.5,NaN,79.8,6.0,Weekly,0.6,Keep Away,0.1,2.2,2.0,NaN,7.4,28.0,4.8,Good
STU1552,9.01,0.0,0.0,86.2,95.8,87.7,82.7,NaN,Daily,0.9,KEEP AWAY,0.2,NaN,6.0,6.1,7.9,21.0,4.9,Good
STU4256,5.47,3.0,2.0,34.7,40.7,44.4,26.3,0.2,Never,6.0,Actively Use,3.8,0.0,0.0,0.9,5.4,51.0,0.5,At-Risk
STU5096,7.89,0.0,0.0,99.3,86.2,95.2,88.1,6.7, Weekly ,1.4,Keep Away,0.9,2.3,4.0,7.2,7.4,19.0,6.5,Good
STU3872,8.78,NaN,0.0,96.7,NaN,83.6,76.9,NaN,Weekly,1.9,Keep Away,0.1,2.5,2.0,4.7,7.6,21.0,6.8,Good
STU5123,9.77,0.0,0.0,82.0,91.6,75.4,NaN,7.5,NaN,1.2,keep away,0.3,1.5,4.0,4.1,8.2,28.0,5.9,Good
STU0561,9.43,0.0,0.0,78.2,98.4,81.5,87.6,4.3,weekly,1.0,Silent,0.1,NaN,6.0,7.0,NaN,22.0,3.9,Good
STU2251,5.16,5.0,3.0,29.6,51.6,28.9,36.9,0.1,Only Before Exam,7.6,Actively Use,4.0,0.9,1.0,NaN,4.7,68.0,0.6,At-Risk
STU6939,9.64,0.0,0.0,91.5,98.9,98.0,91.7,4.5,WEEKLY,0.5,Silent,0.3,1.9,3.0,5.9,8.4,25.0,3.3,Good
STU3501,5.37,5.0,3.0,53.5,29.1,NaN,51.7,0.6,monthly,7.8,Actively Use,3.6,0.1,0.0,0.7,5.5,106.0,1.7,At-Risk
STU2690,4.51,4.0,1.0,42.8,45.3,36.6,50.4,0.3,Never,4.2,Actively Use,1.2,0.7,0.0,1.1,4.3,113.0,0.7,At-Risk
STU4209,3.42,2.0,1.0,32.2,25.0,48.9,46.4,1.9,monthly,7.2,Actively Use,4.5,NaN,1.0,1.9,6.3,NaN,0.9,At-Risk
STU7231,NaN,0.0,0.0,80.3,96.3,87.7,NaN,4.9,Daily,1.2,Silent,0.1,1.3,2.0,4.9,8.2,1.0,5.9,Good
STU3380,9.94,0.0,0.0,81.2,88.0,85.9,85.3,5.5,Daily,1.0,Keep Away,0.2,1.2,5.0,5.9,8.9,22.0,3.6,Good
STU3194,4.06,2.0,2.0,45.1,21.7,36.8,31.8,1.3,Never,6.9,silent,3.7,0.5,1.0,0.4,6.6,42.0,0.7,At-Risk
STU1447,4.64,3.0,2.0,33.7,28.3,29.5,27.9,0.6,Never,7.2,Silent,NaN,0.6,0.0,NaN,6.7,42.0,0.4,At-Risk
STU1953,5.01,2.0,2.0,51.4,22.9,34.9,23.2,NaN,Monthly,7.8,Silent,3.0,NaN,0.0,0.1,5.2,40.0,1.3,At-Risk
STU0923,3.08,3.0,2.0,34.2,NaN,29.5,36.6,0.9, Monthly ,4.0,Silent,4.6,0.4,0.0,0.1,4.8,101.0,1.1,At-Risk
STU1625,4.28,4.0,3.0,37.5,56.7,50.8,NaN,0.7,Never,5.0,Actively Use,2.0,0.9,0.0,1.8,5.3,46.0,1.3,At-Risk
STU0311,8.36,0.0,0.0,95.5,99.0,74.7,80.1,7.6,Daily,-0.1,Silent,0.1,1.3,3.0,6.0,7.4,29.0,6.9,Good
STU1320,8.15,0.0,0.0,76.5,98.2,NaN,83.3,4.5,WEEKLY,1.8, Keep Away ,0.6,2.8,6.0,5.5,8.9,20.0,6.6,Good
STU3532,6.88,2.0,2.0,60.0,80.6,46.8,69.2,2.0,Monthly,3.6,Silent,0.6,0.9,0.0,2.9,6.2,27.0,2.3,At-Risk
STU1664,9.43,0.0,0.0,97.3,89.5,81.4,87.6,5.2,Daily,1.5,Silent,0.9,1.3,NaN,NaN,8.4,14.0,4.1,Good
STU0816,6.23,1.0,1.0,63.3,78.3,67.0,60.4,3.6,Monthly,2.3,Keep Away,0.8,1.0,0.0,1.1,NaN,15.0,NaN,Average
STU6731,9.38,0.0,0.0,75.6,92.7,92.3,96.0,4.7,DAILY,0.5,Keep Away,0.2,2.9,4.0,NaN,8.5,23.0,6.9,Good
STU2267,5.37,2.0,2.0,34.3,43.8,33.2,42.8,NaN,Monthly,5.2,Actively Use,3.8,0.4,0.0,0.1,6.2,75.0,1.0,At-Risk
STU1474,4.71,2.0,2.0,28.7,44.7,27.3,35.4,1.5,Never,6.6,Silent,1.5,0.6,0.0,1.9,4.6,88.0,1.7,At-Risk
STU1774,6.6,1.0,1.0,66.2,62.8,51.5,56.0,3.1,WEEKLY,3.2,SILENT,1.8,0.8,1.0,NaN,7.5,48.0,NaN,Average
STU4776,7.67,0.0,0.0,77.1,88.6,82.9,97.8,5.9,Daily,1.6,SILENT,0.9,1.5,3.0,3.7,7.5,NaN,6.5,Good
STU6853,6.94,2.0,1.0,64.6,73.5,59.6,67.4,2.2,Monthly,3.7,Keep Away,2.0,0.9,2.0,1.6,6.3,48.0,2.0,At-Risk
STU1094,3.83,3.0,1.0,42.4,59.3,25.5,40.1,-0.1,Only Before Exam,3.3,SILENT,3.2,0.1,0.0,0.0,4.4,80.0,1.1,At-Risk
STU4177,8.77,0.0,0.0,85.0,87.8,80.9,NaN,7.4,Weekly,0.2,KEEP AWAY,0.2,2.3,4.0,3.3,8.2,2.0,4.3,Good
STU1951,4.13,2.0,NaN,41.7,42.3,42.3,36.2,0.1,never,6.4,actively use,4.2,0.3,0.0,1.3,4.5,91.0,0.7,At-Risk
STU3885,8.7,0.0,0.0,94.2,95.2,93.1,76.5,NaN,Daily,1.1,keep away,0.5,1.8,4.0,NaN,7.0,NaN,3.7,Good
STU6707,9.4,NaN,0.0,82.1,NaN,71.5,87.7,7.0,Weekly,0.8,Keep Away,0.4,1.7,5.0,NaN,7.6,11.0,5.4,Good
STU6938,8.65,0.0,0.0,91.6,96.6,92.2,72.6,4.7,Daily,0.2,Keep Away,NaN,2.0,3.0,4.1,NaN,26.0,3.1,Good
STU2801,9.95,NaN,0.0,96.3,97.9,76.1,72.9,5.8,Daily,1.1,NaN,0.9,1.5,5.0,5.4,8.3,7.0,4.8,Good
STU1240,3.31,3.0,3.0,39.4,31.9,30.9,29.6,1.3,Monthly,6.8,ACTIVELY USE,3.4,0.0,0.0,1.9,6.1,115.0,0.1,At-Risk
STU0330,5.83,1.0,1.0,61.2,62.8,66.2,66.9,1.7,Weekly,2.5,Keep Away,1.8,1.4,1.0,2.3,6.2,37.0,1.1,Average
STU3103,3.41,4.0,1.0,50.4,35.2,46.5,NaN,1.9,Never,6.6,actively use,3.0,0.3,1.0,1.9,6.4,83.0,0.8,At-Risk
STU0243,8.81,0.0,0.0,76.5,98.1,76.1,77.0,5.0,Daily,0.5,Silent,0.0,2.5,2.0,7.8,7.4,15.0,5.7,Good
STU6952,9.39,0.0,0.0,84.5,89.3,97.6,82.3,6.8,Daily,1.4,Silent,0.8,1.6,6.0,7.4,8.4,22.0,4.2,Good
STU4738,7.72,0.0,0.0,92.7,98.8,80.0,78.6,7.5,Daily,1.7,Silent,1.0,2.3,5.0,6.7,8.6,15.0,6.2,Good
STU4793,8.38,0.0,0.0,80.0,93.0,96.0,81.6,4.8,Daily,1.1,Keep Away,0.8,1.0,3.0,5.8,8.7,25.0,3.9,Good
STU2258,5.61,NaN,1.0,59.3,79.1,52.2,53.4,NaN, Monthly ,3.6,Keep Away,1.7,1.4,2.0,NaN,6.1,34.0,2.5,Average
STU2819,NaN,0.0,0.0,89.9,89.8,83.4,88.0,6.5,Weekly,1.3,KEEP AWAY,0.7,NaN,2.0,4.0,8.4,29.0,4.6,Good
STU3825,5.72,2.0,1.0,70.4,80.6,55.6,58.9,2.6,Weekly,3.6,SILENT,NaN,0.6,1.0,2.1,7.8,60.0,2.4,At-Risk
STU0754,3.27,5.0,1.0,47.7,50.0,28.0,25.4,0.5,Only Before Exam,NaN,Silent,2.0,0.5,1.0,0.1,5.1,102.0,1.1,At-Risk
STU4532,9.48,0.0,0.0,93.1,91.8,95.6,77.5,7.1,Daily,0.8,Keep Away,0.0,2.5,6.0,7.4,8.0,7.0,4.8,Good
STU1564,5.95,2.0,2.0,59.3,75.2,62.6,51.2,NaN,Monthly,2.7,Silent,1.0,1.4,1.0,NaN,7.2,54.0,2.0,At-Risk
STU1935,8.73,0.0,0.0,93.4,NaN,NaN,87.5,5.3,Daily,1.1,Silent,0.4,2.3,3.0,5.4,7.1,23.0,5.6,Good
STU7117,3.58,2.0,1.0,54.8,28.9,19.2,49.2,1.2,Never,7.7,Actively Use,3.9,0.2,0.0,1.7,4.4,74.0,1.0,At-Risk
STU3494,5.08,4.0,4.0,33.0,26.8,25.0,25.4,0.6,Monthly,7.3,Silent,NaN,0.0,1.0,NaN,4.3,112.0,1.3,At-Risk
STU3023,4.99,3.0,NaN,34.3,27.3,41.3,39.3,1.1,Never,6.9,Silent,4.4,0.2,1.0,1.1,6.6,47.0,1.7,At-Risk
STU5809,9.38,0.0,0.0,96.4,91.6,74.3,73.2,4.8,Weekly,2.1,Keep Away,0.2,1.2,5.0,6.9,8.1,28.0,5.1,Good
STU4648,7.54,0.0,0.0,79.3,88.2,NaN,90.0,7.8,Daily,-0.1,Keep Away,0.1,NaN,6.0,6.4,7.8,4.0,7.0,Good
STU2649,3.24,2.0,2.0,34.3,47.7,36.1,40.2,0.5,NaN,6.4,Actively Use,1.7,0.5,0.0,1.9,5.8,93.0,0.1,At-Risk
STU1857,9.04,0.0,0.0,97.9,96.0,84.6,79.8,8.4,Weekly,1.4, Keep Away ,0.4,2.1,5.0,5.1,8.8,13.0,4.9,Good
STU4698,7.58,0.0,0.0,81.5,87.3,98.8,75.7,NaN, Weekly ,0.3,Keep Away,0.9,2.0,2.0,4.2,8.4,5.0,6.4,Good
STU3564,5.21,3.0,3.0,41.0,30.1,27.6,41.1,0.4, Only Before Exam ,6.0,Actively Use,3.6,NaN,0.0,1.4,6.2,56.0,NaN,At-Risk
STU1965,9.2,0.0,0.0,82.6,91.2,86.5,99.2,5.6,NaN,NaN,Silent,NaN,1.5,3.0,5.0,8.3,12.0,5.1,Good
STU1014,3.03,NaN,4.0,31.4,38.5,24.5,31.7,1.3,Only Before Exam,5.5,Actively Use,1.9,0.3,1.0,1.2,6.6,115.0,1.5,At-Risk
STU5835,7.15,1.0,1.0,67.6,74.5,64.3,50.2,2.2,Monthly,3.2,Actively Use,1.0,NaN,2.0,NaN,7.2,21.0,3.4,Average
STU1428,6.47,2.0,2.0,67.2,65.4,57.4,56.2,3.5,Weekly,NaN,ACTIVELY USE,NaN,1.1,2.0,NaN,8.1,NaN,3.9,Average
STU6109,8.59,0.0,0.0,82.8,96.5,95.3,97.0,5.6,Daily,1.5,Keep Away,0.9,2.8,6.0,5.5,7.8,20.0,NaN,Good
STU3323,5.32,4.0,1.0,34.0,51.4,34.4,25.1,0.6,Never,3.9,Actively Use,1.5,0.2,0.0,1.7,4.2,79.0,1.9,At-Risk
STU5483,9.28,0.0,0.0,93.2,93.6,94.0,70.2,6.1,DAILY,1.1,Keep Away,0.2,2.1,3.0,5.3,7.9,11.0,3.5,Good
STU1296,4.04,3.0,1.0,39.4,22.7,42.0,43.5,1.3,MONTHLY,6.1,Actively Use,2.0,0.0,0.0,1.6,5.5,88.0,NaN,At-Risk
STU0467,5.63,1.0,1.0,NaN,70.8,60.3,59.3,3.2,Monthly,3.3,Actively Use,1.6,NaN,0.0,NaN,6.3,50.0,3.0,At-Risk
STU4029,7.84,NaN,0.0,88.6,87.5,84.3,96.4,6.1,Daily,1.4,Silent,0.3,2.6,4.0,6.7,7.6,27.0,4.3,Good
STU5596,8.6,0.0,0.0,90.8,96.7,93.1,69.5,4.8,DAILY,1.8,Silent,0.4,1.0,3.0,4.0,8.9,26.0,4.2,Good
STU0175,5.06,5.0,3.0,40.7,51.6,47.8,25.2,1.0,Never,4.4,Silent,4.2,0.6,0.0,1.3,6.4,82.0,0.8,At-Risk
STU4881,9.82,0.0,0.0,82.2,90.4,79.9,81.7,6.5,Daily,1.1,Keep Away,0.7,2.0,6.0,3.8,9.0,0.0,4.0,Good
STU0278,4.95,4.0,1.0,46.3,51.6,34.3,24.7,NaN,Only Before Exam,6.0,Actively Use,4.0,0.2,1.0,0.4,6.7,62.0,1.5,At-Risk
STU1070,8.44,0.0,0.0,78.0,90.3,75.1,79.4,5.9,Weekly,0.4,Silent,0.7,2.8,3.0,5.0,7.4,10.0,4.1,Good
STU1549,4.73,3.0,2.0,39.9,24.1,25.7,29.0,NaN,Never,3.5,Silent,4.3,0.8,1.0,0.4,6.1,64.0,1.3,At-Risk
STU1025,7.7,0.0,0.0,74.8,89.8,82.3,100.1,NaN,WEEKLY,0.4,Silent,0.9,2.0,5.0,NaN,7.1,4.0,4.5,Good
STU5562,5.7,1.0,1.0,63.7,82.1,52.9,66.9,2.2,Monthly,2.2,Actively Use,1.9,0.7,1.0,2.4,6.8,15.0,1.4,At-Risk
STU5037,5.77,1.0,1.0,68.4,70.3,56.6,60.9,3.5,NaN,4.0,keep away,1.1,1.0,2.0,NaN,7.1,15.0,1.1,Average
STU2835,9.29,0.0,0.0,80.4,85.8,86.3,NaN,4.0,Weekly,1.6,Keep Away,0.5,2.7,4.0,7.2,NaN,28.0,6.1,Good
STU1467,3.57,4.0,2.0,34.1,50.0,42.3,22.3,0.1,Monthly,7.1,Actively Use,4.1,0.3,1.0,1.3,4.6,55.0,1.0,At-Risk
STU5420,8.0,0.0,0.0,91.7,90.6,81.9,91.0,NaN, Daily ,1.5,NaN,0.3,2.6,4.0,4.5,7.3,13.0,4.6,Good
STU5496,8.35,0.0,0.0,82.6,98.9,83.2,99.1,8.2,Daily,0.2,Keep Away,0.6,2.1,2.0,7.3,8.4,12.0,5.4,Good
STU6735,8.12,0.0,0.0,84.9,98.0,76.2,88.3,6.4,Weekly,1.9,Silent,0.4,1.4,6.0,3.9,7.5,22.0,4.1,Good
STU5546,9.52,0.0,0.0,93.3,87.7,77.0,79.0,6.9,WEEKLY,NaN,Keep Away,0.6,NaN,5.0,5.1,8.1,14.0,3.3,Good
STU5003,8.77,0.0,0.0,98.1,97.4,78.4,NaN,5.4,Weekly,0.4,keep away,0.2,1.3,4.0,NaN,8.3,7.0,5.4,Good
STU1714,6.31,2.0,2.0,67.4,NaN,54.0,53.0,2.5,Weekly,3.1,Keep Away,1.7,1.1,2.0,2.7,7.5,55.0,2.0,Average
STU3425,4.15,4.0,2.0,41.6,41.5,41.5,NaN,1.0,Only Before Exam,6.9,Actively Use,4.7,0.9,0.0,1.0,5.7,NaN,1.1,At-Risk
STU2612,NaN,0.0,0.0,77.7,98.1,81.5,NaN,5.9,Weekly,NaN,Keep Away,0.3,2.8,NaN,3.3,7.2,18.0,5.8,Good
STU5992,8.81,0.0,0.0,87.0,90.7,72.2,66.8,5.1,Weekly,0.2, Keep Away ,NaN,1.5,6.0,7.1,NaN,25.0,5.5,Good
STU0389,7.17,1.0,1.0,67.7,63.5,65.3,58.3,3.4,Weekly,2.8,Actively Use,1.7,1.3,2.0,3.1,6.0,31.0,3.5,Average
STU2071,8.19,0.0,0.0,81.5,99.4,89.5,73.5,5.3,Daily,1.6, Silent ,0.0,1.0,2.0,4.4,8.9,4.0,6.6,Good
STU3971,9.41,0.0,0.0,NaN,88.2,97.8,72.3,6.0,Daily,-0.1,silent,0.1,NaN,6.0,NaN,7.4,4.0,6.5,Good
STU6565,3.39,3.0,2.0,45.6,59.8,43.1,37.3,0.8,NaN,3.8,Actively Use,2.7,0.6,1.0,1.2,5.7,95.0,1.6,At-Risk
STU6269,5.86,2.0,1.0,62.6,75.8,66.6,53.0,3.6,Monthly,2.5,Actively Use,1.5,NaN,1.0,2.5,7.7,40.0,1.3,At-Risk
STU3496,9.01,0.0,0.0,89.8,95.2,101.2,81.0,6.3,Weekly,1.6,silent,0.6,1.8,6.0,6.1,8.3,25.0,5.3,Good
STU2822,4.09,5.0,3.0,52.2,27.3,25.1,41.2,NaN,Only Before Exam,4.8,Actively Use,3.7,0.3,0.0,1.1,4.9,61.0,1.6,At-Risk
STU4977,6.43,2.0,2.0,71.3,64.2,58.9,51.1,NaN,weekly,4.2,Actively Use,1.8,0.8,1.0,1.7,6.7,NaN,1.9,At-Risk
STU1425,6.56,2.0,2.0,74.2,63.8,65.2,69.0,2.2,Weekly,3.8,Actively Use,NaN,1.2,2.0,NaN,6.6,33.0,1.1,At-Risk
STU3543,5.77,1.0,1.0,64.4,70.7,63.1,59.9,2.0,Monthly,2.5,Keep Away,NaN,1.0,1.0,3.7,8.1,29.0,3.8,Average
STU7297,8.58,0.0,0.0,97.5,97.6,69.0,NaN,6.0,Daily,1.4,Keep Away,0.7,1.5,3.0,4.0,7.0,27.0,6.4,Good
STU3575,7.68,0.0,0.0,83.1,87.6,95.7,90.1,5.9,Weekly,1.8,Keep Away,0.2,NaN,3.0,6.6,7.0,NaN,4.5,Good
STU0051,7.92,0.0,NaN,82.4,86.2,73.7,72.1,NaN,NaN,0.5,Keep Away,0.4,2.0,NaN,6.5,7.1,12.0,6.2,Good
STU1888,4.8,4.0,3.0,29.2,59.1,27.1,NaN,0.7,Only Before Exam,3.2,Actively Use,2.9,0.5,1.0,NaN,6.2,80.0,NaN,At-Risk
STU5799,7.13,1.0,1.0,59.1,77.5,67.4,60.2,3.1,Monthly,3.8,Keep Away,NaN,1.5,2.0,1.8,NaN,50.0,2.8,Average
STU3696,3.55,4.0,1.0,32.6,55.2,37.2,23.8,0.9,Monthly,7.5,Actively Use,1.3,0.1,1.0,0.5,6.0,95.0,0.4,At-Risk
STU4230,4.62,3.0,3.0,50.0,38.8,47.2,21.8,1.1,Never,5.1,Actively Use,3.7,0.1,0.0,0.2,6.6,60.0,0.6,At-Risk
STU5202,8.02,0.0,0.0,96.6,95.8,72.8,93.6,3.9,weekly,0.5,NaN,0.6,1.9,6.0,7.2,8.3,28.0,NaN,Good
STU4800,6.18,1.0,1.0,57.7,64.9,55.6,62.2,2.1,monthly,2.5,Actively Use,1.5,NaN,NaN,1.5,6.5,17.0,3.2,At-Risk
STU0483,3.04,5.0,3.0,52.2,33.8,44.1,51.4,0.5,Monthly,4.1,Silent,3.7,NaN,0.0,1.8,5.6,104.0,1.6,At-Risk
STU3394,8.07,0.0,0.0,82.1,92.0,80.0,70.5,6.5,Daily,1.8,SILENT,0.6,2.9,5.0,NaN,8.5,3.0,5.0,Good
STU5242,5.66,2.0,1.0,55.9,73.7,63.9,55.0,2.4,NaN,NaN,Silent,1.8,0.8,2.0,2.1,7.6,54.0,3.9,Average
STU6135,NaN,1.0,1.0,62.5,68.1,62.0,59.3,2.5,Weekly,4.0,Actively Use,1.9,1.3,2.0,2.7,7.9,31.0,NaN,Average
STU2252,4.22,2.0,NaN,47.8,59.2,30.9,39.8,2.0,Never,3.5,NaN,4.5,0.4,1.0,1.5,4.8,111.0,0.7,At-Risk
STU4163,3.44,5.0,2.0,30.5,38.7,NaN,32.4,2.0, Never ,4.6,Actively Use,3.8,0.3,1.0,0.6,4.8,40.0,NaN,At-Risk
STU2314,8.33,NaN,0.0,75.0,98.9,85.0,90.5,5.7,Weekly,0.6, Silent ,0.2,2.5,2.0,6.5,7.8,NaN,4.3,Good
STU2850,7.89,0.0,0.0,92.4,92.7,95.7,74.9,5.1,Daily,0.4,SILENT,0.9,1.9,5.0,NaN,7.5,23.0,3.5,Good
STU6958,9.74,0.0,0.0,86.8,97.1,79.8,83.6,4.6,Daily,1.9,Silent,0.0,NaN,3.0,4.7,8.5,26.0,5.0,Good
STU3104,3.42,5.0,2.0,48.3,59.0,30.3,43.3,0.6,Only Before Exam,7.8,actively use,4.0,NaN,1.0,0.6,5.8,118.0,1.2,At-Risk
STU5004,9.94,0.0,0.0,78.4,101.0,NaN,75.1,NaN,Daily,0.9,KEEP AWAY,0.3,1.4,5.0,4.3,9.2,2.0,4.2,Good
STU4128,8.65,0.0,0.0,91.7,95.8,72.9,82.7,6.7,Weekly,1.5,Keep Away,0.9,1.0,4.0,6.1,7.1,17.0,6.1,Good
STU3868,7.8,0.0,0.0,84.8,89.1,84.5,72.8,5.6,Daily,0.5,Keep Away,0.7,2.4,2.0,3.5,8.9,9.0,6.0,Good
STU2466,5.48,3.0,2.0,39.8,41.9,21.9,25.8,1.5,Monthly,4.5,Actively Use,2.2,0.4,1.0,1.9,4.4,69.0,NaN,At-Risk
STU2930,6.18,2.0,NaN,63.9,NaN,64.5,65.0,3.4,Monthly,2.6,KEEP AWAY,1.8,1.2,2.0,2.6,6.8,56.0,2.7,Average
STU7215,8.37,0.0,0.0,87.7,96.2,69.0,89.4,4.3,Daily,0.6, Silent ,0.8,2.3,2.0,6.1,7.5,7.0,5.7,Good
STU4107,8.28,0.0,0.0,83.6,98.1,93.4,77.8,4.5,weekly,1.4,Keep Away,0.4,1.4,3.0,3.6,7.1,1.0,4.7,Good
STU0065,6.18,2.0,1.0,69.9,60.7,64.8,54.4,2.4,NaN,3.5,actively use,0.7,0.7,0.0,3.2,7.4,23.0,2.9,Average
STU7035,9.91,0.0,0.0,90.4,93.4,83.4,83.4,4.4,NaN,0.2,Silent,NaN,2.2,2.0,7.9,8.7,7.0,6.4,Good
STU0777,9.27,0.0,0.0,83.9,91.0,73.5,95.2,5.3,Weekly,1.5,Silent,NaN,1.4,2.0,7.4,8.2,NaN,4.7,Good
STU4174,7.7,0.0,0.0,78.2,100.9,100.5,96.0,6.2,Weekly,2.0,Silent,0.1,2.9,3.0,4.8,8.6,18.0,NaN,Good
STU4588,5.95,2.0,1.0,74.6,69.1,59.5,NaN,3.1,Weekly,3.9,Actively Use,1.6,0.7,1.0,2.3,6.9,24.0,1.3,At-Risk
STU2735,7.96,0.0,0.0,82.9,88.1,89.9,88.4,7.8,Daily,1.7,Keep Away,0.3,1.3,5.0,NaN,8.9,18.0,5.7,Good
STU6930,5.35,5.0,2.0,40.8,55.5,29.0,47.7,0.8,Never,6.8,Actively Use,4.9,0.9,NaN,0.9,5.0,92.0,NaN,At-Risk
STU2581,9.69,0.0,0.0,91.4,95.5,73.7,73.2,7.4,Weekly,0.4,Silent,0.4,1.3,3.0,4.0,8.6,29.0,4.0,Good
STU6210,6.76,2.0,2.0,70.4,NaN,63.8,51.6,3.2,Weekly,2.3,Silent,1.3,0.6,1.0,2.0,7.9,NaN,NaN,At-Risk
STU4617,8.06,0.0,0.0,97.7,NaN,92.4,NaN,8.1,Daily,0.4,Keep Away,0.5,1.1,2.0,4.0,7.6,10.0,4.9,Good
STU3484,4.61,3.0,3.0,50.2,NaN,22.7,26.8,2.1,NaN,5.3,Actively Use,3.0,0.2,1.0,1.3,6.7,94.0,0.7,At-Risk
STU7258,9.91,NaN,0.0,82.7,92.1,94.7,78.6,6.7,Daily,1.3,Keep Away,0.1,1.4,6.0,5.3,9.0,17.0,5.9,Good
STU2345,7.81,0.0,0.0,89.7,90.4,81.5,84.9,7.9,Daily,0.6,Keep Away,NaN,2.2,NaN,4.2,7.3,13.0,3.2,Good
STU4688,NaN,0.0,0.0,88.5,87.7,70.4,94.9,7.5, Daily ,0.6,Keep Away,0.2,1.9,5.0,7.1,7.1,22.0,6.2,Good
STU2816,9.96,0.0,0.0,77.7,NaN,91.6,74.9,7.0,Weekly,1.8,silent,0.1,2.6,5.0,4.9,7.4,24.0,5.0,Good
STU6981,6.85,1.0,1.0,NaN,NaN,67.2,61.3,4.0,Monthly,3.4,ACTIVELY USE,0.7,NaN,1.0,2.4,6.9,40.0,1.8,At-Risk
STU5382,9.41,0.0,0.0,86.2,98.7,80.1,NaN,7.7,DAILY,-0.2,Keep Away,NaN,1.7,5.0,7.4,8.7,0.0,4.5,Good
STU5940,9.27,0.0,0.0,89.5,91.8,94.4,72.9,6.8,NaN,-0.2,Keep Away,0.0,2.9,2.0,5.6,7.7,5.0,NaN,Good
STU4027,7.67,0.0,0.0,81.5,89.6,78.3,97.1,6.2,Daily,NaN, Keep Away ,1.0,1.3,6.0,NaN,7.4,7.0,3.3,Good
STU0725,3.56,5.0,1.0,35.7,37.7,36.5,27.3,-0.0,NaN,5.5,Actively Use,3.4,1.0,0.0,1.2,5.4,64.0,1.1,At-Risk
STU6812,4.99,4.0,1.0,36.8,38.2,29.6,22.5,1.6,Monthly,7.1,Actively Use,4.9,0.2,0.0,1.4,4.5,82.0,0.9,At-Risk
STU6787,8.65,0.0,0.0,92.5,96.6,89.9,91.0,7.4, Daily ,0.8,Keep Away,0.2,NaN,2.0,3.8,7.5,20.0,6.6,Good
STU7378,5.59,2.0,1.0,71.8,63.7,62.9,57.2,3.3,Monthly,3.3,silent,0.8,0.8,0.0,2.8,7.7,15.0,3.9,Average
STU5309,7.04,1.0,1.0,64.1,61.0,52.7,NaN,3.9,Monthly,3.3,Keep Away,NaN,1.2,0.0,1.5,6.4,40.0,2.0,At-Risk
STU7313,6.2,2.0,2.0,64.6,65.5,63.8,63.3,2.6,MONTHLY,3.3,Actively Use,0.6,1.5,1.0,1.2,NaN,16.0,3.9,At-Risk
STU6396,9.91,0.0,0.0,83.8,89.3,100.1,75.7,5.1,Daily,0.3,Keep Away,0.6,NaN,2.0,NaN,8.6,4.0,5.7,Good
STU7380,7.82,0.0,0.0,93.4,94.7,93.5,80.1,NaN,Weekly,0.8,KEEP AWAY,0.8,2.6,4.0,NaN,8.1,4.0,3.5,Good
STU5734,8.61,0.0,0.0,80.5,84.5,94.5,84.0,6.9,Weekly,1.2,silent,0.9,2.5,5.0,NaN,8.6,4.0,4.1,Good
STU7246,9.86,0.0,0.0,80.5,90.7,100.8,75.8,4.2,weekly,0.5,Keep Away,0.2,2.3,6.0,4.4,7.1,30.0,6.6,Good
STU1736,9.81,0.0,0.0,77.7,97.3,86.4,89.8,5.1,Daily,1.8,Keep Away,0.3,2.2,2.0,8.0,8.7,9.0,5.1,Good
STU3125,7.58,0.0,0.0,102.2,NaN,88.6,99.7,6.1,Weekly,-0.1,KEEP AWAY,0.6,1.6,6.0,4.8,7.9,NaN,NaN,Good
STU4941,8.43,0.0,0.0,82.1,97.5,68.9,92.3,5.7,Weekly,1.3,Keep Away,NaN,1.2,2.0,7.9,7.1,29.0,3.6,Good
STU5079,8.34,0.0,0.0,82.1,93.9,90.1,79.9,5.1,Daily,0.3,KEEP AWAY,0.8,1.6,5.0,3.1,NaN,14.0,NaN,Good
STU4803,5.85,1.0,1.0,73.3,79.8,69.6,52.3,3.1,Monthly,3.7,Silent,1.4,1.2,1.0,1.4,5.9,27.0,1.3,At-Risk
STU5784,5.68,1.0,1.0,70.2,80.1,71.4,49.5,3.8,Weekly,NaN,Silent,1.6,1.4,0.0,3.0,6.8,45.0,2.6,At-Risk
STU5963,9.4,0.0,0.0,94.5,NaN,75.9,77.8,NaN,daily,0.8,Keep Away,0.5,NaN,4.0,5.5,9.1,6.0,5.7,Good
STU0274,9.61,0.0,NaN,88.8,92.0,94.0,77.7,4.6,Weekly,1.7,Keep Away,0.9,1.9,4.0,NaN,7.7,21.0,6.2,Good
STU5806,5.54,2.0,2.0,59.2,84.6,53.5,51.2,2.8,Weekly,2.4,Actively Use,NaN,0.8,2.0,1.6,8.0,19.0,2.0,At-Risk
STU2945,9.25,0.0,0.0,90.9,85.8,75.1,74.2,7.6,Weekly,0.4,Keep Away,0.6,2.0,5.0,5.7,7.3,15.0,NaN,Good
STU7087,7.15,2.0,1.0,58.0,83.5,67.3,51.8,2.5,Monthly,3.8,Keep Away,1.3,1.0,0.0,1.2,6.2,41.0,3.1,Average
STU5060,8.52,0.0,0.0,98.8,91.2,86.1,89.2,4.8,Weekly,0.4,Keep Away,0.9,1.6,4.0,6.2,7.5,1.0,5.7,Good
STU6780,9.47,0.0,0.0,88.2,85.3,92.8,97.2,4.5,Daily,NaN, Keep Away ,0.1,NaN,NaN,7.9,8.0,22.0,4.3,Good
STU7237,9.88,0.0,0.0,98.1,95.8,72.3,88.5,5.1,Weekly,2.0,Silent,0.4,NaN,4.0,6.2,7.5,20.0,5.1,Good
STU7376,7.78,0.0,0.0,80.0,93.3,91.2,90.6,6.7,Weekly,0.0,Silent,0.6,NaN,3.0,5.8,7.7,12.0,NaN,Good
STU6556,9.05,0.0,0.0,87.3,89.1,70.3,97.0,7.9,Weekly,0.2,keep away,0.6,1.6,4.0,NaN,NaN,13.0,6.1,Good
STU5579,6.54,2.0,1.0,56.4,65.2,54.1,67.3,2.7,MONTHLY,3.0,Silent,1.3,NaN,2.0,1.8,6.2,28.0,NaN,Average
STU5497,9.2,0.0,0.0,NaN,96.9,NaN,73.6,5.3,DAILY,0.3,Keep Away,0.5,1.0,4.0,5.3,7.7,24.0,3.8,Good
STU1453,3.93,4.0,2.0,29.3,28.1,20.2,51.3,0.6,Never,7.4,Actively Use,5.0,0.6,0.0,0.1,NaN,104.0,1.0,At-Risk
STU2716,9.43,0.0,0.0,83.4,86.2,93.9,79.5,5.1,Weekly,1.5, Silent ,0.9,2.8,2.0,NaN,8.0,23.0,3.4,Good
STU4246,3.53,NaN,3.0,42.9,31.4,25.9,33.5,0.2,Only Before Exam,4.0,Actively Use,2.7,0.1,1.0,0.3,6.8,91.0,0.9,At-Risk
STU2693,NaN,0.0,0.0,90.5,95.8,99.1,80.8,6.9,NaN,0.5,Silent,0.9,NaN,4.0,7.5,7.1,7.0,4.2,Good
STU2768,3.02,4.0,1.0,34.5,52.0,47.9,39.5,1.9,Never,3.5,Actively Use,3.2,0.7,1.0,1.4,6.5,83.0,1.8,At-Risk
STU5854,9.61,0.0,0.0,79.6,88.7,86.2,98.9,6.8, Daily ,1.0,Silent,0.0,2.1,4.0,4.7,7.5,25.0,5.0,Good
STU0219,3.9,4.0,NaN,35.4,54.3,27.7,39.5,1.9,Only Before Exam,5.3,Actively Use,4.6,0.4,1.0,1.9,4.2,83.0,1.4,At-Risk
STU0240,3.71,3.0,3.0,39.4,57.8,45.8,45.3,0.7,Only Before Exam,6.8,SILENT,2.9,0.5,0.0,0.4,5.8,43.0,0.4,At-Risk
STU1132,9.83,0.0,0.0,87.9,90.6,95.2,79.5,5.9,daily,1.7,Silent,0.7,1.3,4.0,3.7,7.4,10.0,6.1,Good
STU7046,8.32,0.0,0.0,82.6,89.4,78.8,80.4,8.0,Daily,0.2,Keep Away,1.0,2.2,2.0,7.8,8.8,0.0,5.6,Good
STU3265,5.08,2.0,NaN,35.1,47.1,36.2,45.2,1.5,Only Before Exam,5.3,Actively Use,3.3,0.7,1.0,0.6,4.7,113.0,1.9,At-Risk
STU2240,6.67,2.0,2.0,70.1,71.0,54.8,62.0,3.3,Monthly,2.2,Silent,1.4,1.1,0.0,2.8,7.2,50.0,2.9,At-Risk
STU6478,6.95,1.0,1.0,65.3,74.5,60.0,63.8,NaN,monthly,4.0,Keep Away,1.3,NaN,0.0,1.4,6.6,24.0,2.5,At-Risk
STU5350,7.23,2.0,1.0,61.8,83.6,66.1,65.6,3.4,Weekly,3.8,Silent,1.7,1.4,0.0,1.8,7.0,40.0,3.6,Average
STU5150,9.55,0.0,0.0,81.6,90.6,84.3,92.7,6.6,Weekly,0.7,Keep Away,0.5,1.5,6.0,NaN,7.4,0.0,6.3,Good
STU5765,9.93,0.0,0.0,74.7,89.8,73.7,78.3,4.9,Weekly,1.8,Keep Away,0.0,NaN,4.0,6.0,8.4,1.0,5.5,Good
STU1384,7.95,0.0,NaN,91.4,93.5,94.9,NaN,7.2,Daily,1.4,KEEP AWAY,1.0,1.4,5.0,5.8,8.2,2.0,7.0,Good
STU3075,4.96,2.0,1.0,38.7,57.1,23.9,37.1,0.4,Monthly,5.1,Actively Use,3.5,0.7,1.0,1.6,5.8,43.0,0.5,At-Risk
STU4861,7.79,0.0,0.0,92.7,88.4,83.0,76.4,NaN, Daily ,1.0,Keep Away,0.9,2.4,3.0,3.9,8.7,17.0,5.0,Good
STU1358,3.45,4.0,2.0,44.8,58.0,41.6,23.1,-0.3, Only Before Exam ,4.7,SILENT,1.8,0.8,0.0,1.7,4.9,112.0,0.7,At-Risk
STU4872,7.57,0.0,0.0,83.3,97.6,78.1,89.2,5.2,Weekly,-0.1,Keep Away,0.3,NaN,3.0,4.5,8.2,0.0,6.8,Good
STU2631,3.67,2.0,2.0,30.8,23.9,42.9,48.9,0.1, Monthly ,3.7,silent,3.6,NaN,0.0,0.6,6.5,113.0,1.0,At-Risk
STU2833,6.5,2.0,2.0,69.0,NaN,68.7,51.2,NaN,Weekly,2.7,Silent,1.1,NaN,0.0,3.8,7.3,48.0,3.3,Average
STU0625,4.5,2.0,1.0,54.0,27.2,30.8,30.0,1.3,Never,7.3,actively use,1.3,0.1,NaN,1.7,4.6,84.0,1.3,At-Risk
STU0840,8.76,NaN,0.0,97.9,NaN,89.2,NaN,5.0,Daily,NaN,Keep Away,0.3,1.4,6.0,5.2,7.0,30.0,6.9,Good
STU4724,8.91,NaN,0.0,77.4,84.2,93.6,69.4,4.8,Weekly,0.9,Keep Away,0.1,2.9,6.0,NaN,NaN,25.0,3.4,Good
STU0324,7.92,0.0,0.0,NaN,92.2,74.3,82.6,6.8,Daily,1.9,Keep Away,0.2,2.8,6.0,7.7,8.7,14.0,5.5,Good
STU7407,9.27,0.0,0.0,97.7,91.8,98.3,76.5,5.5,Daily,0.7,Keep Away,0.2,1.6,6.0,6.3,7.9,26.0,3.7,Good
STU7059,8.27,NaN,0.0,87.1,99.2,71.2,96.0,4.6,Daily,1.1,Keep Away,0.3,1.2,6.0,6.8,NaN,19.0,5.6,Good
STU7345,8.56,0.0,0.0,87.8,97.9,75.2,83.2,6.5,weekly,1.2,Keep Away,0.8,2.8,5.0,3.5,8.3,0.0,4.1,Good
STU1868,3.75,3.0,1.0,37.8,47.9,35.1,20.6,1.0,Only Before Exam,7.0,Actively Use,1.3,0.9,0.0,1.2,7.0,58.0,0.3,At-Risk
STU5257,6.29,2.0,1.0,72.9,69.6,66.9,62.5,2.7,monthly,NaN,Silent,1.7,1.5,1.0,NaN,7.8,42.0,2.6,At-Risk
STU2827,7.6,0.0,0.0,95.6,87.3,88.1,94.0,5.2,DAILY,1.7,Keep Away,0.3,NaN,2.0,3.3,8.3,27.0,5.7,Good
STU5173,7.84,0.0,0.0,100.0,98.0,92.0,69.1,7.6,Daily,NaN,Silent,0.7,2.8,2.0,4.2,8.7,14.0,5.4,Good
STU6774,4.98,4.0,3.0,38.1,57.5,28.3,25.7,2.1,Only Before Exam,6.7,ACTIVELY USE,3.3,0.9,1.0,1.9,6.6,79.0,1.8,At-Risk
STU0438,9.29,0.0,0.0,90.2,93.1,92.4,86.2,5.8,Daily,0.9,KEEP AWAY,1.0,2.4,2.0,3.4,8.7,13.0,4.9,Good
STU0120,9.1,0.0,0.0,96.5,92.1,88.8,86.8,6.5,Daily,0.4,Silent,0.0,1.6,3.0,6.5,7.5,7.0,5.7,Good
STU6966,9.67,0.0,NaN,75.3,96.3,96.4,97.8,NaN,DAILY,1.8,Silent,0.1,3.0,5.0,3.1,7.2,14.0,3.3,Good
STU6725,7.55,0.0,0.0,97.8,93.4,92.6,93.4,4.6,Weekly,0.4,Keep Away,0.4,3.0,6.0,6.4,7.8,12.0,4.9,Good
STU6973,8.67,0.0,NaN,75.8,89.7,68.1,90.5,5.2,Weekly,0.7,KEEP AWAY,0.0,1.0,2.0,7.0,8.3,30.0,NaN,Good
STU5911,9.47,0.0,0.0,84.1,91.9,77.2,90.4,7.5,Daily,1.2,Keep Away,0.8,2.7,5.0,4.1,7.8,21.0,4.7,Good
STU1840,9.8,0.0,0.0,79.9,NaN,96.3,76.4,3.6,Weekly,1.8, Keep Away ,0.3,1.8,6.0,5.2,8.6,20.0,4.4,Good
STU1027,8.38,0.0,0.0,83.8,95.4,78.0,82.1,4.9,Weekly,0.3, Silent ,1.0,NaN,3.0,NaN,7.5,25.0,5.3,Good
STU3302,8.64,0.0,0.0,78.1,98.5,92.8,75.0,7.4,Daily,1.2, Keep Away ,0.2,2.3,3.0,4.2,7.5,29.0,6.4,Good
STU4173,7.28,2.0,2.0,54.3,84.1,67.8,55.9,3.9,Weekly,3.3,NaN,0.6,NaN,2.0,1.1,6.5,56.0,2.8,Average
STU3102,8.09,0.0,0.0,96.5,92.6,91.1,74.0,6.3,Weekly,0.2,Keep Away,0.5,NaN,2.0,5.3,8.3,13.0,6.5,Good
STU0901,3.88,2.0,2.0,49.8,26.0,48.7,51.4,0.4,Never,4.4,Actively Use,2.5,0.8,1.0,NaN,5.9,67.0,1.5,At-Risk
STU4468,9.01,0.0,0.0,83.8,94.9,95.0,79.8,4.0,Weekly,0.7, Keep Away ,0.1,1.3,2.0,4.8,7.3,7.0,6.7,Good
STU1205,4.36,5.0,3.0,52.9,53.5,26.2,34.3,2.1,Never,4.7, Actively Use ,2.5,0.2,0.0,0.2,6.1,NaN,NaN,At-Risk
STU6839,7.72,0.0,0.0,84.0,88.5,72.5,82.1,6.6,Daily,1.1,Keep Away,0.2,1.2,3.0,3.6,8.4,13.0,3.1,Good
STU7404,8.59,0.0,NaN,84.4,91.8,73.1,91.2,7.0, Daily ,1.1,NaN,0.9,1.3,5.0,7.1,8.3,12.0,5.4,Good
STU5038,7.87,0.0,0.0,81.1,92.6,88.2,94.4,5.9,Daily,0.7,Keep Away,0.2,NaN,3.0,3.0,7.9,21.0,3.8,Good
STU4051,4.18,4.0,1.0,33.1,53.8,20.5,37.2,1.6,monthly,4.9,Silent,4.6,0.1,1.0,1.6,5.8,110.0,1.2,At-Risk
STU0553,5.05,3.0,3.0,36.3,55.2,37.7,37.0,1.2, Never ,5.2,NaN,1.6,0.7,1.0,1.0,5.8,103.0,0.7,At-Risk
STU0407,7.99,0.0,0.0,80.7,89.8,90.3,89.3,6.8,Weekly,0.7,Silent,0.8,1.4,5.0,5.3,8.7,24.0,3.7,Good
STU6214,6.97,1.0,1.0,61.4,65.1,66.5,57.1,1.8,Monthly,2.4,Silent,NaN,0.9,NaN,NaN,7.0,18.0,3.3,Average
STU6748,6.67,2.0,1.0,101.0,70.0,58.2,61.2,2.9,monthly,2.9,keep away,0.6,0.7,2.0,2.7,7.0,42.0,1.4,Average
STU1614,4.84,3.0,2.0,53.5,30.9,20.9,19.6,1.6, Only Before Exam ,6.8,ACTIVELY USE,3.8,0.3,NaN,0.8,7.1,69.0,0.1,At-Risk
STU2935,4.9,3.0,2.0,39.2,26.6,45.3,21.5,0.7,Only Before Exam,4.5,Actively Use,5.0,0.4,0.0,1.0,6.3,56.0,1.3,At-Risk
STU5065,6.3,2.0,1.0,64.6,83.4,51.0,64.3,2.0,WEEKLY,3.6,KEEP AWAY,1.4,1.0,2.0,3.1,6.1,49.0,1.6,Average
STU3299,8.74,0.0,0.0,97.4,86.0,93.7,78.8,4.8,NaN,0.4,Silent,NaN,3.0,2.0,NaN,NaN,15.0,5.9,Good
STU2834,7.0,2.0,2.0,61.2,78.5,65.3,61.8,NaN,MONTHLY,3.5,Actively Use,1.7,0.8,1.0,3.4,7.6,31.0,1.7,At-Risk
STU7393,7.96,0.0,0.0,97.0,NaN,94.6,96.8,7.6,Weekly,0.6,Silent,0.9,2.6,4.0,NaN,7.6,6.0,4.4,Good
STU2350,NaN,0.0,0.0,90.2,90.1,85.1,NaN,4.4,Daily,1.2,keep away,0.3,2.1,2.0,5.9,8.4,17.0,6.4,Good
STU5843,5.61,NaN,1.0,65.7,NaN,48.8,67.5,2.2,Monthly,2.0,Keep Away,0.6,NaN,0.0,1.5,6.5,49.0,3.0,Average
STU4786,8.47,0.0,0.0,80.0,89.7,88.5,72.8,NaN,Weekly,1.6,Keep Away,0.7,2.5,2.0,NaN,7.7,30.0,6.0,Good
STU3110,9.34,0.0,0.0,91.3,94.9,NaN,77.3,7.0,Daily,1.0,Keep Away,NaN,2.5,3.0,3.7,7.2,23.0,6.0,Good
STU1739,8.79,0.0,0.0,85.7,96.6,92.0,76.4,5.9,Weekly,1.0,Keep Away,1.0,1.4,6.0,3.4,8.9,25.0,6.6,Good
STU0237,7.8,0.0,0.0,82.3,92.1,101.3,101.2,4.3,Daily,1.3,Keep Away,0.4,1.8,4.0,6.8,8.7,7.0,6.8,Good
STU7259,7.25,1.0,1.0,71.8,68.2,62.3,67.7,NaN,Monthly,3.0,Silent,1.0,0.9,1.0,2.5,6.8,54.0,1.6,At-Risk
STU6083,9.97,0.0,0.0,97.8,89.8,80.8,85.1,7.4,Weekly,0.3,Keep Away,NaN,1.1,6.0,3.6,8.3,26.0,3.9,Good
STU6080,8.42,0.0,NaN,93.0,92.1,81.2,96.2,7.5,Daily,1.9,Silent,0.6,2.4,3.0,4.6,NaN,9.0,3.4,Good
STU3164,7.61,0.0,0.0,76.8,90.6,NaN,91.0,4.5,Daily,1.9,Keep Away,0.9,1.6,4.0,NaN,8.0,20.0,NaN,Good
STU0500,9.16,0.0,0.0,96.1,85.0,83.8,83.2,5.9,Daily,0.4,KEEP AWAY,0.7,2.0,3.0,6.8,8.0,17.0,3.6,Good
STU4919,9.75,0.0,0.0,82.1,89.3,82.1,83.4,4.3,Daily,0.7,Keep Away,0.9,2.1,5.0,4.3,8.7,NaN,6.1,Good
STU3626,7.03,1.0,1.0,55.2,71.5,57.5,67.8,3.5,Monthly,2.0,Actively Use,0.8,NaN,2.0,2.2,6.8,30.0,1.5,Average
STU3128,7.93,0.0,0.0,90.6,83.4,87.8,NaN,4.5,Weekly,NaN,Keep Away,0.3,1.7,2.0,7.1,7.4,2.0,3.3,Good
STU0795,NaN,0.0,0.0,96.9,85.7,95.8,79.3,7.2,Daily,0.8,Silent,0.4,NaN,3.0,6.9,7.2,23.0,5.4,Good
STU3359,3.78,3.0,1.0,52.4,30.9,24.7,30.2,1.7,Never,6.1,ACTIVELY USE,3.8,NaN,1.0,1.8,5.5,68.0,1.0,At-Risk
STU3292,4.14,2.0,2.0,49.2,40.1,30.1,26.5,1.6,Never,NaN,Actively Use,4.7,0.0,1.0,1.3,5.8,45.0,1.2,At-Risk
STU3973,9.45,0.0,0.0,82.8,84.9,72.6,87.3,5.0,NaN,0.5,Keep Away,0.0,2.8,3.0,6.0,7.1,22.0,6.1,Good
STU0991,8.73,0.0,0.0,79.3,85.0,71.3,96.0,4.6,WEEKLY,0.3,Keep Away,0.3,2.1,2.0,5.0,8.3,0.0,3.2,Good
STU4664,9.65,0.0,0.0,84.4,84.9,79.3,NaN,7.8,Daily,1.8,Keep Away,0.3,1.0,2.0,5.6,8.6,22.0,4.1,Good
STU2436,7.64,0.0,0.0,85.7,85.7,76.2,82.8,5.4,NaN,1.0,Keep Away,0.7,1.2,4.0,7.0,7.1,4.0,4.8,Good
STU3377,8.44,0.0,0.0,87.1,89.6,91.3,96.8,5.8,WEEKLY,1.7,Silent,0.7,1.7,6.0,5.9,8.2,28.0,3.1,Good
STU0391,6.04,1.0,1.0,57.9,86.6,54.8,64.8,2.9,Monthly,2.5,Actively Use,0.5,1.0,1.0,3.9,6.8,45.0,2.1,At-Risk
STU4840,8.92,0.0,0.0,95.2,96.8,89.3,NaN,6.6,Weekly,0.3,Keep Away,0.6,2.0,2.0,4.9,8.8,23.0,6.3,Good
STU2401,4.06,2.0,1.0,35.7,51.0,41.9,48.8,0.9,Never,5.9,Silent,4.6,1.0,1.0,1.9,6.2,53.0,0.3,At-Risk
STU1218,9.42,0.0,0.0,95.1,95.7,86.8,85.8,6.8,Weekly,0.9,Silent,0.8,2.4,2.0,6.5,NaN,8.0,NaN,Good
STU0236,9.82,0.0,0.0,80.9,96.7,77.1,82.2,7.6,Daily,1.4,Silent,0.1,NaN,3.0,3.1,7.9,20.0,NaN,Good
STU0332,3.69,3.0,1.0,49.4,27.4,46.3,29.3,NaN,Only Before Exam,3.4,Silent,2.7,0.8,0.0,1.6,4.8,80.0,0.5,At-Risk
STU4577,9.75,0.0,0.0,76.7,100.6,71.6,84.7,5.8,Daily,1.1,Silent,0.3,1.5,5.0,6.7,7.4,24.0,5.4,Good
STU6139,6.16,2.0,1.0,69.7,84.6,67.0,65.1,2.7,Weekly,3.0,Actively Use,1.2,1.2,1.0,1.4,7.8,20.0,1.1,Average
STU6712,7.18,2.0,2.0,NaN,63.0,NaN,NaN,2.1, Weekly ,3.8,SILENT,1.8,0.6,2.0,1.4,6.5,60.0,3.3,At-Risk
STU3189,5.12,4.0,3.0,35.5,60.2,49.9,28.4,2.0,Only Before Exam,7.4,Actively Use,1.2,0.7,1.0,0.6,6.0,81.0,1.8,At-Risk
STU5774,8.61,0.0,0.0,NaN,87.2,77.0,94.5,6.2,Daily,1.9,Keep Away,0.8,1.9,3.0,6.9,7.8,12.0,4.3,Good
STU0045,3.14,2.0,2.0,50.7,51.1,NaN,48.4,1.0, Monthly ,6.9,Silent,4.8,0.8,0.0,0.5,5.4,64.0,0.3,At-Risk
STU6245,9.23,0.0,0.0,96.7,97.1,94.6,73.6,4.9,Daily,0.5,Keep Away,0.9,2.5,4.0,5.7,8.9,18.0,3.8,Good
STU5565,9.22,0.0,0.0,NaN,82.6,82.1,76.9,4.6,Daily,-0.2,Keep Away,0.0,2.9,4.0,6.7,8.8,15.0,3.5,Good
STU6977,8.95,0.0,0.0,101.2,90.6,83.1,92.8,6.0,Daily,1.9,Keep Away,0.9,2.9,4.0,3.0,7.7,10.0,5.5,Good
STU4217,4.62,2.0,NaN,32.3,NaN,25.9,34.5,1.4,Monthly,6.4,actively use,4.6,0.9,1.0,1.6,6.6,72.0,0.0,At-Risk
STU3437,7.63,0.0,0.0,87.7,NaN,92.8,73.2,5.9,DAILY,0.3,Keep Away,0.6,2.7,5.0,6.8,9.0,19.0,6.9,Good
STU7147,6.17,2.0,1.0,NaN,87.6,68.0,66.1,2.8,Weekly,2.7,Keep Away,1.8,0.8,2.0,NaN,6.6,50.0,3.3,Average
STU3073,3.95,3.0,1.0,34.1,50.6,27.3,23.5,0.9, Monthly ,7.6,Actively Use,4.6,NaN,0.0,1.4,4.1,98.0,0.3,At-Risk
STU3135,6.17,2.0,1.0,72.8,72.6,58.3,68.5,2.1,Weekly,2.9,Keep Away,1.5,1.1,0.0,NaN,7.0,24.0,3.1,Average
STU5369,8.96,0.0,0.0,97.3,100.2,82.6,72.8,6.0,Weekly,0.2,Silent,0.4,NaN,4.0,5.3,8.1,18.0,3.6,Good
STU4046,3.36,3.0,1.0,48.3,56.7,45.7,49.1,1.4,Only Before Exam,7.6,Silent,2.2,0.4,1.0,0.8,4.2,80.0,1.7,At-Risk
STU5023,8.72,0.0,0.0,81.8,98.2,73.4,68.7,5.6,weekly,0.4,Keep Away,0.7,1.7,6.0,4.3,7.8,2.0,3.9,Good
STU6660,5.65,1.0,1.0,64.9,68.6,53.8,54.4,2.3,Monthly,3.8,Keep Away,2.0,1.1,0.0,2.6,6.1,58.0,3.4,At-Risk
STU1595,7.47,2.0,2.0,62.2,67.5,66.6,57.3,3.3, Monthly ,2.7,silent,1.4,0.8,0.0,1.2,7.9,28.0,3.6,At-Risk
STU0224,8.42,0.0,0.0,75.9,87.1,86.9,80.4,7.6,NaN,-0.1,Keep Away,0.4,1.7,6.0,3.1,7.1,28.0,NaN,Good
STU4863,8.75,0.0,0.0,75.3,97.1,72.6,92.6,7.4,daily,1.7,Silent,NaN,2.5,3.0,5.2,8.7,25.0,NaN,Good
STU4710,9.12,0.0,0.0,86.6,93.2,99.0,96.9,4.6,WEEKLY,0.9,Silent,0.4,1.6,3.0,6.2,8.0,19.0,6.1,Good
STU2892,3.78,4.0,2.0,48.7,54.0,24.7,22.7,NaN,Only Before Exam,6.9,Actively Use,4.9,NaN,0.0,0.8,6.1,120.0,1.7,At-Risk
STU1246,4.21,3.0,3.0,31.7,25.3,30.5,21.1,1.9,Never,NaN,NaN,2.8,0.5,0.0,NaN,5.7,59.0,0.3,At-Risk
STU1541,3.99,5.0,4.0,52.2,53.7,40.9,NaN,0.9,Only Before Exam,4.1,Actively Use,2.2,0.8,0.0,0.9,6.6,73.0,0.3,At-Risk
STU3538,3.26,5.0,5.0,55.7,20.2,39.1,25.1,1.5,Monthly,3.4,Silent,NaN,0.0,0.0,0.5,5.3,41.0,1.5,At-Risk
STU4149,6.6,1.0,1.0,67.0,81.6,63.6,55.4,3.3,Weekly,4.0,Keep Away,0.6,0.9,2.0,3.6,7.6,36.0,3.8,Average
STU4626,9.94,0.0,0.0,79.7,NaN,92.7,81.4,5.6,NaN,0.3,Silent,0.2,2.8,6.0,7.1,7.6,14.0,NaN,Good
STU2534,NaN,1.0,1.0,67.2,77.6,68.1,70.1,3.3,MONTHLY,2.1,Keep Away,0.7,1.4,2.0,1.3,6.4,60.0,1.7,Average
STU5996,6.83,1.0,1.0,61.9,67.1,NaN,50.9,3.9,Monthly,3.0,Keep Away,0.8,0.9,1.0,1.4,7.3,17.0,NaN,Average
STU7347,8.03,0.0,0.0,77.2,88.0,75.7,91.8,5.9,Daily,0.4,Silent,0.3,2.9,2.0,3.9,8.8,0.0,5.9,Good
STU0819,6.69,NaN,1.0,61.9,71.7,54.8,64.5,3.6,monthly,3.2,Silent,0.8,1.0,NaN,3.4,7.0,44.0,2.6,Average
STU3459,8.08,0.0,0.0,84.0,99.1,70.9,90.0,4.4,DAILY,0.5,keep away,0.6,1.9,5.0,5.5,8.2,20.0,3.9,Good
STU0156,4.94,3.0,3.0,47.7,26.6,34.4,50.1,1.8,Only Before Exam,3.2,Actively Use,1.7,0.1,1.0,NaN,6.5,79.0,0.4,At-Risk
STU6745,5.19,5.0,2.0,40.3,54.0,39.5,33.4,1.1,Only Before Exam,3.6,Actively Use,4.2,0.3,0.0,0.5,6.0,91.0,0.7,At-Risk
STU7280,8.34,0.0,0.0,88.9,96.6,91.3,82.5,4.5,Weekly,2.0,Silent,0.3,1.7,5.0,6.9,8.6,2.0,6.6,Good
STU0249,9.6,0.0,0.0,74.9,95.2,97.8,82.7,5.1,Daily,1.4,KEEP AWAY,0.8,2.1,3.0,7.8,7.2,8.0,5.0,Good
STU4858,9.49,0.0,0.0,91.4,96.8,94.2,96.6,7.1,Weekly,0.4,Keep Away,NaN,1.5,2.0,NaN,8.8,12.0,3.8,Good
STU5991,NaN,1.0,1.0,56.4,67.7,59.2,NaN,3.3,Monthly,3.0,Keep Away,1.2,1.2,2.0,NaN,6.7,36.0,1.5,Average
STU3928,3.24,NaN,3.0,49.7,25.2,44.7,22.7,1.8,NaN,4.7,Silent,3.5,0.8,0.0,0.0,4.9,40.0,1.8,At-Risk
STU6126,9.19,0.0,0.0,97.7,94.5,101.0,88.3,7.9,Daily,1.6,Keep Away,0.7,NaN,6.0,3.1,7.5,NaN,3.9,Good
STU4015,8.1,0.0,0.0,87.4,94.7,72.3,71.7,NaN,Daily,0.4,keep away,0.9,NaN,NaN,6.8,7.4,12.0,NaN,Good
STU2637,3.19,4.0,2.0,53.5,58.5,48.1,46.9,0.5,NEVER,6.6,Silent,1.8,0.9,1.0,0.6,5.0,114.0,1.8,At-Risk
STU5227,9.43,0.0,0.0,88.6,94.7,76.9,71.1,NaN,Daily,1.4,Keep Away,0.9,1.5,6.0,NaN,8.1,10.0,5.5,Good
STU4639,5.68,1.0,1.0,61.4,88.4,59.9,61.3,3.5,NaN,3.0,Keep Away,1.0,0.6,2.0,2.9,7.4,26.0,3.8,Average
STU0794,8.67,0.0,0.0,91.4,89.0,81.1,78.2,6.2,WEEKLY,1.7,Keep Away,0.7,1.1,5.0,5.3,9.0,0.0,3.4,Good
STU1726,5.2,5.0,3.0,38.7,36.2,45.9,42.6,2.0,NEVER,6.9, Silent ,2.8,0.5,0.0,1.8,5.7,46.0,0.5,At-Risk
STU3190,4.25,2.0,2.0,41.2,57.9,48.9,NaN,1.5,Never,3.7,actively use,2.3,0.8,1.0,1.6,NaN,117.0,NaN,At-Risk
STU2650,5.47,4.0,1.0,35.9,47.8,33.8,30.0,0.6,ONLY BEFORE EXAM,4.0,Actively Use,4.4,0.9,0.0,0.9,4.3,77.0,1.8,At-Risk
STU0629,9.47,0.0,0.0,86.4,92.7,80.7,77.8,4.5,Daily,1.2,NaN,1.0,1.3,5.0,3.2,8.5,NaN,4.0,Good
STU6295,7.14,2.0,1.0,60.9,76.7,64.7,69.7,3.6,Monthly,2.8,Actively Use,1.2,1.0,0.0,3.2,6.0,17.0,NaN,At-Risk
STU7058,7.11,1.0,1.0,75.0,84.2,64.0,65.2,3.5,Weekly,3.5,Silent,1.1,1.0,2.0,1.7,6.1,43.0,2.8,Average
STU2340,6.68,1.0,1.0,71.9,66.2,66.4,69.7,2.8, Weekly ,3.5,Keep Away,1.3,0.6,2.0,2.0,6.1,16.0,4.0,Average
STU6526,7.24,2.0,2.0,64.9,76.6,50.5,68.2,3.5,Weekly,3.5,SILENT,1.6,1.4,1.0,1.5,7.7,NaN,3.9,Average
STU7244,9.72,0.0,0.0,93.8,97.7,95.5,76.3,4.6,Weekly,0.1,Keep Away,0.8,2.3,5.0,7.9,8.3,25.0,4.0,Good
STU5464,6.62,2.0,1.0,60.0,73.1,49.9,65.9,3.2,Monthly,3.4, Keep Away ,0.8,1.1,2.0,NaN,7.3,18.0,3.5,Average
STU1621,8.78,0.0,0.0,87.8,89.1,74.1,78.5,NaN,Daily,2.0,Keep Away,0.5,1.4,4.0,4.3,7.8,28.0,5.5,Good
STU1452,7.91,0.0,0.0,80.1,86.9,96.1,86.4,5.6,Daily,1.3,Silent,0.6,2.8,4.0,3.9,7.5,30.0,6.9,Good
STU2903,NaN,0.0,0.0,96.9,99.6,91.2,99.4,8.1,Weekly,1.4,Silent,0.5,2.8,2.0,5.8,7.3,21.0,4.5,Good
STU5168,8.37,0.0,0.0,90.2,90.3,91.2,79.0,7.5,Weekly,0.1,NaN,0.6,NaN,5.0,4.3,7.0,13.0,3.6,Good
STU4651,7.81,0.0,0.0,91.3,84.3,74.3,77.8,NaN,DAILY,1.6, Keep Away ,0.1,NaN,6.0,3.7,7.3,29.0,6.7,Good
STU1829,4.22,2.0,2.0,34.0,49.4,44.0,NaN,1.7,Never,6.6,NaN,2.4,0.7,0.0,0.0,6.8,119.0,1.1,At-Risk
STU0827,3.24,5.0,3.0,46.8,35.9,46.4,NaN,0.6,Only Before Exam,3.0,Actively Use,2.7,0.3,1.0,1.7,5.8,93.0,NaN,At-Risk
STU1640,7.93,0.0,0.0,95.7,95.4,88.0,89.8,6.5,Weekly,0.5,Silent,0.4,2.4,6.0,5.7,7.1,27.0,6.8,Good
STU3865,4.42,2.0,2.0,41.2,51.6,38.6,21.0,1.5,Monthly,5.1,Actively Use,4.8,1.0,1.0,0.9,6.8,49.0,0.6,At-Risk
STU6081,9.11,0.0,NaN,78.3,99.8,93.0,76.3,5.0,Daily,1.3,Silent,0.8,2.7,2.0,6.0,7.2,NaN,6.3,Good
STU2914,7.79,0.0,0.0,80.8,90.1,95.0,74.7,5.8,Daily,1.4,Keep Away,NaN,3.0,2.0,7.8,8.5,18.0,6.0,Good
STU5934,6.34,1.0,1.0,60.1,67.8,NaN,61.5,NaN,Weekly,2.8,Actively Use,0.8,0.5,0.0,NaN,7.5,34.0,3.8,Average
STU3792,5.37,4.0,4.0,56.1,52.4,44.0,40.3,0.3,Only Before Exam,5.8,actively use,4.0,0.9,0.0,1.1,6.3,81.0,1.4,At-Risk
STU2940,4.55,4.0,1.0,NaN,38.8,23.3,29.6,NaN,NEVER,3.3, Silent ,1.3,0.6,0.0,1.8,6.6,60.0,0.0,At-Risk
STU3421,8.93,0.0,0.0,96.9,100.5,82.6,90.5,7.3,Daily,0.1,Keep Away,0.6,3.0,3.0,7.7,8.7,26.0,3.4,Good
STU3997,5.32,3.0,1.0,46.5,28.6,42.6,45.4,NaN,MONTHLY,6.4,Actively Use,3.5,0.5,0.0,0.8,4.1,46.0,1.7,At-Risk
STU3768,4.93,3.0,2.0,51.4,58.2,25.2,27.1,2.0,Only Before Exam,3.6,Actively Use,3.1,0.5,0.0,NaN,5.1,91.0,1.9,At-Risk
STU0536,9.97,0.0,0.0,85.7,88.2,79.1,80.5,4.8,Weekly,1.9,Keep Away,0.8,1.5,3.0,6.0,8.3,2.0,6.8,Good
STU5907,8.59,0.0,0.0,94.4,82.1,91.0,95.1,4.8,Weekly,0.2,Keep Away,1.0,2.7,3.0,NaN,7.9,13.0,6.4,Good
STU2664,4.23,2.0,2.0,52.5,45.2,24.6,46.7,1.8,Never,6.7,actively use,2.9,NaN,1.0,1.0,6.2,101.0,1.8,At-Risk
STU0155,5.22,4.0,1.0,47.4,29.8,47.0,44.4,2.0,Monthly,7.5,actively use,2.0,0.8,1.0,0.9,6.5,117.0,1.5,At-Risk
STU3242,8.35,0.0,0.0,78.6,94.3,82.3,73.0,7.0,Weekly,1.0,NaN,0.5,2.3,2.0,5.5,8.3,2.0,6.5,Good
STU5597,4.53,4.0,3.0,48.2,49.6,31.7,32.4,1.6,Never,6.3,ACTIVELY USE,1.1,0.2,0.0,0.6,5.0,75.0,1.2,At-Risk
STU3150,8.46,0.0,0.0,91.1,96.2,87.8,91.8,7.3,weekly,1.8,Silent,0.9,1.3,3.0,4.3,7.9,7.0,4.4,Good
STU2953,7.32,2.0,1.0,65.6,70.9,52.7,51.2,2.1,Monthly,4.2,Actively Use,1.1,1.4,0.0,1.5,6.8,46.0,3.9,At-Risk
STU1312,9.81,0.0,0.0,84.5,93.0,82.9,78.9,7.0,Daily,0.8,Silent,0.4,1.8,3.0,6.6,8.9,0.0,5.7,Good
STU0323,7.76,0.0,0.0,82.3,90.8,90.5,89.6,4.7,DAILY,0.6,NaN,0.2,1.3,5.0,7.1,7.1,28.0,4.7,Good
STU5807,6.78,1.0,1.0,73.8,80.8,58.5,68.6,3.6,Monthly,3.2,Actively Use,1.5,0.9,0.0,2.3,7.2,33.0,2.0,At-Risk
STU4111,7.83,0.0,0.0,92.7,93.3,98.8,94.1,6.2,Daily,1.9,Keep Away,0.9,NaN,NaN,4.0,8.4,2.0,6.7,Good
STU3331,7.72,0.0,0.0,90.3,89.5,84.6,92.7,4.9, Weekly ,1.9,Silent,0.3,1.4,6.0,5.3,8.9,29.0,3.3,Good
STU3986,9.3,0.0,0.0,98.5,98.9,91.7,88.9,7.5,WEEKLY,1.4,Silent,0.2,2.3,3.0,5.6,8.9,16.0,5.0,Good
STU1799,4.18,2.0,1.0,38.5,41.2,24.9,48.7,1.3,Monthly,4.0,NaN,3.3,0.1,1.0,0.0,5.7,90.0,1.3,At-Risk
STU6090,8.67,0.0,0.0,86.0,95.9,75.0,93.0,NaN,Daily,NaN,Keep Away,NaN,2.6,3.0,5.3,8.6,1.0,NaN,Good
STU0083,4.82,4.0,1.0,42.2,48.0,34.9,NaN,1.7,NEVER,6.8,Actively Use,3.8,0.3,1.0,1.2,5.3,80.0,0.2,At-Risk
STU2561,8.93,0.0,0.0,82.0,90.6,NaN,96.9,5.0,Weekly,1.3,Silent,0.1,1.0,6.0,5.7,7.3,28.0,NaN,Good
STU1944,9.21,0.0,NaN,90.0,91.3,77.7,87.3,5.4,Daily,0.2,Keep Away,0.7,NaN,5.0,4.0,8.6,8.0,NaN,Good
STU1989,9.56,0.0,0.0,96.5,NaN,74.9,NaN,NaN,Daily,1.2,Silent,0.2,2.6,2.0,4.5,7.3,2.0,4.7,Good
STU3537,3.67,4.0,2.0,36.8,28.5,31.4,32.1,-0.1, Only Before Exam ,3.8,Actively Use,1.4,0.0,0.0,1.0,5.2,58.0,1.9,At-Risk
STU6769,6.04,2.0,2.0,74.7,60.4,56.6,NaN,2.6,Weekly,3.5,Actively Use,1.3,1.0,1.0,3.2,7.5,56.0,1.5,At-Risk
STU5480,9.67,0.0,0.0,75.9,88.9,86.4,93.1,7.1,Weekly,0.0,Keep Away,0.5,1.4,NaN,7.9,8.9,27.0,3.2,Good
STU1575,9.85,0.0,0.0,76.9,91.1,84.7,88.9,6.3,Daily,0.2, Keep Away ,NaN,2.3,2.0,5.9,7.1,14.0,4.9,Good
STU2978,NaN,3.0,1.0,49.6,27.6,NaN,20.9,NaN,monthly,NaN,Silent,2.0,0.6,1.0,NaN,6.4,69.0,NaN,At-Risk
STU2724,3.37,2.0,1.0,42.2,60.0,35.4,42.3,NaN,only before exam,4.1,Actively Use,NaN,0.8,0.0,1.5,4.0,73.0,0.6,At-Risk
STU3406,7.51,0.0,0.0,85.2,91.8,78.4,77.9,8.2,Daily,1.1,Keep Away,0.8,1.4,6.0,3.9,8.8,27.0,NaN,Good
STU2059,9.17,0.0,0.0,94.2,NaN,75.2,91.9,7.8,Daily,1.8,keep away,0.8,2.3,3.0,5.1,8.5,10.0,5.9,Good
STU1763,9.01,0.0,0.0,89.9,90.2,95.1,103.1,5.1,Daily,1.4,Keep Away,0.9,2.4,3.0,NaN,7.4,6.0,5.1,Good
STU1495,3.99,5.0,3.0,48.9,50.2,34.0,37.5,0.1,NaN,7.1,Actively Use,4.1,0.7,1.0,0.9,6.9,115.0,1.8,At-Risk
STU4928,9.36,0.0,0.0,86.3,95.0,76.6,96.7,4.4, Daily ,2.1,Keep Away,0.1,1.6,2.0,5.8,8.7,0.0,5.3,Good
STU2081,7.72,0.0,0.0,88.0,93.0,100.1,81.6,6.5,Weekly,0.6,Keep Away,0.3,1.8,2.0,4.5,7.5,29.0,3.2,Good
STU1175,7.55,0.0,0.0,90.0,98.4,80.9,83.1,7.8,Daily,1.6,Silent,0.7,2.1,5.0,7.9,8.4,14.0,6.6,Good
STU4510,6.15,1.0,1.0,68.7,74.2,58.2,63.3,4.0,Weekly,NaN,NaN,1.6,0.8,NaN,3.5,6.9,NaN,NaN,At-Risk
STU2629,6.62,1.0,1.0,71.3,67.5,59.4,NaN,2.4,Monthly,3.2,Silent,2.0,NaN,0.0,2.7,6.8,33.0,3.6,At-Risk
STU5914,5.83,1.0,1.0,73.4,77.3,64.9,59.8,3.4,Monthly,3.2,SILENT,1.2,NaN,2.0,2.7,6.3,28.0,3.6,Average
STU4262,4.09,4.0,3.0,35.3,29.7,27.4,43.2,2.2,only before exam,5.8,SILENT,1.3,0.8,0.0,1.8,6.9,40.0,1.3,At-Risk
STU6891,9.92,0.0,0.0,89.5,93.8,96.0,97.0,5.8,Weekly,0.2,Keep Away,0.2,1.7,5.0,7.8,8.8,24.0,3.1,Good
STU6252,6.16,2.0,1.0,55.5,64.0,60.3,59.6,3.6,Weekly,2.3,Keep Away,1.9,NaN,1.0,1.6,6.7,21.0,3.8,Average
STU0615,7.97,0.0,0.0,98.4,95.2,88.2,73.6,6.4,Daily,0.2,keep away,0.1,2.1,3.0,5.0,8.3,15.0,3.4,Good
STU3094,9.64,0.0,0.0,76.5,88.1,81.5,89.3,6.7,Weekly,1.6,Keep Away,0.5,1.8,2.0,4.8,8.8,10.0,5.9,Good
STU3451,7.21,1.0,1.0,67.0,65.7,62.6,62.4,3.8,Weekly,2.9,silent,1.8,NaN,2.0,NaN,6.1,55.0,1.5,Average
STU1015,8.88,0.0,0.0,82.4,92.5,95.0,71.1,NaN,Weekly,NaN,Keep Away,0.7,1.1,3.0,6.0,8.1,5.0,3.4,Good
STU6234,9.01,0.0,0.0,88.9,90.3,77.1,96.4,7.8,Weekly,0.8,Silent,0.8,1.2,3.0,6.9,7.6,9.0,4.2,Good
STU3058,3.59,2.0,2.0,31.4,42.0,41.0,33.0,1.5,Never,3.5, Actively Use ,2.4,0.7,1.0,1.3,4.8,66.0,0.2,At-Risk
STU7111,7.84,0.0,0.0,96.9,94.6,79.5,80.8,5.8,Weekly,0.7,NaN,0.8,2.0,2.0,8.0,8.0,9.0,6.3,Good
STU6746,6.53,1.0,1.0,62.7,NaN,55.9,NaN,3.2,Weekly,NaN,Silent,0.6,1.0,NaN,2.4,7.9,49.0,1.7,Average
STU5334,9.19,0.0,0.0,81.1,90.5,84.5,77.3,4.1,weekly,0.8,keep away,0.8,NaN,6.0,3.5,8.4,NaN,4.2,Good
STU3906,8.08,NaN,0.0,78.3,98.7,90.3,97.2,4.7,WEEKLY,1.7,Keep Away,0.8,1.3,3.0,NaN,NaN,2.0,3.9,Good
STU2182,7.97,0.0,0.0,94.0,90.3,93.9,91.7,4.9,Weekly,1.1,Keep Away,0.7,2.3,4.0,6.0,8.5,27.0,3.2,Good
STU3419,9.41,0.0,0.0,81.3,94.1,71.2,NaN,7.6,daily,NaN, Silent ,0.2,2.9,6.0,4.5,7.9,17.0,5.0,Good
STU4652,5.52,2.0,1.0,58.8,66.8,56.2,56.2,2.0,Weekly,2.8,KEEP AWAY,1.1,1.1,2.0,3.6,6.7,36.0,2.6,Average
STU3101,7.91,0.0,0.0,75.0,97.3,78.3,76.5,7.5,NaN,1.5,keep away,0.8,2.4,2.0,3.5,9.0,2.0,6.6,Good
STU6465,6.08,2.0,2.0,66.7,60.9,66.8,67.2,3.2,Weekly,3.1,Silent,1.1,1.2,2.0,2.4,7.5,NaN,3.9,Average
STU7193,8.22,0.0,0.0,90.6,91.0,90.5,87.6,7.3,Weekly,0.7,SILENT,0.6,2.8,2.0,5.1,8.0,15.0,NaN,Good
STU1212,5.62,1.0,NaN,65.4,79.6,51.3,62.6,2.7,MONTHLY,3.9,Actively Use,1.0,0.8,2.0,2.8,6.4,NaN,1.9,At-Risk
STU7160,7.99,0.0,0.0,82.5,95.2,79.0,84.6,5.3,Weekly,0.4,KEEP AWAY,0.8,NaN,3.0,NaN,8.5,19.0,4.6,Good
STU0635,8.34,0.0,0.0,80.0,88.2,79.5,94.3,5.6,Daily,NaN,keep away,0.4,1.6,4.0,6.7,8.9,6.0,4.8,Good
STU6697,7.17,1.0,1.0,60.6,65.3,52.1,62.1,3.9,MONTHLY,2.3,Keep Away,1.7,0.9,0.0,4.0,7.7,60.0,1.7,At-Risk
STU1056,8.17,0.0,0.0,92.1,94.1,92.4,85.0,5.6,DAILY,1.6,Keep Away,0.8,1.6,4.0,3.5,7.2,18.0,3.4,Good
STU2341,3.57,2.0,NaN,43.4,31.6,40.5,27.0,1.3,Monthly,NaN, Silent ,4.6,0.8,1.0,1.4,4.4,92.0,0.4,At-Risk
STU5805,9.61,0.0,0.0,93.3,85.6,NaN,78.1,5.6,weekly,1.1,Keep Away,0.5,NaN,4.0,3.6,7.3,14.0,6.4,Good
STU0797,9.33,0.0,0.0,90.2,94.4,93.5,72.8,5.7,Daily,1.7,Keep Away,0.6,NaN,2.0,3.4,NaN,20.0,5.1,Good
STU5188,8.0,0.0,0.0,89.7,91.2,99.1,82.4,7.1,Weekly,1.2,Keep Away,0.1,2.1,6.0,NaN,8.3,19.0,4.3,Good
STU4271,8.66,0.0,0.0,77.1,92.2,83.8,93.9,5.3,Daily,0.8,Keep Away,0.8,1.4,5.0,7.0,8.7,17.0,7.0,Good
STU2815,9.14,0.0,0.0,78.8,94.1,85.6,74.8,5.4,Weekly,0.1,Keep Away,0.1,2.2,NaN,6.4,7.2,17.0,NaN,Good
STU4342,8.66,0.0,0.0,83.2,97.2,92.6,83.5,7.5,DAILY,1.9,Keep Away,0.6,1.3,4.0,6.9,7.6,7.0,5.1,Good
STU1081,7.51,0.0,0.0,74.5,99.3,73.3,74.8,5.1,NaN,1.1,Silent,0.7,NaN,2.0,4.2,7.9,23.0,6.7,Good
STU1655,3.02,3.0,3.0,39.5,35.7,31.0,20.7,NaN,NaN,4.7,Silent,4.2,0.0,NaN,1.7,6.9,81.0,1.4,At-Risk
STU1608,9.28,0.0,0.0,96.2,89.3,NaN,92.8,7.3,WEEKLY,1.5,keep away,NaN,2.6,5.0,7.1,8.9,23.0,3.6,Good
STU0145,9.53,0.0,0.0,93.3,89.5,90.3,87.6,5.6,Daily,0.1,Silent,0.9,1.9,6.0,4.0,7.8,30.0,4.7,Good
STU4242,4.79,2.0,1.0,36.2,59.4,26.9,NaN,1.4,MONTHLY,6.3,SILENT,4.5,0.8,0.0,NaN,6.2,68.0,0.1,At-Risk
STU0091,4.97,3.0,3.0,36.2,35.9,46.4,46.3,0.8,never,6.2,Silent,1.7,1.0,1.0,0.5,6.6,76.0,1.3,At-Risk
STU0683,3.72,3.0,1.0,35.6,29.4,44.2,35.8,NaN,Monthly,7.4,Silent,NaN,0.3,NaN,0.4,5.0,65.0,0.6,At-Risk
STU4407,5.91,1.0,1.0,57.8,66.3,63.0,55.6,3.3,WEEKLY,2.1,Silent,1.4,NaN,1.0,1.8,7.0,28.0,3.1,Average
STU3432,8.03,0.0,0.0,77.5,88.6,99.3,83.9,7.3,DAILY,1.1, Keep Away ,0.7,1.3,5.0,4.4,8.1,NaN,6.5,Good
STU0094,3.23,5.0,3.0,52.8,30.9,24.5,48.7,2.2,Monthly,7.2,Actively Use,4.2,0.7,1.0,1.1,4.2,51.0,0.8,At-Risk
STU0835,4.91,3.0,NaN,47.9,58.3,43.9,49.6,0.9,Monthly,5.7,Silent,1.1,0.0,1.0,0.5,4.3,81.0,0.5,At-Risk
STU6053,7.9,0.0,0.0,84.6,92.7,83.5,81.3,7.7, Daily ,1.5,Keep Away,0.3,2.0,5.0,5.1,8.3,10.0,3.6,Good
STU5021,6.92,2.0,2.0,65.7,77.8,61.3,58.3,3.1,Weekly,3.0,keep away,NaN,1.3,1.0,2.0,7.3,33.0,4.0,Average
STU7107,7.31,1.0,1.0,70.9,85.2,69.7,65.2,3.8,Weekly,3.2,Keep Away,0.8,1.3,1.0,1.8,7.4,59.0,3.2,Average
STU6006,5.82,1.0,1.0,62.9,62.4,59.5,60.0,3.7,Monthly,2.2,ACTIVELY USE,2.0,1.4,2.0,2.7,7.0,38.0,2.7,At-Risk
STU5132,8.07,0.0,0.0,75.9,94.5,88.1,88.7,7.9,DAILY,0.4,Keep Away,0.8,2.4,5.0,3.3,8.9,11.0,6.7,Good
STU1401,6.58,2.0,2.0,68.5,78.6,67.0,69.6,3.7,Weekly,2.7,SILENT,1.9,1.2,1.0,1.2,7.6,49.0,3.1,Average
STU3980,7.11,1.0,1.0,65.0,83.6,62.1,68.4,3.1,Monthly,3.2,Keep Away,1.1,0.9,2.0,3.8,6.4,38.0,1.4,Average
STU2292,8.09,0.0,0.0,83.7,84.7,92.0,85.1,5.3,Weekly,2.1,Keep Away,0.9,2.9,5.0,3.7,8.7,1.0,4.3,Good
STU1501,9.11,0.0,0.0,83.7,93.8,93.9,94.8,4.7,DAILY,0.5,Silent,0.9,2.2,3.0,3.9,8.4,9.0,7.0,Good
STU2263,4.35,5.0,1.0,NaN,61.0,39.1,48.1,1.2,only before exam,6.0, Actively Use ,1.3,0.1,1.0,1.2,5.3,52.0,1.6,At-Risk
STU1469,8.56,0.0,0.0,89.8,98.3,70.1,NaN,6.3,WEEKLY,1.8,Silent,1.0,2.0,5.0,5.3,8.3,11.0,5.2,Good
STU3929,8.47,0.0,0.0,93.0,88.5,89.6,75.3,6.9,Daily,NaN,Silent,0.5,1.3,3.0,6.1,7.6,5.0,4.5,Good
STU3246,4.95,4.0,3.0,43.4,25.0,46.9,NaN,0.1,Never,3.4,Silent,3.1,0.3,1.0,0.6,4.4,116.0,1.9,At-Risk
STU0999,8.62,0.0,0.0,98.3,92.0,78.5,74.6,4.2,WEEKLY,1.3,Keep Away,0.1,1.8,3.0,5.9,7.6,25.0,3.7,Good
STU0854,9.43,0.0,0.0,85.7,94.6,76.3,85.2,5.1,Weekly,1.1,Silent,0.3,NaN,6.0,7.8,7.2,19.0,6.1,Good
STU3876,3.9,3.0,3.0,40.9,NaN,24.2,32.5,-0.1,Never,5.3,ACTIVELY USE,3.9,NaN,0.0,0.2,4.8,97.0,1.0,At-Risk
STU6570,8.52,0.0,0.0,92.4,95.8,77.3,67.7,NaN,Daily,1.5,Keep Away,0.4,2.7,2.0,5.7,7.3,10.0,5.8,Good
STU6301,6.8,1.0,1.0,76.1,NaN,63.2,63.5,2.7,Monthly,3.5,Silent,0.7,1.0,2.0,2.7,7.8,17.0,3.8,Average
STU1143,4.19,3.0,2.0,32.1,42.8,25.4,49.5,1.5,Never,5.1,Silent,1.6,0.8,1.0,NaN,4.7,92.0,0.4,At-Risk
STU5240,6.3,2.0,2.0,65.5,81.1,59.8,59.8,3.4,Monthly,3.3,Silent,0.6,0.6,0.0,3.5,6.0,22.0,3.8,At-Risk
STU2275,5.19,2.0,2.0,31.9,41.2,46.4,48.1,1.4, Only Before Exam ,4.4,Silent,3.8,0.7,0.0,1.4,6.8,42.0,0.2,At-Risk
STU6145,5.91,1.0,1.0,65.5,66.6,NaN,59.5,3.6,Weekly,2.2,Keep Away,1.8,1.2,2.0,2.6,6.8,25.0,2.2,Average
STU4498,5.95,1.0,1.0,69.7,78.1,54.6,68.6,2.6,monthly,3.5,Keep Away,NaN,1.2,1.0,3.0,7.9,15.0,1.8,Average
STU1104,5.97,2.0,1.0,70.4,83.2,68.3,NaN,2.3,Monthly,2.3,Actively Use,1.6,1.2,2.0,3.0,6.4,29.0,1.5,Average
STU0085,8.12,0.0,0.0,86.1,88.5,98.1,96.3,4.3, Daily ,1.4,silent,0.9,1.4,5.0,5.8,8.8,NaN,3.1,Good
STU2211,7.57,0.0,0.0,91.3,94.1,71.3,71.6,6.3,Weekly,1.7,Keep Away,0.9,1.3,5.0,4.9,7.1,19.0,4.9,Good
STU7287,8.72,0.0,0.0,98.2,86.9,75.2,74.5,4.7,Weekly,1.6,Keep Away,0.6,1.8,2.0,7.3,7.5,30.0,NaN,Good
STU4211,8.12,0.0,0.0,84.9,87.2,95.8,94.3,5.8,Weekly,1.9,Silent,NaN,2.4,6.0,7.5,8.2,1.0,5.5,Good
STU6815,7.77,0.0,0.0,79.2,90.7,87.2,88.5,6.1,Daily,1.9,NaN,0.4,2.4,5.0,4.3,8.5,27.0,6.7,Good
STU6933,5.81,1.0,1.0,67.5,76.1,52.8,60.4,1.8, Monthly ,3.4,Keep Away,1.5,NaN,2.0,2.7,7.8,41.0,3.7,Average
STU5682,9.13,0.0,0.0,91.6,92.4,78.9,81.7,5.6,Daily,1.6,Keep Away,0.6,NaN,4.0,5.9,7.3,2.0,4.5,Good
STU3441,7.41,1.0,1.0,57.0,62.0,51.4,69.3,2.8,Weekly,2.8,Silent,1.3,1.3,1.0,3.8,7.4,NaN,3.3,Average
STU1568,8.13,0.0,0.0,96.1,98.4,75.3,73.5,7.6,Daily,1.1,Keep Away,1.0,1.5,5.0,NaN,8.0,8.0,NaN,Good
STU5598,8.42,0.0,0.0,95.1,89.9,83.6,82.3,5.3,Daily,1.3,Keep Away,0.2,NaN,4.0,5.6,7.3,14.0,3.1,Good
STU1661,8.35,0.0,0.0,84.4,92.8,93.2,72.1,6.4,Weekly,1.8,Keep Away,0.3,2.8,5.0,NaN,7.4,23.0,6.0,Good
STU1557,4.14,2.0,1.0,51.9,29.6,36.1,50.0,1.8,Monthly,6.5,ACTIVELY USE,4.2,0.2,0.0,1.4,NaN,100.0,0.2,At-Risk
STU6104,7.92,0.0,0.0,79.0,85.9,96.5,87.2,7.4,Weekly,1.5, Silent ,NaN,1.9,6.0,7.9,14.0,24.0,3.2,Good
STU4722,8.27,0.0,0.0,100.2,95.6,91.5,100.3,6.8, Daily ,0.8,Silent,0.6,1.4,4.0,NaN,7.0,20.0,6.3,Good
STU3765,9.68,0.0,0.0,87.0,93.7,93.5,75.9,NaN,Daily,1.0,Keep Away,0.9,1.4,5.0,7.7,8.2,3.0,5.5,Good
STU3585,9.3,0.0,NaN,88.5,91.7,86.2,85.7,7.1, Weekly ,1.5,Keep Away,1.0,2.9,2.0,NaN,7.0,6.0,3.0,Good
STU1886,8.39,0.0,0.0,96.0,83.6,76.2,71.1,6.1,daily,1.3,Keep Away,0.3,2.4,6.0,3.3,8.8,25.0,6.3,Good
STU3145,8.68,0.0,NaN,99.5,96.9,72.4,83.0,5.9,Daily,1.6,Keep Away,0.9,1.2,NaN,4.6,7.6,26.0,NaN,Good
STU1867,4.22,5.0,1.0,34.9,39.2,NaN,48.1,NaN,NaN,7.6,Actively Use,3.5,0.2,1.0,0.1,5.7,71.0,0.5,At-Risk
STU5049,9.25,0.0,0.0,90.8,90.6,91.1,98.4,4.1,NaN,1.0,Keep Away,0.1,2.6,4.0,6.1,8.8,27.0,3.3,Good
STU6403,5.66,1.0,1.0,60.6,61.3,50.6,52.8,3.5,Monthly,3.3,Keep Away,0.7,0.9,1.0,1.9,6.7,58.0,2.7,At-Risk
STU4721,6.97,2.0,2.0,72.6,70.1,56.4,67.0,1.6,WEEKLY,3.0,KEEP AWAY,1.1,1.0,0.0,1.9,6.2,39.0,2.2,At-Risk
STU2875,3.39,3.0,3.0,41.2,NaN,31.9,23.5,-0.3,Only Before Exam,7.5,Actively Use,4.9,0.4,1.0,1.6,6.0,50.0,0.2,At-Risk
STU4331,4.71,4.0,2.0,39.1,30.1,29.9,16.1,1.6,Monthly,4.9,Actively Use,3.5,0.3,1.0,1.2,5.5,61.0,0.4,At-Risk
STU6280,6.5,2.0,1.0,57.3,70.6,68.6,66.0,3.7,MONTHLY,2.4,silent,NaN,1.1,NaN,1.4,7.6,23.0,1.4,Average
STU6761,8.56,0.0,0.0,80.2,97.2,80.7,90.9,6.2,Daily,NaN,KEEP AWAY,0.2,2.4,5.0,7.5,7.2,22.0,NaN,Good
STU3589,9.04,0.0,0.0,96.8,NaN,74.0,91.6,5.0,WEEKLY,0.2,Keep Away,0.1,NaN,2.0,3.1,7.4,10.0,NaN,Good
STU3268,6.38,1.0,1.0,62.7,58.0,62.1,51.4,3.8,Weekly,3.3,Keep Away,1.0,1.1,0.0,1.7,6.6,40.0,1.9,Average
STU2885,9.82,0.0,0.0,90.4,92.4,80.1,90.4,5.8,NaN,1.8, Keep Away ,0.4,1.9,3.0,5.2,8.8,21.0,6.8,Good
STU2891,7.54,0.0,0.0,77.9,92.4,75.8,94.2,5.2,Daily,0.1,KEEP AWAY,0.2,NaN,5.0,3.2,7.1,12.0,4.3,Good
STU6131,8.43,0.0,0.0,76.6,95.9,92.0,89.5,NaN,daily,1.5,Keep Away,0.7,2.1,3.0,6.1,8.7,17.0,3.0,Good
STU3008,NaN,1.0,1.0,65.2,66.4,51.6,58.6,4.0,Monthly,3.4,keep away,NaN,0.6,0.0,1.2,6.0,43.0,3.9,At-Risk
STU1827,9.54,0.0,0.0,76.8,96.1,82.6,90.7,8.0,WEEKLY,1.4,Keep Away,0.4,1.3,2.0,7.0,7.7,7.0,3.3,Good
STU3924,8.35,0.0,0.0,99.9,97.8,95.8,93.5,5.4,Weekly,NaN,Keep Away,1.0,NaN,6.0,3.5,7.4,21.0,5.8,Good
STU7235,7.83,0.0,0.0,90.0,92.3,79.9,NaN,4.8,Weekly,1.5,Silent,0.1,1.8,6.0,4.2,8.2,20.0,5.0,Good
STU2641,3.48,5.0,2.0,38.3,52.7,NaN,19.8,0.9,Never,4.2,SILENT,3.7,0.2,0.0,1.7,4.7,112.0,0.8,At-Risk
STU5411,7.78,0.0,0.0,80.0,91.4,72.3,74.2,4.7,Weekly,1.6,KEEP AWAY,0.9,1.7,5.0,7.9,8.7,19.0,3.9,Good
STU1526,9.09,0.0,0.0,79.1,87.8,97.8,NaN,6.5, Daily ,1.0,KEEP AWAY,NaN,2.0,3.0,4.4,7.8,11.0,6.4,Good
STU1563,7.56,0.0,0.0,97.6,87.7,78.7,73.7,7.0,Daily,0.2,Keep Away,0.6,1.6,5.0,3.7,8.6,27.0,3.9,Good
STU5849,7.85,0.0,0.0,93.7,99.9,80.0,NaN,4.3,NaN,1.5,Keep Away,0.5,1.6,2.0,6.8,7.5,13.0,4.7,Good
STU5702,9.15,NaN,0.0,71.9,98.6,97.4,87.3,7.3,WEEKLY,0.9,Silent,0.4,1.6,3.0,6.7,8.9,14.0,6.5,Good
STU0344,9.79,0.0,0.0,84.0,NaN,93.2,79.0,6.3,Daily,NaN,SILENT,0.9,2.6,2.0,6.4,8.5,NaN,6.8,Good
STU2543,9.44,0.0,0.0,76.1,86.1,77.3,90.5,6.5,Weekly,0.7,Keep Away,0.4,1.4,2.0,3.3,7.9,9.0,4.4,Good
STU3386,7.54,0.0,0.0,82.1,90.3,69.2,78.6,7.5,Daily,0.3, Silent ,0.9,2.7,2.0,7.2,8.5,23.0,3.3,Good
STU6438,8.12,0.0,0.0,98.7,85.0,73.0,75.6,NaN,DAILY,1.1,Keep Away,0.9,1.7,4.0,4.7,8.1,NaN,3.7,Good
STU2413,6.46,2.0,1.0,67.0,75.0,56.0,55.0,3.8,Monthly,3.1,Silent,1.5,NaN,2.0,3.3,7.0,22.0,1.2,Average
STU6323,8.02,0.0,0.0,98.6,87.2,82.6,93.1,6.2,daily,1.0,Keep Away,0.8,3.0,6.0,3.9,NaN,14.0,4.9,Good
STU2708,3.07,3.0,3.0,49.6,43.2,NaN,20.7,0.9,never,7.0,Actively Use,4.6,0.5,1.0,0.7,4.1,42.0,1.4,At-Risk
STU5093,6.55,1.0,1.0,74.1,75.7,62.6,55.8,3.6,Monthly,2.2,NaN,1.8,1.2,2.0,1.6,7.7,57.0,2.0,Average
STU6159,5.54,2.0,2.0,70.3,56.1,71.5,62.2,NaN,Weekly,2.8,Silent,1.7,NaN,1.0,2.6,6.0,35.0,3.4,At-Risk
STU1111,9.2,0.0,0.0,84.4,93.1,NaN,91.3,4.3,Daily,0.9,Keep Away,0.3,NaN,2.0,7.8,7.4,NaN,4.2,Good
STU3443,8.23,0.0,0.0,79.6,95.9,81.9,91.6,6.6, Daily ,0.3,Keep Away,0.1,1.8,3.0,4.8,8.4,23.0,5.5,Good
STU2214,5.17,NaN,1.0,45.1,21.2,41.5,30.0,0.8,Only Before Exam,6.2, Silent ,4.5,0.5,0.0,1.6,6.3,43.0,NaN,At-Risk
STU1360,3.92,3.0,2.0,42.4,46.8,49.2,21.0,0.5,Only Before Exam,3.9,Actively Use,3.0,0.4,0.0,1.5,4.8,118.0,NaN,At-Risk
STU2108,7.52,0.0,0.0,81.9,94.8,93.5,NaN,5.4,daily,0.2,NaN,0.2,2.6,6.0,6.0,7.5,26.0,4.0,Good
STU4806,9.69,0.0,0.0,NaN,88.6,74.3,98.6,NaN,Daily,1.2,Keep Away,0.8,2.6,3.0,6.3,7.3,13.0,5.9,Good
STU5975,7.72,0.0,0.0,100.9,100.7,96.3,84.3,7.1,Daily,1.7,Keep Away,0.3,2.2,2.0,7.8,7.6,24.0,5.7,Good
STU6821,6.68,2.0,1.0,74.7,81.0,52.2,NaN,2.7,NaN,2.8,Keep Away,1.8,1.3,1.0,1.4,7.1,53.0,1.3,Average
STU1379,4.58,4.0,3.0,38.8,44.2,42.1,23.1,0.7,Monthly,6.6,Actively Use,3.2,0.7,1.0,1.0,NaN,114.0,0.1,At-Risk
STU2829,6.27,2.0,1.0,72.1,67.0,69.3,59.8,3.6,monthly,3.1,Keep Away,1.0,0.9,0.0,NaN,6.4,50.0,1.9,At-Risk
STU0425,8.94,0.0,0.0,76.0,86.9,NaN,95.3,4.4,Daily,-0.1,Silent,0.4,2.7,3.0,4.3,7.8,17.0,3.2,Good
STU0293,7.29,1.0,1.0,67.7,83.1,59.5,NaN,1.9,Monthly,2.4,Keep Away,0.6,1.5,0.0,NaN,7.7,53.0,3.8,Average
STU1066,4.7,5.0,2.0,50.9,NaN,27.1,32.8,1.9,Monthly,2.9,Actively Use,4.9,0.5,0.0,0.7,5.0,97.0,0.3,At-Risk
STU2378,3.29,3.0,2.0,41.2,29.3,23.6,38.5,0.6,Monthly,6.8,ACTIVELY USE,2.3,1.0,0.0,1.5,4.1,44.0,1.0,At-Risk
STU5735,9.43,0.0,0.0,100.2,99.6,74.2,72.0,7.2,weekly,1.2,Silent,0.2,2.4,6.0,3.1,8.2,14.0,6.3,Good
STU6574,9.55,0.0,0.0,89.1,94.6,98.1,81.8,6.9,Daily,1.0,Keep Away,0.5,1.3,NaN,NaN,8.7,NaN,4.7,Good
STU5109,7.51,0.0,0.0,93.6,90.0,102.1,86.6,6.5,WEEKLY,NaN,Silent,0.5,NaN,6.0,5.8,8.4,22.0,4.9,Good
STU2128,5.15,4.0,4.0,32.7,28.5,45.7,21.4,1.3,Monthly,4.2,Actively Use,3.4,0.4,0.0,0.2,5.6,43.0,1.4,At-Risk
STU1718,6.29,1.0,1.0,69.8,62.2,52.5,62.0,3.4,monthly,2.4,Keep Away,1.3,1.4,1.0,2.9,6.7,51.0,1.4,At-Risk
STU0938,5.87,1.0,1.0,70.2,74.2,NaN,58.4,3.5, Weekly ,3.1,Silent,1.6,1.4,0.0,3.7,NaN,48.0,3.9,Average
STU3780,6.03,2.0,2.0,67.5,67.8,62.1,60.8,4.1,monthly,4.1,ACTIVELY USE,0.7,0.5,1.0,1.7,7.1,59.0,1.5,At-Risk
STU3965,NaN,2.0,2.0,NaN,57.7,24.2,42.0,0.9,Only Before Exam,6.1,Actively Use,1.2,0.2,1.0,0.9,5.9,81.0,1.6,At-Risk
STU3991,8.43,0.0,0.0,80.6,92.1,94.3,87.7,NaN,Daily,0.3,Silent,1.0,NaN,3.0,7.2,7.6,19.0,5.0,Good
STU4931,9.95,0.0,0.0,80.7,86.7,83.9,90.5,NaN,Weekly,0.6,SILENT,0.5,2.9,4.0,NaN,NaN,26.0,5.7,Good
STU6894,6.5,2.0,2.0,52.7,78.1,63.6,NaN,3.4,Weekly,3.4,ACTIVELY USE,1.6,0.8,0.0,3.2,7.4,28.0,2.6,At-Risk
STU0255,8.49,0.0,0.0,80.1,85.2,86.3,75.9,4.9,Weekly,1.2,Keep Away,1.0,2.2,2.0,NaN,7.1,26.0,6.8,Good
STU7155,5.07,2.0,1.0,47.7,58.6,38.4,34.0,1.6,MONTHLY,7.7,Actively Use,1.8,0.3,0.0,1.3,6.7,107.0,1.1,At-Risk
STU1483,8.09,0.0,0.0,83.7,86.5,88.6,76.8,5.0,Weekly,1.6,Silent,0.5,1.8,6.0,6.6,8.7,21.0,NaN,Good
STU0945,9.59,0.0,0.0,77.2,98.6,73.9,96.2,6.5,daily,0.3,Keep Away,0.6,1.6,5.0,3.9,8.7,28.0,4.6,Good
STU5504,9.61,0.0,0.0,75.4,86.8,82.1,81.1,4.7,daily,NaN,Silent,1.0,2.0,2.0,NaN,7.1,0.0,3.2,Good
STU7319,8.68,0.0,0.0,96.6,94.9,76.9,89.3,4.7,Weekly,0.5,Keep Away,0.7,1.6,6.0,3.2,8.0,8.0,5.6,Good
STU6281,9.09,0.0,0.0,89.3,NaN,78.8,78.0,7.1,DAILY,0.6,KEEP AWAY,0.7,1.4,2.0,7.4,8.7,NaN,6.1,Good
STU3184,6.17,1.0,1.0,NaN,75.7,62.6,68.1,2.2,Weekly,3.1,keep away,1.2,1.4,1.0,NaN,8.0,54.0,2.4,Average
STU3267,9.14,0.0,0.0,84.2,93.9,77.9,73.9,4.8,Weekly,0.7,keep away,1.0,2.9,2.0,7.1,7.5,1.0,4.8,Good
STU4820,7.97,0.0,0.0,86.2,99.8,83.3,NaN,5.5, Weekly ,2.1,Keep Away,0.3,1.9,5.0,4.4,7.4,17.0,4.7,Good
STU2908,8.97,0.0,0.0,94.4,98.7,88.1,73.3,4.4,daily,1.5,Keep Away,0.3,2.8,3.0,6.1,8.3,20.0,3.0,Good
STU0970,6.19,1.0,1.0,63.0,83.1,66.8,64.1,4.2,weekly,2.9,Keep Away,NaN,1.1,2.0,2.9,6.9,33.0,2.2,Average
STU0497,4.98,3.0,2.0,45.2,23.0,38.9,28.2,0.6,Monthly,6.7,actively use,4.2,0.4,1.0,1.9,5.3,41.0,1.5,At-Risk
STU5047,8.94,0.0,0.0,78.0,87.8,93.0,83.3,5.0,Weekly,NaN,Silent,0.5,1.4,2.0,4.2,8.6,10.0,NaN,Good
STU4902,9.14,0.0,0.0,76.1,86.6,88.2,73.9,7.1,Daily,1.3,Silent,0.7,2.8,6.0,3.7,7.5,26.0,4.0,Good
STU1830,6.74,1.0,1.0,69.0,72.3,66.4,62.8,3.5,Monthly,3.0,Keep Away,0.8,1.4,0.0,3.0,7.5,28.0,NaN,Average
STU2178,3.42,4.0,1.0,33.0,30.9,22.7,38.1,NaN,never,4.4,Actively Use,NaN,NaN,1.0,0.4,4.5,92.0,1.0,At-Risk
STU5836,8.55,0.0,0.0,82.9,90.1,73.5,71.8,4.1,NaN,0.8,Keep Away,0.3,1.8,3.0,6.0,NaN,26.0,3.8,Good
STU0338,8.53,0.0,0.0,85.1,91.3,88.0,98.0,4.6,Daily,1.8,Silent,0.7,NaN,6.0,5.8,8.7,16.0,3.1,Good
STU4827,9.01,0.0,0.0,98.9,86.6,82.6,83.3,7.7,Weekly,0.8,Keep Away,NaN,1.3,2.0,5.0,7.3,10.0,6.8,Good
STU4705,7.04,1.0,1.0,69.6,NaN,57.6,70.6,2.4,Weekly,3.6,Keep Away,1.9,0.6,0.0,3.8,7.7,37.0,2.8,Average
STU1149,6.31,2.0,2.0,64.4,80.2,63.2,70.2,1.8,Weekly,2.6,Silent,0.9,0.8,1.0,1.7,7.5,45.0,1.3,At-Risk
STU2244,8.88,0.0,0.0,78.1,96.7,90.1,94.4,4.7,Daily,0.7, Keep Away ,0.3,2.0,4.0,NaN,7.7,27.0,NaN,Good
STU5810,6.4,NaN,1.0,69.5,76.1,56.7,52.8,3.9,Weekly,2.4,Keep Away,NaN,1.2,2.0,2.9,7.2,56.0,3.0,Average
STU7406,7.82,0.0,0.0,86.9,NaN,86.3,75.4,6.7,Daily,0.3,keep away,0.8,2.5,3.0,7.6,7.1,25.0,5.2,Good
STU5006,9.64,0.0,0.0,87.4,90.8,81.7,94.6,5.2,WEEKLY,0.5,Silent,NaN,1.8,5.0,3.4,7.6,0.0,4.5,Good
STU6729,8.63,0.0,0.0,87.7,99.6,89.0,74.8,6.1,weekly,0.4,keep away,0.3,2.7,2.0,6.4,7.5,21.0,3.0,Good
STU3969,9.63,0.0,0.0,97.2,95.9,94.5,90.7,5.9,weekly,0.7,Keep Away,0.3,1.5,6.0,5.8,NaN,5.0,3.7,Good
STU2152,6.17,2.0,2.0,60.6,80.8,55.6,63.9,2.3,MONTHLY,3.5,Keep Away,1.3,0.8,0.0,2.5,7.5,26.0,1.0,At-Risk
STU2011,8.26,0.0,0.0,93.6,NaN,85.4,74.7,6.3,Daily,1.0,Keep Away,0.0,2.1,3.0,7.9,7.9,30.0,6.9,Good
STU2492,6.43,2.0,NaN,71.6,65.0,62.9,55.7,2.6,NaN,2.8,Actively Use,1.9,1.1,2.0,NaN,7.7,46.0,1.8,At-Risk
STU7299,5.96,2.0,2.0,74.9,78.2,71.6,63.0,2.8,Weekly,3.7,Keep Away,1.4,1.2,1.0,2.0,8.0,24.0,3.6,Average
STU1811,8.86,0.0,0.0,NaN,88.0,90.8,82.5,6.0,Daily,1.0,Keep Away,0.9,2.4,5.0,3.2,8.7,24.0,NaN,Good
STU1995,3.25,3.0,1.0,51.5,24.4,27.4,21.3,1.6,Only Before Exam,3.1,Actively Use,2.2,0.6,1.0,0.8,4.7,61.0,0.6,At-Risk
STU4816,9.75,0.0,0.0,77.5,96.3,90.0,NaN,7.6,Weekly,-0.2,Silent,0.4,1.0,2.0,5.6,7.8,9.0,5.5,Good
STU2933,4.85,3.0,3.0,45.3,27.3,43.8,27.0,NaN,NEVER,6.2,Silent,2.1,0.2,1.0,0.3,4.7,112.0,0.3,At-Risk
STU2825,6.16,1.0,1.0,70.8,67.6,61.7,66.8,3.7,Weekly,3.2,Keep Away,0.9,NaN,2.0,3.2,NaN,53.0,1.2,Average
STU5666,7.53,0.0,0.0,97.0,90.2,82.4,83.6,6.7,Weekly,NaN,keep away,0.3,1.9,NaN,6.3,8.3,28.0,4.3,Good
STU2898,7.74,0.0,NaN,NaN,83.9,90.5,79.8,6.7,DAILY,0.3,Keep Away,0.2,1.8,6.0,4.9,7.2,27.0,7.0,Good
STU2276,3.27,4.0,3.0,45.3,58.1,35.4,46.7,2.0,never,7.4,SILENT,4.6,0.9,0.0,1.6,6.1,52.0,0.0,At-Risk
STU0435,9.67,0.0,0.0,78.1,101.4,77.6,82.3,7.1,Daily,0.8,Silent,0.6,NaN,4.0,6.7,7.5,29.0,3.2,Good
STU5396,9.07,0.0,0.0,78.9,NaN,87.3,81.7,NaN,Weekly,1.3,Keep Away,0.0,NaN,3.0,7.1,8.1,28.0,3.3,Good
STU6271,8.75,0.0,0.0,92.0,98.0,96.4,87.8,5.3,Weekly,1.0,keep away,NaN,1.5,4.0,5.6,7.0,22.0,5.4,Good
STU4502,8.96,0.0,0.0,76.4,90.1,NaN,97.1,4.5,WEEKLY,1.5,Silent,1.0,1.6,6.0,6.5,8.1,1.0,4.3,Good
STU2824,7.28,2.0,2.0,55.6,69.3,64.4,61.7,2.1,Weekly,2.5,Silent,NaN,1.1,2.0,NaN,6.3,59.0,2.0,Average
STU4918,6.87,2.0,2.0,68.5,64.4,NaN,60.3,NaN,Monthly,3.8,actively use,0.7,1.0,1.0,3.4,6.8,43.0,3.2,At-Risk
STU6856,9.51,0.0,0.0,74.8,95.4,NaN,88.2,7.1, Daily ,1.5,Keep Away,NaN,NaN,5.0,7.6,8.7,12.0,4.0,Good
STU5886,9.69,0.0,0.0,97.0,93.1,90.2,93.5,4.8,Daily,0.3,Keep Away,0.7,1.6,2.0,5.7,7.9,17.0,6.3,Good
STU3756,3.55,5.0,1.0,39.1,22.3,21.0,43.5,1.8,NaN,NaN,Actively Use,2.6,0.1,0.0,0.2,5.8,120.0,NaN,At-Risk
STU2505,4.46,3.0,1.0,54.3,32.3,50.1,38.6,2.2,Monthly,3.2,Actively Use,NaN,0.8,1.0,0.1,5.6,94.0,1.6,At-Risk
STU3212,5.66,1.0,1.0,57.9,80.6,68.2,54.7,2.9,Weekly,2.4,Actively Use,NaN,0.7,0.0,NaN,7.4,60.0,2.0,At-Risk
STU6448,8.29,0.0,0.0,89.3,NaN,NaN,84.6,5.2,Daily,0.3,Silent,NaN,3.0,2.0,4.8,8.5,24.0,3.3,Good
STU6412,8.5,0.0,0.0,76.9,92.2,97.9,70.9,4.4,Weekly,1.7,Keep Away,0.4,1.4,4.0,7.1,8.1,23.0,5.2,Good
STU5955,9.41,0.0,NaN,96.7,91.7,88.1,100.2,7.8,Weekly,1.6,Silent,0.7,NaN,3.0,5.7,7.0,24.0,4.7,Good
STU5654,9.51,0.0,0.0,88.4,86.2,75.1,94.2,4.3, Daily ,0.6,silent,0.6,1.4,4.0,4.1,8.6,27.0,4.2,Good
STU4642,9.06,0.0,0.0,90.4,93.4,74.7,78.5,4.5,Weekly,0.4,Keep Away,0.3,NaN,5.0,NaN,7.5,13.0,5.7,Good
STU4309,4.51,5.0,2.0,35.4,19.7,49.1,31.4,1.2,Never,NaN,Silent,4.5,0.6,0.0,1.0,6.2,107.0,NaN,At-Risk
STU4993,8.3,0.0,0.0,101.8,98.3,68.9,83.1,4.5,Daily,1.9,Keep Away,0.4,NaN,3.0,3.3,8.7,19.0,4.6,Good
STU3541,5.42,5.0,3.0,49.3,48.3,35.6,44.4,2.0,Never,7.8,Actively Use,NaN,0.9,1.0,0.5,5.1,117.0,0.7,At-Risk
STU3271,3.19,2.0,2.0,44.8,37.6,41.7,25.9,0.3,NaN,NaN,Actively Use,2.9,0.4,1.0,1.5,5.7,44.0,1.4,At-Risk
STU1942,8.93,0.0,0.0,98.9,97.4,84.4,88.9,3.8, Weekly ,0.3,Keep Away,0.3,1.2,6.0,4.4,7.5,30.0,6.9,Good
STU1892,9.47,0.0,0.0,NaN,94.6,97.6,70.6,7.8,Weekly,0.8,NaN,0.9,1.2,3.0,6.6,8.5,0.0,7.0,Good
STU5013,5.58,1.0,1.0,NaN,80.8,67.4,60.0,3.1,Weekly,3.4,Keep Away,NaN,0.9,2.0,1.5,7.6,30.0,2.5,Average
STU3600,5.18,5.0,3.0,47.9,31.0,27.6,NaN,0.3,NaN,6.2,Silent,NaN,0.4,0.0,0.9,6.9,103.0,1.7,At-Risk
STU6820,8.94,0.0,0.0,88.5,89.8,93.1,98.2,5.4,Daily,1.0,SILENT,NaN,1.5,5.0,NaN,9.0,11.0,5.5,Good
STU5386,9.12,0.0,0.0,97.5,87.7,93.4,88.6,7.0,Daily,NaN,Keep Away,0.5,NaN,6.0,NaN,7.9,17.0,6.8,Good
STU4911,6.23,2.0,2.0,57.1,77.9,61.1,53.4,3.2,Weekly,2.4,Keep Away,0.9,1.2,2.0,NaN,7.2,18.0,3.4,Average
STU1266,7.79,0.0,0.0,76.0,98.1,84.8,70.5,6.6,Weekly,0.7,silent,0.5,1.4,2.0,NaN,8.9,4.0,3.3,Good
STU4439,8.64,0.0,0.0,76.3,89.7,77.5,99.2,4.6,Daily,0.6,Keep Away,0.6,1.7,5.0,5.4,8.9,3.0,5.0,Good
STU2598,5.08,NaN,1.0,45.0,21.0,31.4,34.6,1.7,Monthly,4.6,Silent,4.9,0.7,1.0,0.7,4.2,115.0,0.4,At-Risk
STU1411,4.65,5.0,NaN,35.1,50.2,40.8,32.5,NaN,Only Before Exam,3.6,Actively Use,2.1,0.1,0.0,1.6,6.1,86.0,NaN,At-Risk
STU1215,7.04,1.0,1.0,64.5,64.9,69.5,57.7,3.6,Monthly,2.9,Keep Away,1.0,1.5,2.0,NaN,6.3,NaN,1.7,Average
STU0967,3.84,2.0,2.0,35.9,56.8,44.9,37.6,NaN,NEVER,4.6,Actively Use,3.6,0.4,0.0,1.7,6.9,44.0,1.6,At-Risk
STU1231,8.93,0.0,0.0,94.4,86.6,80.9,97.6,5.2,Weekly,0.8,keep away,1.0,1.4,5.0,3.3,8.6,15.0,6.5,Good
STU6440,3.27,4.0,4.0,44.3,50.1,41.5,47.7,1.1,NaN,5.1,Silent,1.1,0.0,0.0,1.4,5.5,46.0,1.3,At-Risk
STU4792,9.65,0.0,0.0,81.7,89.4,NaN,74.5,5.0,Weekly,1.5,Keep Away,0.5,1.4,5.0,3.2,8.0,28.0,6.0,Good
STU6218,9.12,0.0,0.0,87.2,91.1,74.9,80.0,4.6,DAILY,0.3, Keep Away ,0.5,1.3,4.0,7.0,7.0,30.0,4.3,Good
STU0606,3.64,4.0,2.0,38.1,48.8,18.3,46.5,0.4,Monthly,3.8,Actively Use,2.5,0.5,0.0,0.7,5.1,103.0,1.9,At-Risk
STU0105,5.3,5.0,2.0,45.8,50.8,35.7,21.0,0.3,Monthly,6.4,Actively Use,2.7,0.2,1.0,NaN,4.2,80.0,NaN,At-Risk
STU0646,6.71,1.0,1.0,57.9,79.0,56.2,56.7,2.9,Monthly,2.3,Silent,1.6,0.8,2.0,3.0,6.3,19.0,3.1,Average
STU5501,8.57,0.0,0.0,77.9,85.6,67.8,83.1,7.0,weekly,0.6,KEEP AWAY,0.5,2.4,6.0,5.7,7.0,1.0,4.5,Good
STU4591,9.44,0.0,0.0,95.0,92.5,85.9,68.2,6.3,Daily,1.2,Keep Away,0.9,NaN,4.0,7.1,8.4,26.0,5.7,Good
STU3089,9.72,0.0,0.0,86.0,99.2,69.3,96.2,6.6,Daily,1.2,Keep Away,0.7,2.7,4.0,7.3,7.5,16.0,3.8,Good
STU6584,7.65,0.0,0.0,96.4,97.7,79.4,76.9,4.7,Weekly,0.2,Silent,NaN,1.2,6.0,6.3,8.1,4.0,5.3,Good
STU1020,8.88,0.0,0.0,81.8,94.8,101.2,72.0,NaN,Daily,1.1,Keep Away,1.0,2.5,NaN,7.5,7.8,9.0,7.0,Good
STU0092,9.02,0.0,0.0,89.6,87.6,75.0,75.8,4.4,Daily,1.5,Keep Away,NaN,1.1,6.0,7.8,8.9,19.0,6.7,Good
STU5209,7.35,1.0,1.0,72.6,80.6,69.4,57.3,3.0,Weekly,3.3,Silent,1.8,1.3,1.0,3.3,7.4,36.0,2.9,Average
STU2871,7.58,0.0,0.0,89.7,97.7,93.5,89.9,7.7,Daily,1.5,Keep Away,0.4,1.3,3.0,6.2,NaN,25.0,3.3,Good
STU0909,5.63,1.0,1.0,59.0,62.5,58.3,60.4,3.3,Monthly,3.4,Silent,1.5,NaN,1.0,2.2,6.9,54.0,2.2,At-Risk
STU5571,8.21,0.0,0.0,89.7,99.1,79.5,88.2,6.4,Daily,0.4,NaN,0.8,1.8,2.0,5.5,8.2,29.0,4.6,Good
STU5838,6.08,1.0,1.0,NaN,NaN,62.0,67.0,2.5,Weekly,2.5,SILENT,NaN,0.5,1.0,2.0,7.1,18.0,2.0,Average
STU2151,9.51,0.0,0.0,87.4,91.9,89.9,82.4,5.9,Weekly,2.1,NaN,0.1,NaN,2.0,7.4,8.4,11.0,6.5,Good
STU0239,3.55,3.0,1.0,32.7,NaN,NaN,48.5,0.7,Only Before Exam,7.7,Silent,3.3,0.4,0.0,1.2,5.6,75.0,1.5,At-Risk
STU3141,9.82,0.0,0.0,81.1,100.0,92.7,70.1,5.3,Daily,0.9,Silent,0.6,2.4,5.0,4.1,8.6,15.0,6.4,Good
STU0943,5.55,2.0,1.0,56.6,85.0,51.6,64.3,2.1,Weekly,2.1,SILENT,1.3,NaN,1.0,3.9,8.0,23.0,3.3,Average
STU1271,7.49,2.0,2.0,63.0,70.9,NaN,52.7,2.4,Monthly,3.4,KEEP AWAY,0.9,NaN,0.0,1.8,6.0,59.0,2.6,At-Risk
STU0939,5.55,2.0,1.0,62.6,81.5,56.7,55.7,2.6,Monthly,3.0,Keep Away,1.2,1.2,0.0,3.7,7.2,43.0,1.6,Average
STU5521,6.74,1.0,NaN,62.9,61.3,61.7,56.3,2.3,Weekly,2.2,Actively Use,NaN,0.6,0.0,NaN,7.9,59.0,1.3,At-Risk
STU3230,8.84,0.0,0.0,83.4,94.2,97.7,94.3,NaN,Daily,1.6,Keep Away,0.8,2.4,2.0,NaN,7.8,4.0,5.6,Good
STU3552,5.1,3.0,NaN,NaN,58.3,36.6,19.7,0.6, Monthly ,4.4,Actively Use,3.2,0.9,0.0,1.7,4.6,81.0,1.0,At-Risk
STU1863,3.65,5.0,4.0,29.9,27.3,NaN,26.9,NaN,Only Before Exam,3.2,Actively Use,4.7,0.9,1.0,1.8,6.3,NaN,0.2,At-Risk
STU1670,8.05,0.0,0.0,76.8,94.4,72.8,90.5,5.7,Weekly,-0.0,Keep Away,0.8,2.2,4.0,4.2,8.8,28.0,3.2,Good
STU0006,8.47,0.0,0.0,82.4,98.1,81.6,78.4,6.2,Daily,0.2,KEEP AWAY,0.8,NaN,5.0,7.9,8.5,10.0,3.8,Good
STU4344,6.6,1.0,1.0,62.6,NaN,51.8,66.1,NaN,Weekly,4.2,Keep Away,1.8,1.4,2.0,2.8,6.1,48.0,3.7,Average
STU3944,4.61,4.0,2.0,55.0,41.7,NaN,27.4,1.1,Monthly,5.6,NaN,4.0,0.9,1.0,NaN,7.0,49.0,NaN,At-Risk
STU3014,8.06,0.0,0.0,87.1,95.2,75.9,97.8,7.9,Daily,1.8,Keep Away,NaN,1.3,6.0,5.8,8.6,28.0,3.2,Good
STU0019,8.31,0.0,0.0,93.8,95.0,95.5,90.4,6.6,Weekly,0.4,KEEP AWAY,0.4,1.5,5.0,4.2,8.8,12.0,4.6,Good
STU6266,9.13,0.0,0.0,96.1,98.5,91.9,85.4,6.0, Daily ,1.0,KEEP AWAY,0.4,1.5,2.0,3.2,8.3,8.0,6.6,Good
STU1971,5.78,1.0,1.0,63.0,59.4,60.8,67.9,3.6,Monthly,3.6,Keep Away,0.7,1.0,2.0,1.9,7.8,22.0,1.5,Average
STU2710,6.55,2.0,2.0,61.4,69.8,50.0,63.2,2.5,Weekly,3.3,Keep Away,1.4,1.2,1.0,3.4,7.3,NaN,2.3,Average
STU2233,4.41,4.0,2.0,30.3,33.1,40.0,26.9,0.8,Never,6.2,Actively Use,3.6,0.1,1.0,1.2,4.4,80.0,0.5,At-Risk
STU6419,7.62,0.0,0.0,89.2,95.5,99.7,75.6,6.7,Weekly,1.0,Keep Away,0.5,2.4,3.0,4.2,7.7,7.0,4.5,Good
STU6578,6.29,1.0,1.0,72.8,72.5,60.1,62.6,3.1,Weekly,4.1, Keep Away ,0.8,1.4,2.0,3.7,6.0,17.0,2.9,Average
STU0812,8.67,0.0,0.0,98.6,95.3,88.9,89.4,NaN,DAILY,0.5,Keep Away,0.6,NaN,5.0,3.2,8.7,6.0,5.7,Good
STU1301,3.85,4.0,2.0,52.7,48.2,39.9,28.3,0.4,monthly,6.9,Actively Use,3.7,0.7,0.0,1.1,NaN,118.0,1.5,At-Risk
STU5432,7.42,2.0,NaN,63.7,68.0,70.5,55.6,1.9,Weekly,3.6,Keep Away,0.8,NaN,1.0,NaN,6.2,41.0,2.5,Average
STU7300,7.87,0.0,0.0,80.5,95.9,68.7,80.5,6.2,Daily,0.4,Keep Away,0.9,2.8,4.0,7.8,NaN,26.0,3.3,Good
STU0261,8.18,0.0,0.0,82.6,NaN,NaN,93.4,6.4,Daily,1.2,Keep Away,0.1,NaN,6.0,7.2,8.7,11.0,NaN,Good
STU1805,5.37,5.0,3.0,47.4,23.4,40.6,40.2,0.2,ONLY BEFORE EXAM,6.4,ACTIVELY USE,1.3,0.5,1.0,0.0,6.8,98.0,1.5,At-Risk
STU1571,7.38,1.0,1.0,76.0,79.3,60.9,64.4,3.4,Weekly,NaN,keep away,1.4,1.5,1.0,3.1,7.9,26.0,NaN,Average
STU6326,9.38,0.0,0.0,98.0,85.9,76.4,93.0,5.5,Weekly,1.7,Keep Away,0.9,1.3,6.0,6.5,7.1,NaN,4.6,Good
STU4281,3.98,4.0,4.0,NaN,25.6,26.6,18.5,0.9,Monthly,3.6,actively use,NaN,0.9,0.0,1.3,4.2,59.0,0.7,At-Risk
STU2455,3.1,5.0,3.0,28.3,37.9,39.7,29.3,0.3,Monthly,NaN,Actively Use,3.4,0.2,1.0,NaN,5.9,NaN,0.7,At-Risk
STU1744,NaN,3.0,1.0,49.9,40.6,30.6,49.9,1.5,Monthly,4.4,Silent,2.3,NaN,1.0,NaN,5.3,114.0,0.1,At-Risk
STU7010,6.43,1.0,1.0,56.4,79.0,54.5,53.4,NaN,Weekly,2.1,Actively Use,1.3,1.3,2.0,1.6,7.7,38.0,2.0,Average
STU1631,8.38,0.0,0.0,76.2,88.2,75.7,80.1,7.5,weekly,0.6,Keep Away,0.7,1.2,6.0,6.0,8.0,5.0,6.9,Good
STU1717,8.73,0.0,0.0,91.0,85.5,74.8,82.4,6.2, Weekly ,2.0,Silent,1.0,2.7,6.0,4.6,8.9,6.0,5.8,Good
STU0521,9.8,0.0,NaN,77.9,93.0,89.8,92.4,6.4,Weekly,0.1,NaN,0.8,2.4,4.0,3.4,7.9,18.0,3.7,Good
STU3938,6.06,1.0,1.0,72.9,84.5,68.1,60.5,3.9,Weekly,3.6,keep away,1.0,0.6,1.0,3.0,7.4,37.0,1.4,Average
STU6525,7.78,0.0,0.0,84.9,94.0,92.0,NaN,7.5,Weekly,1.7,Silent,0.8,2.9,6.0,7.2,7.5,6.0,5.6,Good
STU6113,8.7,0.0,0.0,75.8,90.6,83.0,95.6,NaN,WEEKLY,0.6,Silent,NaN,2.9,3.0,6.6,8.5,8.0,4.1,Good
STU3483,4.42,3.0,3.0,35.1,41.5,38.7,43.2,-0.1,Only Before Exam,4.1,Silent,1.4,0.1,1.0,1.9,6.9,105.0,1.5,At-Risk
STU1659,8.18,0.0,0.0,90.7,99.7,76.1,75.1,4.4,Weekly,0.2,keep away,0.1,1.2,5.0,5.2,7.5,2.0,5.8,Good
STU3473,3.87,3.0,1.0,47.1,24.5,44.3,30.3,1.2,Only Before Exam,NaN,ACTIVELY USE,3.1,0.7,1.0,1.3,4.8,83.0,NaN,At-Risk
STU5709,8.64,0.0,0.0,86.5,99.4,98.5,95.3,7.3,NaN,1.7,Keep Away,NaN,1.3,6.0,4.7,NaN,17.0,6.7,Good
STU2476,4.06,2.0,NaN,46.1,36.8,46.1,32.7,2.2,Never,5.6,Actively Use,3.6,1.0,1.0,NaN,6.2,76.0,0.3,At-Risk
STU3949,9.12,0.0,0.0,77.8,83.5,96.3,91.1,6.8,Weekly,-0.1,Silent,0.2,2.6,3.0,3.7,8.4,22.0,5.3,Good
STU6223,6.11,2.0,1.0,71.7,60.4,64.2,65.4,2.5,Weekly,2.2,Keep Away,0.6,NaN,2.0,3.4,7.9,38.0,3.7,Average
STU3935,4.77,5.0,2.0,51.4,NaN,40.3,26.1,1.3,Never,3.6,Silent,3.7,NaN,0.0,NaN,5.4,99.0,1.1,At-Risk
STU3646,8.32,0.0,0.0,86.3,85.4,90.8,101.2,7.7,Weekly,0.6,Keep Away,NaN,2.9,6.0,7.5,8.8,30.0,6.1,Good
STU0764,7.37,1.0,1.0,65.4,79.0,57.0,66.2,3.1,Weekly,3.7,keep away,1.1,1.5,2.0,3.5,7.7,29.0,1.5,Average
STU4704,9.12,0.0,NaN,101.1,95.1,83.2,82.3,4.8,Daily,0.9,Keep Away,0.4,1.5,3.0,7.6,7.1,7.0,5.3,Good
STU4327,5.14,2.0,1.0,41.9,26.7,44.3,32.7,1.5,Only Before Exam,NaN,Silent,4.6,0.9,NaN,0.8,6.3,51.0,0.5,At-Risk
STU4428,6.07,1.0,1.0,65.6,85.6,NaN,53.9,2.5,monthly,3.9,Silent,1.1,1.4,1.0,NaN,7.7,23.0,1.3,Average
STU5537,6.43,NaN,1.0,59.6,68.2,65.3,49.7,2.8,Monthly,2.9,Silent,NaN,1.1,2.0,NaN,8.1,57.0,3.8,Average
STU6024,9.18,0.0,0.0,92.0,93.9,72.2,80.5,5.6,Weekly,1.8,Silent,1.0,1.8,4.0,5.8,6.9,4.0,3.0,Good
STU1092,3.42,4.0,4.0,32.1,56.8,50.2,24.2,0.0,Only Before Exam,4.7,actively use,2.8,0.2,0.0,NaN,4.5,44.0,1.5,At-Risk
STU3609,5.05,3.0,2.0,34.8,21.6,24.3,32.5,-0.9,Only Before Exam,7.6,Actively Use,3.9,1.0,0.0,0.2,4.4,106.0,0.2,At-Risk
STU1102,3.47,NaN,2.0,50.2,19.8,32.4,29.2,1.2,Only Before Exam,7.4,actively use,2.4,0.4,0.0,2.0,6.3,69.0,1.8,At-Risk
STU5226,9.0,0.0,0.0,80.0,86.3,71.6,90.7,5.4,weekly,0.3,Keep Away,0.1,2.5,2.0,6.8,8.7,13.0,5.6,Good
STU4558,7.13,NaN,1.0,56.6,79.0,53.8,58.6,3.1,Monthly,2.7,Silent,0.5,1.3,2.0,3.5,7.0,26.0,1.5,Average
STU0959,7.63,0.0,0.0,85.5,85.8,100.4,79.6,7.6,Daily,1.2,Silent,0.3,NaN,2.0,7.2,NaN,23.0,NaN,Good
STU5759,8.68,0.0,NaN,91.3,95.3,86.8,92.8,7.4,weekly,0.0,KEEP AWAY,0.9,2.6,2.0,6.6,8.7,1.0,5.1,Good
STU0560,9.15,0.0,0.0,97.8,87.6,75.7,92.4,7.4,Daily,1.9,keep away,0.4,NaN,4.0,5.2,7.4,12.0,NaN,Good
STU6991,9.9,0.0,0.0,86.9,95.0,88.8,NaN,8.0,Weekly,0.5,Keep Away,1.0,NaN,6.0,NaN,7.2,26.0,4.0,Good
STU6835,9.25,0.0,0.0,97.0,87.2,71.9,NaN,7.0,Daily,0.3,Keep Away,0.5,2.4,4.0,6.6,7.8,19.0,5.8,Good
STU7189,3.18,3.0,1.0,36.5,31.3,48.2,41.7,0.7,Never,6.9,Actively Use,NaN,0.4,1.0,0.3,7.0,91.0,NaN,At-Risk
STU1520,4.96,2.0,2.0,33.8,23.8,41.1,43.0,0.2,monthly,3.7,Silent,NaN,0.3,0.0,0.3,4.4,106.0,0.6,At-Risk
STU6237,8.36,0.0,0.0,78.5,96.0,89.1,86.5,4.7, Daily ,0.3,Keep Away,0.6,NaN,4.0,NaN,8.5,11.0,6.3,Good
STU7298,6.26,1.0,1.0,74.1,65.8,63.9,48.1,3.8,Weekly,4.0, Keep Away ,0.9,0.6,0.0,NaN,7.7,35.0,1.9,Average
STU6129,8.47,0.0,0.0,84.8,100.6,75.1,99.3,5.6,Daily,0.6,Keep Away,0.0,1.3,3.0,6.8,8.2,12.0,4.0,Good
STU2485,9.87,0.0,0.0,79.0,92.6,73.0,98.0,7.0,Daily,0.7, Keep Away ,0.7,1.4,5.0,NaN,7.8,8.0,4.0,Good
STU6635,8.61,0.0,0.0,93.2,90.3,74.3,96.5,5.7,Daily,0.8, Silent ,0.4,1.6,6.0,NaN,7.5,26.0,6.1,Good
STU0367,9.11,0.0,0.0,77.6,97.5,93.9,79.4,4.5,WEEKLY,0.4,Keep Away,0.1,1.2,5.0,5.6,7.5,24.0,4.4,Good
STU3902,5.54,1.0,1.0,62.7,73.8,55.6,63.4,3.1,Monthly,2.8,Keep Away,NaN,1.5,2.0,NaN,7.7,31.0,1.7,Average
STU6194,7.91,0.0,0.0,97.4,NaN,82.4,84.4,6.5,weekly,0.9,KEEP AWAY,0.6,2.7,NaN,3.7,7.5,0.0,6.2,Good
STU1949,7.7,0.0,0.0,95.5,NaN,76.1,95.0,6.6,Daily,2.1,Keep Away,0.9,2.8,5.0,NaN,NaN,20.0,7.0,Good
STU4166,8.03,0.0,0.0,75.3,94.7,96.4,87.1,NaN,NaN,1.1,SILENT,0.5,1.3,4.0,6.7,8.0,12.0,4.6,Good
STU1573,4.86,2.0,2.0,34.9,31.0,44.1,26.0,NaN,Never,2.8,Silent,2.4,NaN,1.0,0.2,6.7,43.0,1.8,At-Risk
STU0809,3.58,3.0,3.0,48.6,42.4,45.7,41.2,0.1,Never,6.6,Actively Use,4.2,0.3,0.0,0.3,4.0,78.0,0.9,At-Risk
STU3233,7.87,0.0,0.0,85.5,100.2,99.6,79.7,4.5,Weekly,0.7,Keep Away,0.3,2.3,6.0,5.5,8.6,10.0,5.8,Good
STU3947,8.98,0.0,0.0,83.1,88.0,80.9,99.8,7.7,Daily,1.5,Keep Away,0.7,2.4,6.0,5.3,8.0,12.0,5.5,Good
STU0012,7.8,0.0,0.0,82.4,99.7,79.3,86.1,NaN,Daily,0.7,Keep Away,1.0,2.9,2.0,4.3,NaN,27.0,4.2,Good
STU2026,9.93,0.0,0.0,90.2,99.0,66.3,88.6,NaN,Daily,-0.0,Keep Away,0.5,2.5,2.0,5.1,8.4,8.0,5.0,Good
STU6289,7.71,0.0,0.0,NaN,91.0,91.9,95.5,5.9,Weekly,NaN,Keep Away,0.0,1.1,3.0,4.0,7.7,NaN,3.7,Good
STU5014,9.91,0.0,0.0,92.7,92.0,92.4,85.7,4.4,Daily,1.2,Keep Away,0.9,2.7,4.0,5.9,7.9,4.0,3.0,Good
STU5548,7.04,2.0,2.0,73.6,71.9,58.4,54.3,3.1,Monthly,3.3,Keep Away,2.0,1.1,0.0,NaN,7.0,46.0,NaN,At-Risk
STU6784,4.12,4.0,2.0,34.0,43.3,NaN,43.2,0.9, Never ,7.3, Silent ,4.1,0.1,1.0,0.3,4.0,66.0,0.7,At-Risk
STU0177,7.96,0.0,0.0,98.1,94.4,75.8,82.3,6.7,Daily,0.2,Keep Away,0.9,2.6,2.0,5.5,8.8,10.0,4.7,Good
STU5091,8.3,0.0,0.0,85.7,96.5,76.5,96.3,4.4,Daily,1.9,Keep Away,0.5,2.1,6.0,8.0,8.7,29.0,6.6,Good
STU2489,6.15,1.0,NaN,55.7,77.4,56.5,56.9,2.2,monthly,2.3,Actively Use,0.8,NaN,0.0,NaN,NaN,39.0,2.9,At-Risk
STU3887,6.06,2.0,2.0,63.8,78.9,63.7,56.9,2.8,Weekly,3.9,Keep Away,0.9,1.1,0.0,1.8,7.0,46.0,1.1,Average
STU2570,8.77,0.0,0.0,88.2,100.4,90.1,99.5,4.6,Weekly,1.8,Keep Away,NaN,2.6,4.0,7.3,7.5,30.0,4.6,Good
STU3521,8.43,0.0,0.0,78.6,100.3,87.8,73.2,5.6,Weekly,0.9,Keep Away,0.2,NaN,3.0,6.4,8.9,1.0,5.3,Good
STU3761,8.33,0.0,0.0,77.2,89.0,96.1,89.7,NaN,Daily,0.1,Silent,0.3,2.5,5.0,NaN,NaN,19.0,4.3,Good
STU7149,5.75,1.0,1.0,72.3,NaN,66.8,NaN,3.4,Monthly,2.1,Silent,1.4,0.9,2.0,1.3,7.7,16.0,2.6,Average
STU5352,7.63,0.0,0.0,76.1,93.4,NaN,75.9,4.6,DAILY,1.3,NaN,0.1,2.9,6.0,3.6,8.9,24.0,6.1,Good
STU3283,7.17,2.0,2.0,63.0,64.1,59.9,61.8,3.3,monthly,2.2,Silent,1.3,0.8,0.0,3.8,7.2,35.0,1.9,At-Risk
STU1665,9.06,0.0,0.0,94.0,93.5,94.2,NaN,7.4,NaN,1.4,KEEP AWAY,0.9,1.0,3.0,4.2,7.1,30.0,4.8,Good
STU2192,4.7,3.0,2.0,46.7,44.8,37.5,37.3,0.1,Monthly,6.1,Silent,2.9,0.4,0.0,1.7,4.0,59.0,0.5,At-Risk
STU6898,NaN,NaN,0.0,81.1,98.3,81.3,96.6,5.1,Weekly,0.0,KEEP AWAY,0.9,NaN,3.0,5.7,7.5,8.0,6.0,Good
STU6664,3.42,2.0,1.0,37.3,41.6,26.2,28.7,1.8,Monthly,5.6,Actively Use,4.5,0.3,0.0,1.2,6.5,57.0,0.8,At-Risk
STU6532,9.93,0.0,0.0,96.9,93.7,67.4,97.0,7.2,Daily,1.7,Keep Away,0.0,1.1,6.0,NaN,8.7,1.0,7.0,Good
STU3371,4.16,2.0,1.0,43.7,56.7,44.9,32.2,1.2,Never,5.9,Silent,1.3,0.9,0.0,0.9,5.0,92.0,1.8,At-Risk
STU6967,6.99,NaN,1.0,57.0,68.4,59.7,61.0,1.9,Monthly,3.0,Keep Away,1.0,1.1,2.0,NaN,7.9,15.0,3.6,Average
STU5887,9.11,0.0,0.0,96.5,99.2,98.8,98.5,4.9,Daily,1.5,Keep Away,NaN,2.2,6.0,7.7,7.4,NaN,6.4,Good
STU6573,8.36,0.0,0.0,81.9,90.3,87.5,90.3,6.2,Weekly,2.0,Keep Away,0.7,2.8,2.0,5.4,7.0,4.0,5.4,Good
STU2661,3.12,4.0,3.0,38.0,27.7,41.5,NaN,1.0,Never,6.8,Silent,4.8,0.7,0.0,0.2,4.2,NaN,1.5,At-Risk
STU7177,7.25,2.0,1.0,62.7,77.3,65.2,58.9,2.3,MONTHLY,3.7,Actively Use,1.3,1.1,2.0,3.9,6.6,52.0,3.4,Average
STU4253,9.46,0.0,0.0,82.8,102.9,78.4,72.4,6.4,Daily,0.6,Silent,0.2,2.9,5.0,6.2,8.9,25.0,5.3,Good
STU6684,8.86,0.0,0.0,94.9,86.7,88.6,86.9,4.5,Daily,1.5,Keep Away,0.3,1.4,4.0,4.4,8.2,18.0,5.3,Good
STU3579,3.07,3.0,3.0,36.8,42.0,29.1,41.3,0.6, Monthly ,8.1,NaN,NaN,0.8,NaN,1.9,NaN,91.0,1.5,At-Risk
STU5557,9.13,0.0,0.0,75.5,100.0,70.9,71.0,NaN,WEEKLY,2.0,Keep Away,0.1,2.7,5.0,3.8,7.2,28.0,6.1,Good
STU2047,4.62,3.0,3.0,35.9,37.3,18.9,28.2,1.1,never,7.1,SILENT,2.9,0.6,1.0,1.7,4.8,104.0,1.4,At-Risk
STU5947,8.93,0.0,0.0,96.6,85.5,98.7,71.2,6.7, Daily ,0.8,Keep Away,0.0,2.9,5.0,3.7,8.6,1.0,4.3,Good
STU6606,7.44,1.0,1.0,57.8,76.3,61.5,63.0,NaN,Monthly,2.7,Silent,0.6,NaN,1.0,1.8,6.2,30.0,1.5,Average
STU2625,10.0,0.0,0.0,84.6,92.0,87.6,89.1,NaN,Weekly,0.4,NaN,0.8,2.0,6.0,3.7,8.0,30.0,4.0,Good
STU3411,5.79,1.0,1.0,68.6,NaN,50.5,58.6,3.4,Weekly,3.2, Silent ,0.9,1.4,2.0,1.7,6.5,55.0,2.1,Average
STU6400,9.61,0.0,0.0,84.4,87.6,72.2,83.4,7.8,Weekly,0.1,Silent,0.7,2.1,NaN,6.3,7.4,21.0,3.3,Good
STU7124,8.15,0.0,0.0,85.4,96.7,91.2,88.8,4.3,Daily,1.2,Keep Away,0.2,2.4,6.0,7.9,8.4,30.0,5.8,Good
STU6102,8.84,0.0,0.0,92.7,87.9,77.1,80.3,5.9,daily,1.7,Silent,0.2,2.6,2.0,5.5,8.8,20.0,5.3,Good
STU1186,9.25,0.0,0.0,100.0,92.5,81.4,83.8,6.3, Daily ,0.8,Silent,NaN,1.0,3.0,3.5,7.3,19.0,5.8,Good
STU1007,7.87,0.0,0.0,98.7,93.5,98.5,73.6,6.4,Daily,0.2,Keep Away,0.8,2.2,4.0,6.1,7.1,10.0,3.8,Good
STU3570,4.47,5.0,1.0,49.9,41.8,30.6,40.1,0.6,NEVER,6.6,Silent,3.8,0.5,0.0,NaN,6.5,75.0,1.0,At-Risk
STU3738,6.88,1.0,1.0,75.9,70.4,67.1,65.0,2.0,Weekly,3.8,Silent,1.2,1.5,1.0,2.6,6.5,35.0,3.9,Average
STU4657,9.87,0.0,0.0,81.7,92.1,81.7,87.9,4.9,Daily,1.1,Silent,0.2,2.2,4.0,4.8,7.4,13.0,5.8,Good
STU6353,9.62,0.0,NaN,86.9,89.8,98.8,97.1,3.8,Weekly,0.9,NaN,0.2,1.5,6.0,NaN,7.3,23.0,3.0,Good
STU5007,6.01,1.0,1.0,57.3,72.2,NaN,57.2,2.6,MONTHLY,2.6,Keep Away,1.8,1.0,1.0,1.4,7.3,18.0,NaN,Average
STU5408,9.31,0.0,0.0,93.4,89.5,79.4,85.0,5.1,Weekly,1.6,Keep Away,NaN,1.6,3.0,7.4,7.4,20.0,6.5,Good
STU2050,8.89,0.0,0.0,96.2,89.4,90.4,96.8,7.0,daily,0.5,keep away,0.7,2.0,2.0,6.7,7.9,20.0,3.5,Good
STU4012,7.24,2.0,1.0,58.7,60.5,52.7,NaN,2.1,Monthly,2.8,NaN,1.2,1.0,2.0,NaN,6.9,40.0,1.0,Average
STU0270,7.76,0.0,0.0,80.4,NaN,90.3,77.3,4.1, Daily ,0.7,Keep Away,0.2,1.4,3.0,7.8,8.2,24.0,5.2,Good
STU1994,8.86,0.0,0.0,90.4,89.2,93.8,93.6,4.1,Daily,0.6,Keep Away,0.9,2.0,2.0,4.7,7.5,11.0,4.0,Good
STU0266,7.78,0.0,NaN,82.7,88.7,81.2,84.4,6.1,Daily,0.8,Silent,0.4,2.7,2.0,6.9,7.5,2.0,6.7,Good
STU0915,4.64,2.0,2.0,29.7,35.9,46.9,29.7,1.2, Never ,6.7,Silent,2.8,0.9,1.0,1.5,5.4,57.0,1.1,At-Risk
STU2279,6.95,2.0,2.0,NaN,75.4,65.6,59.9,2.6,Monthly,3.2,Silent,1.9,1.1,1.0,3.2,6.7,15.0,1.6,At-Risk
STU2232,5.34,5.0,2.0,44.8,25.4,35.7,36.8,1.7,Never,4.9,Silent,2.7,0.6,0.0,1.0,6.2,111.0,0.1,At-Risk
STU0291,7.88,0.0,0.0,90.5,88.2,98.9,84.6,6.4,daily,NaN,Silent,0.1,1.1,6.0,5.1,7.3,6.0,5.4,Good
STU2913,4.65,3.0,3.0,36.3,38.5,30.9,42.9,1.4,Monthly,3.2,Silent,2.2,0.5,0.0,1.5,6.3,69.0,1.0,At-Risk
STU7211,8.15,0.0,0.0,78.2,91.7,80.4,81.9,5.3,Weekly,-0.0,KEEP AWAY,0.2,1.6,4.0,7.4,8.9,15.0,4.1,Good
STU4970,7.12,2.0,2.0,63.4,71.7,60.2,60.3,2.3,Weekly,2.6,Keep Away,1.2,0.5,1.0,2.9,7.5,15.0,3.2,Average
STU2094,7.51,0.0,NaN,85.9,91.3,82.2,79.0,NaN,Daily,2.0,Keep Away,0.9,2.0,5.0,7.4,8.7,11.0,4.6,Good
STU6543,9.7,0.0,0.0,96.9,87.4,86.4,85.0,6.8,NaN,0.4,Keep Away,0.1,1.1,4.0,4.9,8.7,0.0,5.7,Good
STU4572,8.02,NaN,0.0,75.2,93.3,98.6,92.7,5.1,Weekly,1.1,Keep Away,0.0,NaN,2.0,NaN,8.7,6.0,NaN,Good
STU1653,6.43,1.0,1.0,67.3,65.4,56.1,67.1,3.6,MONTHLY,NaN,Keep Away,0.9,1.0,2.0,3.9,6.5,52.0,1.5,Average
STU6057,8.91,0.0,0.0,95.6,97.4,68.2,85.0,NaN,Weekly,0.7,Keep Away,0.5,1.8,3.0,4.7,7.2,19.0,5.0,Good
STU4142,3.04,3.0,3.0,NaN,48.9,50.3,44.9,NaN,NEVER,6.6,Silent,1.9,0.7,1.0,0.6,4.6,78.0,0.5,At-Risk
STU4258,6.77,2.0,2.0,68.5,78.0,53.9,56.5,3.1,NaN,3.0,NaN,1.1,0.5,0.0,3.7,7.8,47.0,2.4,At-Risk
STU3040,4.84,2.0,1.0,47.9,31.6,29.6,45.5,1.2,Monthly,4.3,Silent,3.9,0.3,0.0,1.2,7.0,70.0,0.6,At-Risk
STU6872,8.12,0.0,0.0,87.3,86.4,87.0,86.7,6.0,daily,1.2,Silent,0.5,NaN,2.0,4.3,7.9,10.0,3.8,Good
STU2678,8.67,0.0,0.0,96.2,86.9,71.7,90.1,5.2,Weekly,0.1,Keep Away,NaN,1.4,2.0,4.8,7.6,17.0,3.4,Good
STU0289,8.75,0.0,NaN,91.1,95.7,90.3,80.4,4.8,WEEKLY,1.3,KEEP AWAY,0.6,1.4,4.0,NaN,8.0,24.0,5.7,Good
STU3108,NaN,0.0,0.0,99.6,100.6,90.5,95.7,4.2,Weekly,0.9,Silent,0.0,NaN,5.0,6.2,8.7,0.0,5.5,Good
STU7386,5.73,2.0,1.0,63.5,61.5,59.6,61.8,2.7,Monthly,2.4,Actively Use,0.7,0.6,1.0,NaN,6.6,16.0,1.0,At-Risk
STU6045,8.31,0.0,0.0,85.8,87.9,92.6,74.8,4.1,Weekly,1.2,Silent,0.2,2.3,3.0,3.3,7.5,23.0,NaN,Good
STU0576,3.57,4.0,4.0,35.0,21.2,39.6,28.3,-0.0,ONLY BEFORE EXAM,4.2,ACTIVELY USE,4.2,0.9,0.0,1.0,5.0,84.0,2.0,At-Risk
STU0851,8.8,0.0,0.0,78.6,90.7,80.8,NaN,5.2,Daily,1.7, Keep Away ,0.2,1.1,2.0,6.1,9.0,16.0,4.3,Good
STU3884,7.91,0.0,0.0,91.2,95.6,95.6,98.5,4.9,Weekly,1.8,Keep Away,0.4,2.3,5.0,7.3,7.4,5.0,5.4,Good
STU5008,7.65,0.0,0.0,80.4,85.1,86.8,NaN,6.6,Weekly,1.1,Keep Away,0.4,2.1,2.0,5.2,7.1,12.0,5.7,Good
STU5351,8.95,0.0,0.0,95.9,97.2,92.7,79.6,4.5,Daily,0.6,Keep Away,NaN,1.0,6.0,3.9,7.7,15.0,6.5,Good
STU5930,8.86,0.0,0.0,81.7,97.7,79.7,88.9,5.6,Weekly,0.3,Silent,0.3,2.9,2.0,NaN,7.1,2.0,NaN,Good
STU1723,9.92,0.0,0.0,95.1,NaN,84.7,87.5,NaN,Weekly,0.3,Keep Away,0.4,2.2,5.0,NaN,NaN,20.0,NaN,Good
STU6230,9.57,0.0,0.0,98.6,85.4,82.1,97.5,5.9,Daily,1.6,silent,0.0,2.0,4.0,7.6,7.5,14.0,6.7,Good
STU5832,7.82,0.0,NaN,78.1,93.7,91.4,95.9,7.7, Daily ,1.0,KEEP AWAY,1.0,1.1,2.0,7.4,7.7,19.0,6.7,Good
STU5029,8.46,NaN,0.0,95.6,96.5,79.4,81.5,7.9,Daily,1.5,SILENT,0.2,1.6,4.0,3.4,8.4,4.0,4.3,Good
STU3950,9.35,0.0,0.0,89.9,92.9,77.6,89.9,7.4,Daily,0.1,silent,NaN,1.7,3.0,5.8,7.2,18.0,6.7,Good
STU1101,3.01,2.0,1.0,44.7,41.8,44.7,33.3,1.8,Never,6.4,actively use,4.4,0.1,1.0,NaN,6.2,50.0,0.3,At-Risk
STU1208,5.65,2.0,1.0,63.5,57.1,69.3,54.6,2.8,Monthly,3.6,Silent,1.6,0.7,1.0,1.2,7.5,28.0,2.2,At-Risk
STU6392,5.98,2.0,2.0,59.0,NaN,65.6,63.4,3.4,Weekly,3.5,Silent,1.7,1.3,0.0,3.4,6.9,30.0,1.2,At-Risk
STU1844,7.3,1.0,1.0,63.4,84.6,63.8,64.5,2.0,weekly,4.2, Actively Use ,NaN,1.3,NaN,1.2,6.4,30.0,3.9,Average
STU1849,8.35,0.0,0.0,75.3,98.7,NaN,98.5,5.8,Daily,0.9,keep away,0.7,2.8,5.0,4.9,7.9,2.0,4.7,Good
STU2525,4.23,3.0,NaN,49.7,35.9,33.4,NaN,1.9,Only Before Exam,7.3,Silent,4.9,0.4,0.0,1.6,5.1,65.0,NaN,At-Risk
STU3948,4.83,5.0,3.0,31.6,27.7,48.8,30.1,0.5,Monthly,5.2,Actively Use,2.2,0.1,0.0,0.4,6.1,101.0,0.4,At-Risk
STU1695,4.49,2.0,2.0,46.2,28.8,38.3,43.7,0.6,Never,6.8,Silent,2.4,0.8,1.0,0.1,5.7,112.0,1.9,At-Risk
STU4182,3.29,4.0,NaN,34.2,NaN,26.8,38.6,0.7,Monthly,7.2,NaN,3.2,NaN,0.0,NaN,6.7,119.0,0.1,At-Risk
STU4566,8.09,0.0,0.0,73.3,NaN,81.0,80.1,6.5,Daily,1.8,Keep Away,0.1,2.8,2.0,3.2,7.2,26.0,6.4,Good
STU6370,9.47,0.0,0.0,95.3,82.6,78.1,69.9,7.1,Weekly,0.9,Keep Away,0.1,1.4,3.0,6.2,8.0,19.0,6.8,Good
STU3961,5.39,5.0,2.0,46.8,58.4,33.5,46.7,-0.1,NaN,4.9,Silent,NaN,0.7,1.0,NaN,6.8,105.0,1.8,At-Risk
STU6919,9.55,0.0,0.0,83.5,93.9,81.7,81.5,NaN,WEEKLY,NaN,Keep Away,0.3,2.9,3.0,6.5,7.1,19.0,3.5,Good
STU6476,3.52,2.0,1.0,51.8,54.1,40.0,31.9,1.8,monthly,7.4,Actively Use,4.0,0.9,0.0,1.3,6.0,75.0,1.1,At-Risk
STU0234,7.68,0.0,0.0,90.3,101.0,75.3,94.2,7.7,Weekly,1.8,NaN,1.0,2.0,4.0,7.9,8.4,NaN,3.6,Good
STU6733,6.5,2.0,1.0,60.8,NaN,67.4,55.9,2.6,Weekly,3.2,actively use,1.2,NaN,0.0,1.5,7.3,33.0,2.1,At-Risk
STU6620,7.04,1.0,1.0,60.9,73.3,NaN,54.3,3.6,Weekly,2.4,silent,1.5,0.7,0.0,1.3,7.1,51.0,2.8,At-Risk
STU3333,3.04,5.0,2.0,51.4,21.4,29.6,48.0,2.0,NaN,4.0,Actively Use,3.2,NaN,0.0,0.9,6.6,57.0,1.5,At-Risk
STU5782,9.71,0.0,0.0,76.9,97.6,83.8,97.4,4.7,DAILY,NaN,KEEP AWAY,NaN,1.6,5.0,NaN,8.4,21.0,5.4,Good
STU2648,4.84,2.0,2.0,33.6,44.9,20.2,37.7,1.6,Monthly,6.8,Actively Use,1.7,0.6,0.0,0.4,6.8,40.0,1.4,At-Risk
STU4042,7.82,0.0,0.0,83.7,NaN,97.2,86.1,5.5,Daily,1.8,Keep Away,0.1,1.2,2.0,4.7,7.7,NaN,6.2,Good
STU6566,8.78,0.0,0.0,86.4,91.8,75.4,69.2,5.5,DAILY,1.3,SILENT,0.6,2.1,6.0,6.9,7.5,25.0,5.7,Good
STU1712,8.55,0.0,0.0,79.2,92.5,89.6,75.4,5.3,Daily,0.0,Silent,0.7,2.3,2.0,3.3,8.9,3.0,3.1,Good
STU0183,4.63,5.0,1.0,52.5,54.5,43.2,46.6,1.7,Monthly,4.1,Actively Use,4.6,NaN,0.0,1.1,4.3,59.0,0.9,At-Risk
STU5085,8.44,0.0,0.0,82.7,93.1,93.0,89.3,6.9,Weekly,0.2,Keep Away,NaN,2.2,6.0,7.6,9.0,16.0,NaN,Good
STU5097,7.49,2.0,1.0,68.3,85.5,55.4,68.3,2.3,Weekly,2.8,Actively Use,1.5,1.2,0.0,3.0,6.6,52.0,3.9,Average
STU5738,5.69,2.0,2.0,67.6,71.0,53.2,63.0,2.4,Monthly,3.2,Actively Use,0.9,0.6,2.0,1.8,6.8,38.0,2.5,At-Risk
STU5453,8.06,0.0,0.0,93.5,96.7,76.8,73.9,5.2,NaN,1.8,Silent,0.9,2.1,2.0,3.5,8.1,5.0,NaN,Good
STU1463,6.41,2.0,1.0,72.4,78.5,60.0,62.0,NaN,WEEKLY,2.8,Silent,0.7,0.9,2.0,3.2,8.0,38.0,1.8,Average
STU0050,7.82,0.0,0.0,82.8,90.1,89.1,76.6,5.8,Weekly,1.7,Keep Away,0.5,2.3,5.0,3.9,7.4,6.0,3.2,Good
STU7307,9.07,0.0,0.0,78.7,93.4,97.4,79.8,6.8,Weekly,-0.0,Keep Away,0.8,1.4,2.0,6.0,8.1,30.0,5.2,Good
STU7174,8.03,0.0,0.0,74.0,92.9,99.8,99.6,4.0,WEEKLY,1.7,Silent,0.2,2.6,4.0,7.3,6.8,4.0,3.9,Good
STU6674,9.04,0.0,0.0,87.3,98.4,94.4,70.1,4.5,Daily,0.8,SILENT,0.7,2.4,5.0,7.1,7.2,25.0,3.1,Good
STU5355,9.62,0.0,0.0,78.7,85.2,93.3,84.6,7.0,Daily,0.5,Silent,NaN,1.2,5.0,7.4,8.6,2.0,5.3,Good
STU4583,3.96,4.0,1.0,42.6,29.7,24.8,42.8,0.2,NaN,5.2,Silent,4.8,0.6,1.0,1.0,4.9,83.0,1.0,At-Risk
STU7384,9.57,0.0,0.0,84.3,90.4,85.4,84.4,3.6,NaN,1.3,Silent,0.2,2.9,4.0,6.5,8.7,7.0,6.8,Good
STU6642,6.59,1.0,1.0,66.7,70.5,50.7,49.1,3.9,NaN,3.7,Silent,1.5,1.3,1.0,1.3,6.9,53.0,1.7,At-Risk
STU6005,8.46,0.0,NaN,90.2,93.0,78.4,100.8,4.6, Weekly ,0.3,Silent,0.2,2.5,4.0,3.2,9.0,2.0,NaN,Good
STU0107,4.95,5.0,3.0,31.6,NaN,23.3,23.7,2.0,Monthly,3.9,silent,3.0,0.6,1.0,NaN,NaN,92.0,0.0,At-Risk
STU0444,8.2,0.0,0.0,98.6,88.9,85.9,76.8,5.1,Weekly,0.9,Keep Away,1.0,1.1,2.0,5.9,11.8,9.0,3.6,Good
STU1955,7.14,1.0,1.0,61.6,59.8,69.2,49.6,4.1,Weekly,3.5,Keep Away,1.0,1.2,2.0,3.5,6.3,31.0,3.3,Average
STU4743,8.01,0.0,0.0,100.4,97.7,67.1,75.7,7.6,Weekly,0.3,Silent,0.9,1.8,6.0,5.7,8.5,25.0,4.0,Good
STU7181,5.72,1.0,1.0,55.8,68.1,64.1,69.3,3.7,Weekly,3.5,Keep Away,1.7,0.9,2.0,1.7,6.1,37.0,1.5,Average
STU5859,NaN,0.0,0.0,78.0,90.6,86.8,92.7,5.7,Daily,0.3,NaN,1.0,NaN,5.0,6.6,8.0,15.0,5.2,Good
STU0727,9.16,0.0,0.0,87.2,100.5,94.0,86.3,6.9,Weekly,1.7,Silent,0.5,1.6,NaN,6.8,7.5,9.0,4.6,Good
STU2239,7.07,1.0,1.0,68.9,69.9,66.0,64.8,3.0,Monthly,2.7,keep away,0.5,1.3,1.0,NaN,7.3,34.0,1.2,Average
STU5953,8.0,0.0,0.0,71.7,91.1,80.1,93.6,6.7,Daily,0.2,Keep Away,0.3,1.5,3.0,NaN,8.0,7.0,5.7,Good
STU2331,4.58,3.0,2.0,39.9,NaN,20.2,36.7,0.7,Never,5.8,Actively Use,2.6,0.7,1.0,1.9,5.7,114.0,1.6,At-Risk
STU4126,6.53,2.0,2.0,66.8,67.7,66.9,57.7,3.6,Monthly,2.2,Silent,1.6,1.0,1.0,3.1,7.2,15.0,1.4,At-Risk
STU0170,3.64,2.0,2.0,48.4,26.6,38.2,37.9,1.8,Never,6.1, Actively Use ,2.4,0.1,0.0,NaN,4.6,51.0,NaN,At-Risk
STU1002,5.21,2.0,1.0,50.0,26.2,NaN,NaN,2.1,Monthly,4.1,Actively Use,1.3,0.4,1.0,1.2,6.4,NaN,1.9,At-Risk
STU3253,3.1,4.0,1.0,45.7,46.9,31.0,47.8,NaN,Monthly,4.0,silent,2.9,0.3,1.0,NaN,5.3,48.0,0.8,At-Risk
STU2149,9.57,0.0,0.0,85.1,92.1,81.9,93.6,5.0,WEEKLY,NaN,Keep Away,0.9,1.0,6.0,7.1,7.3,12.0,4.6,Good
STU0198,4.44,4.0,3.0,29.9,25.1,35.5,31.5,1.7,monthly,6.5,Actively Use,4.4,NaN,0.0,NaN,6.0,52.0,0.6,At-Risk
STU4592,8.49,0.0,0.0,NaN,96.2,100.8,82.9,7.6,Daily,1.1,Keep Away,NaN,NaN,5.0,6.8,8.8,28.0,6.3,Good
STU6123,NaN,2.0,1.0,66.3,78.1,71.7,70.1,3.4,WEEKLY,3.6,Silent,1.4,NaN,0.0,2.4,6.3,55.0,2.7,At-Risk
STU3794,5.07,4.0,4.0,44.1,20.6,35.3,47.6,0.5,Only Before Exam,3.1,Actively Use,3.1,0.0,0.0,0.8,4.1,113.0,NaN,At-Risk
STU0648,9.15,0.0,0.0,90.2,86.5,82.8,74.6,7.0,daily,1.3,Keep Away,0.7,1.5,6.0,4.6,7.7,5.0,NaN,Good
STU3036,9.95,0.0,0.0,94.5,89.6,75.1,97.4,3.9, Daily ,1.4,NaN,NaN,1.1,5.0,NaN,9.0,20.0,5.6,Good
STU4141,3.63,5.0,1.0,38.9,NaN,33.8,22.1,1.7,Only Before Exam,7.6,NaN,2.0,0.1,0.0,1.4,6.8,60.0,0.1,At-Risk
STU3734,3.14,2.0,1.0,48.6,42.8,30.5,48.6,1.8,Monthly,7.5,Actively Use,1.9,0.7,1.0,1.9,5.7,73.0,0.4,At-Risk
STU2759,6.11,1.0,1.0,65.8,67.6,53.4,53.1,2.6,Weekly,3.1,Keep Away,2.0,1.1,2.0,2.6,6.2,20.0,3.5,Average
STU0374,8.55,0.0,0.0,NaN,95.9,85.9,73.5,6.0,Weekly,1.3,Silent,0.6,1.4,4.0,6.7,7.0,22.0,4.4,Good
STU4775,9.27,0.0,0.0,NaN,90.3,93.8,96.4,5.0,Daily,0.7,Silent,1.0,2.5,2.0,7.0,7.4,13.0,4.7,Good
STU0567,4.0,2.0,1.0,39.9,40.4,25.3,47.8,0.8,never,3.7,Silent,3.1,NaN,0.0,0.2,4.8,83.0,0.9,At-Risk
STU3721,6.44,NaN,1.0,59.0,71.9,69.6,58.2,3.1,MONTHLY,3.4,Actively Use,NaN,1.1,1.0,1.9,7.6,58.0,3.1,Average
STU2896,8.41,0.0,0.0,96.5,90.0,84.3,83.2,NaN,Weekly,0.9,silent,0.3,2.8,5.0,5.3,8.2,9.0,5.6,Good
STU4557,7.14,1.0,1.0,73.1,60.4,68.2,61.5,3.4,Monthly,3.5,ACTIVELY USE,NaN,1.0,NaN,1.5,6.8,31.0,3.8,At-Risk
STU6029,5.69,1.0,1.0,55.7,63.0,52.1,55.5,2.3,Monthly,3.6,Silent,1.5,0.7,1.0,1.5,6.4,37.0,NaN,At-Risk
STU3486,4.13,3.0,1.0,37.8,22.1,49.3,44.2,2.0,Never,5.1,Actively Use,4.0,0.6,0.0,0.7,6.4,83.0,2.0,At-Risk
STU1156,6.12,1.0,NaN,61.5,NaN,70.6,61.8,3.3,monthly,3.8,Silent,0.9,1.1,0.0,2.4,7.7,30.0,1.9,Average
STU4136,NaN,0.0,0.0,95.7,96.3,73.9,78.8,6.0,Weekly,1.5,NaN,0.1,2.2,6.0,6.7,7.3,13.0,4.0,Good
STU6579,9.37,0.0,0.0,99.9,89.4,85.0,96.6,4.5,Daily,1.9,KEEP AWAY,0.4,2.3,5.0,3.2,7.3,20.0,4.9,Good
STU0974,8.27,0.0,0.0,90.2,93.7,76.5,73.1,5.0,Weekly,1.1,Silent,0.3,2.9,6.0,5.3,7.1,8.0,5.9,Good
STU3288,3.93,3.0,1.0,52.6,52.1,26.3,36.5,1.3,Monthly,3.7,Actively Use,4.7,0.5,1.0,1.3,4.7,83.0,0.5,At-Risk
STU7152,8.01,0.0,0.0,80.1,NaN,78.7,69.5,6.4,daily,1.2,Keep Away,1.0,2.5,4.0,NaN,8.3,12.0,3.0,Good
STU3628,6.01,2.0,1.0,71.5,79.5,58.1,67.1,2.1,Weekly,3.4,Silent,1.3,0.7,2.0,1.4,6.7,28.0,3.6,Average
STU3639,8.39,0.0,0.0,73.2,89.0,81.1,86.7,4.9,Daily,1.4,Silent,0.8,2.1,4.0,4.5,7.2,8.0,3.1,Good
STU5883,8.21,0.0,0.0,79.5,92.4,73.4,91.4,NaN,Weekly,1.2,Silent,0.6,2.6,3.0,5.4,7.8,18.0,6.8,Good
STU5595,8.81,0.0,0.0,77.8,NaN,96.0,95.8,7.2,WEEKLY,1.1,Keep Away,0.6,2.1,6.0,5.8,8.8,10.0,3.8,Good
STU6601,9.9,0.0,0.0,90.1,92.0,75.7,86.3,6.3,daily,1.4,keep away,0.9,2.4,6.0,NaN,7.6,3.0,4.1,Good
STU1836,9.36,0.0,0.0,83.8,86.7,93.4,79.9,4.5,Daily,1.0,Keep Away,NaN,2.6,2.0,NaN,NaN,19.0,5.4,Good
STU2309,5.33,5.0,1.0,45.7,21.2,38.9,32.2,1.9,Monthly,NaN,Actively Use,1.7,0.7,0.0,1.0,4.5,82.0,NaN,At-Risk
STU1841,5.23,3.0,1.0,48.8,42.1,29.3,28.0,1.0,MONTHLY,5.2,Actively Use,4.6,0.5,0.0,NaN,5.3,79.0,1.6,At-Risk
STU6180,6.69,1.0,1.0,74.1,74.5,66.0,66.3,3.4,Monthly,2.7,Silent,0.6,1.1,1.0,1.8,7.1,41.0,3.4,Average
STU4924,8.33,0.0,0.0,95.3,99.9,71.0,87.5,4.0,Daily,NaN,KEEP AWAY,0.3,1.7,2.0,6.4,8.6,NaN,4.6,Good
STU6032,7.96,0.0,0.0,80.5,89.7,83.5,92.2,4.7,NaN,0.9,Keep Away,0.3,2.0,6.0,NaN,8.2,18.0,3.9,Good
STU2045,7.87,0.0,NaN,99.6,91.0,93.6,84.4,6.9,Weekly,0.1,SILENT,NaN,1.9,5.0,6.2,7.3,12.0,6.1,Good
STU4406,9.56,0.0,0.0,87.7,98.1,93.2,85.3,5.3,Daily,0.5, Keep Away ,0.6,2.5,5.0,NaN,8.0,6.0,4.6,Good
STU4373,4.56,5.0,3.0,35.0,NaN,39.8,42.8,0.6,ONLY BEFORE EXAM,3.0,Actively Use,NaN,0.9,0.0,NaN,4.3,50.0,1.0,At-Risk
STU4733,8.59,NaN,0.0,81.2,84.7,85.7,95.0,7.6,Daily,1.7,keep away,NaN,2.2,3.0,5.9,7.9,22.0,3.6,Good
STU4751,6.4,2.0,2.0,57.7,73.6,51.9,68.9,2.6,NaN,2.8,Actively Use,0.5,0.7,2.0,NaN,6.1,25.0,2.9,Average
STU4719,9.13,0.0,0.0,78.3,84.1,92.9,92.5,6.3,Daily,NaN,Keep Away,0.9,2.8,5.0,5.6,9.2,6.0,4.2,Good
STU5956,5.72,1.0,1.0,70.7,83.0,51.6,54.3,3.4,Weekly,3.3,Keep Away,NaN,1.1,2.0,NaN,6.6,39.0,3.8,Average
STU0845,9.0,0.0,0.0,95.2,100.6,78.6,89.3,NaN,Weekly,0.2,Silent,0.0,1.2,2.0,6.2,8.1,1.0,5.2,Good
STU4490,8.11,0.0,0.0,85.5,80.8,78.2,98.7,6.4,Daily,0.9,Keep Away,0.7,2.1,2.0,4.4,7.4,5.0,5.4,Good
STU2156,8.64,0.0,0.0,73.5,98.2,74.6,74.6,4.7,Weekly,0.7,keep away,0.8,2.2,4.0,7.8,7.4,14.0,NaN,Good
STU0350,6.89,1.0,1.0,68.9,76.3,69.2,58.5,3.9,MONTHLY,3.4,ACTIVELY USE,0.8,0.5,0.0,1.9,NaN,23.0,2.9,At-Risk
STU6669,7.05,1.0,1.0,67.9,70.7,59.4,53.6,2.5,WEEKLY,3.6,Silent,NaN,NaN,1.0,3.0,7.4,22.0,1.7,Average
STU0785,8.0,0.0,0.0,88.3,88.7,89.0,92.5,4.3,Daily,1.0,Keep Away,0.1,2.2,3.0,NaN,8.1,16.0,5.1,Good
STU0048,8.38,0.0,0.0,90.0,90.0,80.9,97.0,5.5,Daily,1.2,Keep Away,0.8,NaN,6.0,6.1,8.7,26.0,6.8,Good
STU6075,7.2,1.0,1.0,65.3,75.8,62.6,NaN,3.2,Monthly,3.9,Silent,0.8,1.5,2.0,4.0,6.3,54.0,3.8,Average
STU6348,8.19,0.0,0.0,77.3,100.9,NaN,68.4,5.5,Weekly,0.6,Keep Away,0.2,1.3,4.0,NaN,8.7,14.0,3.2,Good
STU3652,6.19,2.0,2.0,73.1,79.4,68.2,NaN,3.3,Weekly,3.8,Keep Away,1.1,1.1,2.0,2.1,7.1,49.0,1.2,Average
STU5752,7.61,0.0,0.0,81.4,97.7,71.9,78.5,4.0,WEEKLY,1.3,KEEP AWAY,0.9,1.8,3.0,5.9,7.8,24.0,6.9,Good
STU6166,9.55,0.0,0.0,90.3,NaN,75.3,90.2,7.3,Daily,1.1,Silent,0.4,2.5,2.0,5.5,8.7,29.0,3.2,Good
STU4499,8.19,0.0,0.0,90.9,94.1,86.7,98.6,4.9,Daily,1.7,Silent,0.9,NaN,2.0,7.8,7.3,12.0,6.8,Good
STU4019,8.2,0.0,0.0,95.2,99.4,90.1,98.6,4.7,Daily,0.4,Keep Away,0.3,NaN,3.0,4.6,8.3,NaN,4.1,Good
STU5204,6.69,2.0,2.0,68.0,63.0,61.0,56.7,NaN,Monthly,2.5,Keep Away,0.6,0.7,0.0,3.6,6.6,60.0,2.3,At-Risk
STU5251,7.63,0.0,0.0,82.3,96.3,85.6,87.6,NaN,Daily,NaN,Silent,1.0,1.7,5.0,6.0,7.1,9.0,NaN,Good
STU1440,8.3,0.0,0.0,85.7,95.7,95.2,86.3,5.4,DAILY,0.8,Keep Away,0.4,2.0,6.0,6.7,7.2,19.0,3.9,Good
STU7418,8.34,0.0,0.0,74.5,97.7,78.3,98.1,6.9,DAILY,1.0, Keep Away ,0.2,1.9,3.0,7.7,8.7,3.0,5.0,Good
STU6098,6.15,1.0,1.0,59.0,85.3,56.8,63.7,2.5,Weekly,3.7,Silent,0.8,1.1,NaN,2.3,7.6,59.0,3.2,Average
STU5086,9.79,0.0,0.0,NaN,89.7,75.3,84.0,6.7, Weekly ,2.0,Keep Away,0.5,2.5,NaN,7.5,8.1,2.0,3.7,Good
STU1866,8.65,0.0,0.0,84.7,NaN,99.7,79.4,4.9,Weekly,1.5,Keep Away,0.2,2.9,4.0,3.1,7.0,16.0,5.0,Good
STU6886,9.52,0.0,0.0,81.8,92.2,85.6,77.8,4.8,Weekly,0.8, Keep Away ,0.2,1.7,4.0,3.2,8.6,24.0,NaN,Good
STU5407,8.55,0.0,0.0,84.1,95.0,76.1,84.4,7.2,Daily,1.6,Silent,0.8,NaN,5.0,4.8,8.8,3.0,3.7,Good
STU3196,3.18,5.0,4.0,52.2,42.3,27.7,28.3,NaN,Monthly,6.0,Actively Use,NaN,0.5,1.0,0.2,4.2,84.0,1.2,At-Risk
STU0034,9.65,0.0,0.0,85.6,92.5,93.2,73.3,7.6,DAILY,1.0,Silent,0.8,1.6,5.0,7.5,7.6,30.0,3.0,Good
STU0788,8.69,0.0,NaN,75.1,100.3,NaN,80.9,NaN,Daily,0.8,Keep Away,0.6,NaN,3.0,3.9,8.9,10.0,4.0,Good
STU7068,6.97,1.0,1.0,65.6,82.8,66.8,57.5,4.1,Monthly,3.1,Actively Use,0.7,0.7,1.0,NaN,6.8,33.0,1.8,At-Risk
STU5140,7.41,1.0,1.0,68.8,62.0,67.7,67.9,3.8,Monthly,2.4,Keep Away,0.9,0.9,0.0,NaN,8.1,47.0,3.9,Average
STU4578,9.62,0.0,0.0,93.5,87.0,89.7,89.5,NaN,Weekly,0.7,Keep Away,0.3,2.1,2.0,7.0,8.8,28.0,5.9,Good
STU5340,NaN,1.0,1.0,66.1,NaN,51.0,64.6,3.3,monthly,NaN,Keep Away,0.6,NaN,1.0,NaN,6.3,43.0,1.7,Average
STU2628,6.81,2.0,NaN,NaN,81.7,59.1,57.0,2.6,Monthly,2.6,Keep Away,1.3,0.7,0.0,3.9,7.8,54.0,1.1,At-Risk
STU6626,6.62,NaN,2.0,55.1,80.0,64.6,68.6,2.2,Monthly,3.1,Silent,1.7,0.6,0.0,3.4,6.6,29.0,1.8,At-Risk
STU0932,9.86,0.0,0.0,95.5,98.1,84.3,88.5,8.0,Weekly,NaN,Keep Away,0.0,2.4,3.0,NaN,8.6,5.0,5.3,Good
STU2405,3.59,4.0,1.0,47.1,43.1,31.2,30.1,0.7,Only Before Exam,4.6,Actively Use,3.8,0.7,1.0,0.9,5.2,82.0,0.7,At-Risk
STU1686,8.1,0.0,0.0,97.7,95.8,93.7,88.8,5.9,Daily,0.4,Keep Away,0.1,2.1,6.0,8.0,NaN,5.0,4.3,Good
STU1249,6.59,2.0,2.0,60.6,79.5,60.7,57.0,2.7,Monthly,4.0,Keep Away,1.1,1.3,2.0,2.4,7.6,15.0,3.3,Average
STU4856,8.45,0.0,0.0,80.9,99.9,87.5,77.1,6.9,daily,1.6,keep away,0.8,2.2,3.0,5.6,8.5,30.0,5.8,Good
STU0093,5.49,4.0,4.0,36.1,33.2,46.1,42.6,0.1,Only Before Exam,6.9,NaN,1.9,0.2,0.0,1.1,5.8,105.0,1.2,At-Risk
STU5272,5.51,1.0,1.0,73.3,75.4,67.9,54.3,NaN,Weekly,NaN,Silent,1.2,0.5,0.0,NaN,7.6,19.0,NaN,Average
STU5512,9.67,0.0,0.0,86.9,85.8,NaN,83.1,7.3,Weekly,0.7,silent,NaN,1.9,3.0,7.3,8.1,4.0,5.7,Good
STU5438,8.85,0.0,0.0,NaN,86.4,81.6,82.2,4.3,Weekly,1.3,keep away,0.0,NaN,2.0,3.2,8.7,8.0,3.3,Good
STU5569,8.77,0.0,0.0,94.7,97.7,88.8,84.0,5.5,Daily,0.8, Keep Away ,0.2,NaN,4.0,6.5,9.0,14.0,4.8,Good
STU2852,9.75,0.0,0.0,98.8,94.8,88.7,72.6,4.6, Weekly ,1.5,Silent,0.6,2.4,5.0,6.9,NaN,4.0,3.6,Good
STU2794,9.73,0.0,0.0,80.4,91.0,94.0,90.0,4.4,Weekly,1.1,NaN,NaN,2.1,5.0,6.1,8.2,13.0,6.2,Good
STU6424,7.82,0.0,0.0,88.4,92.1,77.0,87.1,5.3,Weekly,1.6,Keep Away,0.6,1.2,6.0,4.8,7.4,20.0,3.6,Good
STU5704,8.64,0.0,0.0,95.4,91.0,89.5,81.7,5.5,Daily,0.3,Keep Away,0.1,2.8,5.0,NaN,7.1,13.0,5.3,Good
STU0765,8.18,0.0,0.0,83.8,86.4,95.9,72.9,NaN,Daily,0.6, Keep Away ,0.2,1.5,5.0,7.0,8.2,16.0,3.0,Good
STU6749,9.02,0.0,0.0,86.7,93.2,94.4,79.9,5.0,Daily,1.3,Keep Away,0.9,2.0,3.0,3.8,8.9,5.0,4.9,Good
STU2989,9.98,0.0,0.0,86.6,100.3,92.8,73.6,4.4,Weekly,0.4,Keep Away,0.8,2.3,6.0,4.1,8.5,23.0,3.6,Good
STU5470,8.82,0.0,0.0,89.5,90.0,71.5,83.0,6.3,Daily,1.2,Silent,1.0,2.2,4.0,4.4,7.0,NaN,6.2,Good
STU6048,8.88,0.0,0.0,101.1,97.9,81.8,81.9,5.1,WEEKLY,1.6,KEEP AWAY,0.1,NaN,NaN,5.5,8.1,16.0,5.4,Good
STU2449,3.57,2.0,1.0,46.1,25.6,46.2,39.0,1.3,ONLY BEFORE EXAM,7.7,Silent,NaN,0.6,1.0,1.0,4.8,111.0,1.4,At-Risk
STU1729,4.13,2.0,2.0,30.1,30.1,22.8,42.2,1.0,Only Before Exam,6.7,Silent,4.8,0.6,0.0,2.0,NaN,65.0,0.4,At-Risk
STU0258,6.9,2.0,1.0,70.5,67.3,51.0,61.5,2.2,Monthly,3.0,Silent,1.9,0.9,2.0,NaN,6.3,42.0,3.0,Average
STU5041,7.57,0.0,0.0,86.4,NaN,88.7,96.3,5.1,Weekly,1.3,Silent,NaN,1.9,2.0,6.2,8.9,11.0,6.5,Good
STU7241,8.1,0.0,0.0,84.9,91.2,76.8,82.1,4.3,Weekly,2.1,NaN,0.9,2.6,6.0,5.8,8.6,3.0,6.9,Good
STU1220,9.14,0.0,0.0,79.0,NaN,93.2,75.2,7.0,daily,1.0,Silent,0.2,1.5,NaN,5.0,8.3,16.0,5.6,Good
STU1162,5.64,1.0,1.0,73.3,72.3,54.7,64.5,3.7,Monthly,2.9,Keep Away,1.8,0.7,2.0,1.8,6.2,NaN,NaN,At-Risk
STU6639,9.85,0.0,0.0,92.5,98.9,68.0,67.3,4.3,Daily,1.8,Keep Away,0.6,NaN,4.0,NaN,7.0,18.0,5.2,Good
STU0773,7.12,2.0,2.0,53.2,70.1,52.7,51.6,2.9,Monthly,NaN,Silent,1.3,NaN,1.0,2.1,7.4,56.0,NaN,At-Risk
STU6695,7.24,1.0,1.0,65.1,69.5,46.3,57.3,2.7, Monthly ,2.6,SILENT,1.2,NaN,2.0,3.8,6.6,20.0,3.8,Average
STU5583,9.59,0.0,0.0,83.4,92.4,98.4,81.3,4.4,Daily,NaN,Keep Away,0.4,1.3,4.0,4.7,8.9,19.0,NaN,Good
STU6346,9.71,0.0,0.0,95.7,98.8,79.6,77.1,7.0,Weekly,0.4,Silent,0.4,2.1,5.0,6.4,8.0,12.0,NaN,Good
STU0313,7.52,0.0,0.0,78.7,93.5,81.0,83.1,7.7,Weekly,1.9,SILENT,0.9,1.6,4.0,6.5,7.7,26.0,3.8,Good
STU4387,5.09,4.0,1.0,56.7,42.8,43.3,43.7,0.3,Monthly,7.7,actively use,NaN,NaN,1.0,NaN,5.9,47.0,0.1,At-Risk
STU4033,9.95,0.0,NaN,79.8,88.8,82.2,77.7,7.8,Weekly,0.0,Silent,0.5,2.1,4.0,5.3,8.0,30.0,7.0,Good
STU7358,5.93,2.0,2.0,55.9,82.0,52.5,54.0,2.9,Weekly,2.9,Actively Use,1.9,0.7,1.0,3.2,7.5,38.0,2.6,At-Risk
STU4860,7.97,0.0,0.0,92.7,90.7,79.3,85.9,7.6,Daily,1.3,Keep Away,0.5,2.3,4.0,6.5,8.6,19.0,4.2,Good
STU7281,5.57,2.0,1.0,69.8,79.4,62.0,54.2,2.9,Weekly,2.3,Actively Use,1.9,1.2,1.0,2.8,7.7,54.0,2.6,Average
STU2998,6.93,2.0,2.0,57.2,83.7,71.3,66.7,3.9,Weekly,2.1,Silent,2.0,0.9,1.0,NaN,6.3,27.0,2.3,At-Risk
STU4280,5.28,2.0,2.0,43.3,27.9,31.6,41.5,0.9,Never,6.0,Actively Use,NaN,0.7,NaN,1.4,4.8,109.0,1.3,At-Risk
STU1177,7.97,0.0,0.0,88.1,87.3,80.8,82.0,4.2, Weekly ,2.0,Silent,0.0,2.3,6.0,4.9,8.3,26.0,4.4,Good
STU3897,6.07,2.0,NaN,73.4,79.7,65.4,67.9,3.3,Weekly,2.6,Keep Away,1.4,1.3,1.0,1.5,6.3,31.0,1.5,At-Risk
STU1350,9.18,0.0,0.0,91.3,91.9,70.5,96.5,6.6, Daily ,2.0,Keep Away,0.5,2.4,2.0,3.3,8.4,15.0,6.1,Good
STU3776,3.81,4.0,2.0,42.3,49.1,27.3,29.3,0.6,Only Before Exam,6.2, Actively Use ,NaN,0.5,0.0,0.3,5.3,68.0,0.3,At-Risk
STU3117,3.03,5.0,2.0,35.7,55.4,33.2,33.6,NaN,Only Before Exam,3.2,silent,3.5,NaN,0.0,0.1,4.5,77.0,1.3,At-Risk
STU3517,4.52,4.0,2.0,49.7,38.9,45.3,38.1,0.2,Never,7.6,Actively Use,NaN,1.0,0.0,1.5,5.1,81.0,0.4,At-Risk
STU7175,7.64,0.0,0.0,89.6,83.6,93.3,86.2,5.7,DAILY,1.0,Keep Away,1.0,1.3,5.0,NaN,8.2,12.0,5.7,Good
STU2299,9.94,0.0,0.0,86.4,93.7,NaN,96.1,7.4,daily,0.4,Keep Away,0.9,1.6,4.0,6.5,8.5,19.0,6.0,Good
STU2872,4.39,5.0,2.0,33.0,19.0,42.7,36.3,1.2,Monthly,7.0,Actively Use,1.3,0.1,0.0,1.7,5.4,106.0,0.5,At-Risk
STU5196,9.48,0.0,0.0,83.5,97.2,95.2,71.2,7.2,NaN,1.7,Silent,0.2,2.3,6.0,7.9,8.6,16.0,6.3,Good
STU7085,7.67,0.0,NaN,97.7,93.3,92.4,80.7,7.3,Daily,0.5,keep away,0.0,1.7,4.0,7.3,8.7,8.0,6.7,Good
STU0392,6.19,1.0,NaN,61.5,67.9,66.1,59.2,3.2,Monthly,2.3,SILENT,2.0,0.7,0.0,1.2,7.3,59.0,2.8,At-Risk
STU6016,6.23,2.0,1.0,72.5,66.5,52.2,58.2,3.4,Monthly,2.5,Keep Away,0.9,0.8,0.0,1.7,7.1,43.0,1.7,Average
STU1457,6.45,1.0,1.0,64.7,68.4,48.7,55.1,3.9,Weekly,3.6,Keep Away,0.7,1.1,1.0,3.7,7.3,39.0,1.4,Average
STU1093,9.28,0.0,0.0,91.1,87.4,98.4,101.5,4.7,Weekly,0.6,Silent,0.5,1.2,2.0,5.2,NaN,16.0,5.1,Good
STU6119,7.75,0.0,0.0,76.8,98.4,70.0,88.0,5.9,Daily,1.5,Keep Away,0.1,2.4,3.0,6.1,8.8,8.0,5.1,Good
STU3240,9.63,0.0,0.0,95.1,100.3,84.6,91.5,4.5,Weekly,0.4,KEEP AWAY,0.1,2.8,3.0,3.3,7.0,6.0,6.7,Good
STU5001,9.35,0.0,NaN,98.4,93.1,79.3,78.6,7.2,Weekly,1.3,Keep Away,0.5,1.4,5.0,7.4,8.7,4.0,NaN,Good
STU2779,8.69,0.0,0.0,97.6,97.2,70.1,77.7,6.4,Daily,0.3,Silent,0.4,1.7,6.0,7.1,7.2,7.0,5.7,Good
STU6699,8.59,0.0,0.0,84.5,84.7,86.9,76.0,8.2, Weekly ,0.4,Keep Away,0.6,2.1,2.0,4.7,8.9,5.0,3.7,Good
STU4463,9.61,0.0,0.0,85.0,98.7,85.7,70.2,5.7,Daily,0.0,KEEP AWAY,NaN,1.1,3.0,NaN,8.8,6.0,4.8,Good
STU4442,8.47,0.0,0.0,96.9,100.7,81.6,72.1,4.2,Weekly,1.7,Keep Away,0.7,1.6,5.0,5.0,8.7,6.0,4.7,Good
STU3657,9.98,0.0,0.0,90.7,89.0,71.6,72.4,4.3,Daily,1.8,Keep Away,0.9,1.3,6.0,5.0,7.6,NaN,5.6,Good
STU2584,7.08,2.0,2.0,65.9,74.3,69.6,60.2,2.3,Monthly,3.3,Actively Use,1.4,NaN,1.0,1.2,7.2,NaN,1.7,At-Risk
STU3258,9.7,0.0,0.0,81.2,95.5,82.4,89.8,7.6,Daily,1.8,Keep Away,0.1,NaN,5.0,5.3,NaN,27.0,5.7,Good
STU1373,8.06,0.0,0.0,77.3,91.1,71.5,91.5,5.1,Daily,0.7,Silent,0.6,1.6,2.0,4.9,8.6,12.0,3.7,Good
STU5736,9.1,0.0,0.0,79.4,99.5,77.1,75.3,NaN, Weekly ,0.2,keep away,0.3,2.6,5.0,6.5,8.0,30.0,NaN,Good
STU0920,9.58,0.0,0.0,74.4,89.2,71.3,NaN,6.8,Weekly,1.6,Keep Away,0.9,2.2,5.0,NaN,8.8,16.0,6.1,Good
STU4308,5.3,4.0,2.0,40.5,43.2,51.8,41.4,2.0,Never,7.4,Actively Use,2.2,0.0,1.0,0.9,6.5,95.0,1.7,At-Risk
STU5700,6.31,2.0,NaN,69.1,80.8,68.5,57.2,4.0,Weekly,3.7,Silent,0.5,1.1,0.0,2.1,6.0,42.0,2.6,Average
STU2551,8.71,0.0,0.0,99.5,98.0,83.1,75.2,6.6,Weekly,1.7,Keep Away,0.7,1.9,6.0,3.6,8.9,10.0,NaN,Good
STU0538,8.99,0.0,0.0,88.2,98.9,84.4,NaN,6.0,NaN,1.5,KEEP AWAY,1.0,1.9,4.0,4.6,8.8,17.0,3.8,Good
STU1221,4.33,2.0,2.0,47.3,49.3,37.2,42.9,0.5,only before exam,7.6,Actively Use,3.5,0.8,1.0,1.1,NaN,74.0,1.1,At-Risk
STU4272,4.11,4.0,1.0,36.5,NaN,22.3,21.8,0.5,Monthly,6.7,Silent,1.5,0.6,0.0,0.5,5.8,104.0,0.9,At-Risk
